"file","status","total","supported","unsupported","percentage","unsupported_ops","error"
"benchmarks/xblock_wat/111111333222_28158987_171046b92530.wat","SUPPORTED",5472,5472,0,100.00,"",""
"benchmarks/xblock_wat/111111333222_28161161_f9cbed5f7b44.wat","SUPPORTED",7212,7212,0,100.00,"",""
"benchmarks/xblock_wat/111111333222_28161577_64f9ddca4590.wat","SUPPORTED",7465,7465,0,100.00,"",""
"benchmarks/xblock_wat/111111333222_28161708_114ae876dc78.wat","SUPPORTED",7538,7538,0,100.00,"",""
"benchmarks/xblock_wat/111111333222_28161750_1a92a380d377.wat","SUPPORTED",7536,7536,0,100.00,"",""
"benchmarks/xblock_wat/111111333222_28163006_b5b4a7234bec.wat","SUPPORTED",4295,4295,0,100.00,"",""
"benchmarks/xblock_wat/111111333222_28163638_91c134b1c7ae.wat","SUPPORTED",4062,4062,0,100.00,"",""
"benchmarks/xblock_wat/111111333222_28163826_44b46104f773.wat","SUPPORTED",5836,5836,0,100.00,"",""
"benchmarks/xblock_wat/111111333222_28164231_f350565796df.wat","SUPPORTED",3453,3453,0,100.00,"",""
"benchmarks/xblock_wat/111111333222_28164378_a197a965d711.wat","SUPPORTED",4874,4874,0,100.00,"",""
"benchmarks/xblock_wat/111111333222_28165467_b85641c2ed4a.wat","SUPPORTED",7695,7695,0,100.00,"",""
"benchmarks/xblock_wat/111111333222_28165660_73ff87205cc8.wat","SUPPORTED",7764,7764,0,100.00,"",""
"benchmarks/xblock_wat/111111333222_28173044_6602b02cc5ef.wat","SUPPORTED",8574,8574,0,100.00,"",""
"benchmarks/xblock_wat/111111333222_28190813_96bf63a94ec2.wat","SUPPORTED",8365,8365,0,100.00,"",""
"benchmarks/xblock_wat/111111333222_28191476_323cf214b310.wat","SUPPORTED",8909,8909,0,100.00,"",""
"benchmarks/xblock_wat/111111333222_28195807_cc572b1422a1.wat","SUPPORTED",9223,9223,0,100.00,"",""
"benchmarks/xblock_wat/111111333222_28278687_27831e2a7a7b.wat","SUPPORTED",9164,9164,0,100.00,"",""
"benchmarks/xblock_wat/111111333222_28278910_1c816ad19429.wat","SUPPORTED",9658,9658,0,100.00,"",""
"benchmarks/xblock_wat/111111333222_28281318_570cd1ee6b9b.wat","SUPPORTED",9490,9490,0,100.00,"",""
"benchmarks/xblock_wat/111111333222_29660105_8412c75994c5.wat","SUPPORTED",9035,9035,0,100.00,"",""
"benchmarks/xblock_wat/111111333222_29660593_2b73044023ac.wat","SUPPORTED",9047,9047,0,100.00,"",""
"benchmarks/xblock_wat/111111333222_29661103_5f618f5a4ce0.wat","SUPPORTED",9106,9106,0,100.00,"",""
"benchmarks/xblock_wat/111111333222_29973695_c2442d37f6a3.wat","SUPPORTED",12218,12218,0,100.00,"",""
"benchmarks/xblock_wat/111111333222_30828561_c25b3d02c521.wat","SUPPORTED",12322,12322,0,100.00,"",""
"benchmarks/xblock_wat/111111333222_30845975_44ebb7ec4958.wat","SUPPORTED",12024,12024,0,100.00,"",""
"benchmarks/xblock_wat/11111vs22222_29988713_84f7c8bf04f8.wat","SUPPORTED",11395,11395,0,100.00,"",""
"benchmarks/xblock_wat/11111vs22222_31550978_46ac0c1813a8.wat","SUPPORTED",11601,11601,0,100.00,"",""
"benchmarks/xblock_wat/11111vs22222_31555533_c5a6a6449345.wat","SUPPORTED",12563,12563,0,100.00,"",""
"benchmarks/xblock_wat/11111vs22222_31557415_a23ebaf762d8.wat","SUPPORTED",13169,13169,0,100.00,"",""
"benchmarks/xblock_wat/11111vs22222_31613797_37def88eadf7.wat","SUPPORTED",13130,13130,0,100.00,"",""
"benchmarks/xblock_wat/11111vs22222_31625942_d1798eb937aa.wat","SUPPORTED",13139,13139,0,100.00,"",""
"benchmarks/xblock_wat/11111vs22222_31633844_532891d2f5f8.wat","SUPPORTED",13232,13232,0,100.00,"",""
"benchmarks/xblock_wat/11111vs22222_31637074_a4d51e7e3550.wat","SUPPORTED",13255,13255,0,100.00,"",""
"benchmarks/xblock_wat/11111vs22222_31643907_8417aee4ed03.wat","SUPPORTED",13142,13142,0,100.00,"",""
"benchmarks/xblock_wat/11111vs22222_32067740_febf66974dfa.wat","SUPPORTED",13316,13316,0,100.00,"",""
"benchmarks/xblock_wat/11111vs22222_32068098_70be0a4fec6f.wat","SUPPORTED",14069,14069,0,100.00,"",""
"benchmarks/xblock_wat/11111vs22222_32068276_d2704aa55ba3.wat","SUPPORTED",14543,14543,0,100.00,"",""
"benchmarks/xblock_wat/11111vs22222_32141858_5c99988dcd67.wat","SUPPORTED",14387,14387,0,100.00,"",""
"benchmarks/xblock_wat/11111vs22222_32740232_bbba3be5906c.wat","SUPPORTED",16258,16258,0,100.00,"",""
"benchmarks/xblock_wat/11111vs33333_32007685_dd790168c469.wat","SUPPORTED",14797,14797,0,100.00,"",""
"benchmarks/xblock_wat/11111vs33333_32009547_f5d359f3f14c.wat","SUPPORTED",14841,14841,0,100.00,"",""
"benchmarks/xblock_wat/11111vs33333_32014142_6aa7bf051091.wat","SUPPORTED",14841,14841,0,100.00,"",""
"benchmarks/xblock_wat/11111vs33333_32014568_3d5e3885e154.wat","SUPPORTED",15305,15305,0,100.00,"",""
"benchmarks/xblock_wat/11111vs33333_32024793_ffc9febe15b1.wat","SUPPORTED",13142,13142,0,100.00,"",""
"benchmarks/xblock_wat/11111vs33333_32065560_2cee3c1d60a5.wat","SUPPORTED",14950,14950,0,100.00,"",""
"benchmarks/xblock_wat/11111vs33333_32066324_98620fa9cc21.wat","SUPPORTED",14952,14952,0,100.00,"",""
"benchmarks/xblock_wat/11111vs33333_32066645_bc81e9d5f00c.wat","SUPPORTED",14437,14437,0,100.00,"",""
"benchmarks/xblock_wat/11111vs33333_32066904_8772d37ba675.wat","SUPPORTED",14414,14414,0,100.00,"",""
"benchmarks/xblock_wat/11111vs33333_32066978_0492ca374fde.wat","SUPPORTED",14403,14403,0,100.00,"",""
"benchmarks/xblock_wat/11111vs33333_32067135_0e80267e8f60.wat","SUPPORTED",14426,14426,0,100.00,"",""
"benchmarks/xblock_wat/11111vs33333_32067374_5da2f6fa7f9d.wat","SUPPORTED",14545,14545,0,100.00,"",""
"benchmarks/xblock_wat/11111vs33333_32073925_853588b3dd3a.wat","SUPPORTED",13923,13923,0,100.00,"",""
"benchmarks/xblock_wat/11111vs33333_32076082_2fcf677ae546.wat","SUPPORTED",14607,14607,0,100.00,"",""
"benchmarks/xblock_wat/11111vs33333_32138081_16777bee4700.wat","SUPPORTED",14360,14360,0,100.00,"",""
"benchmarks/xblock_wat/11111vs33333_32138866_e49c77a49b0d.wat","SUPPORTED",14360,14360,0,100.00,"",""
"benchmarks/xblock_wat/11111vs33333_32737580_7cb928cf4132.wat","SUPPORTED",16263,16263,0,100.00,"",""
"benchmarks/xblock_wat/111alpha1111_37214972_8c705a571555.wat","SUPPORTED",8271,8271,0,100.00,"",""
"benchmarks/xblock_wat/111alpha1111_37216081_e262c26dcfe1.wat","SUPPORTED",8838,8838,0,100.00,"",""
"benchmarks/xblock_wat/111alpha1111_37216500_403449283938.wat","SUPPORTED",8882,8882,0,100.00,"",""
"benchmarks/xblock_wat/111alpha1111_37223403_92ca81930758.wat","SUPPORTED",10744,10744,0,100.00,"",""
"benchmarks/xblock_wat/111alpha1111_37223561_c0ec5ec07153.wat","SUPPORTED",11072,11072,0,100.00,"",""
"benchmarks/xblock_wat/111alpha1111_37224735_48acaf9bcc82.wat","SUPPORTED",10750,10750,0,100.00,"",""
"benchmarks/xblock_wat/111alpha1111_37225428_4522cbcef840.wat","SUPPORTED",11077,11077,0,100.00,"",""
"benchmarks/xblock_wat/111alpha1111_37754058_c7a032c28e4c.wat","SUPPORTED",16797,16797,0,100.00,"",""
"benchmarks/xblock_wat/111alpha1111_37762756_44e202335c5b.wat","SUPPORTED",9099,9099,0,100.00,"",""
"benchmarks/xblock_wat/111alpha1111_37764424_43fc2381d677.wat","SUPPORTED",9069,9069,0,100.00,"",""
"benchmarks/xblock_wat/111alpha1111_37765639_a6302af59095.wat","SUPPORTED",9794,9794,0,100.00,"",""
"benchmarks/xblock_wat/111alpha1111_37766556_a9db177ed935.wat","SUPPORTED",9816,9816,0,100.00,"",""
"benchmarks/xblock_wat/111alpha1111_37766772_4f5932a8404a.wat","SUPPORTED",9816,9816,0,100.00,"",""
"benchmarks/xblock_wat/111alpha1111_37767231_c48d96133349.wat","SUPPORTED",8867,8867,0,100.00,"",""
"benchmarks/xblock_wat/111alpha1111_37767566_1261e2f15a0e.wat","SUPPORTED",9817,9817,0,100.00,"",""
"benchmarks/xblock_wat/111alpha1111_37768489_8a0982bc744f.wat","SUPPORTED",9817,9817,0,100.00,"",""
"benchmarks/xblock_wat/111alpha1111_37769646_54278b9fa012.wat","SUPPORTED",9827,9827,0,100.00,"",""
"benchmarks/xblock_wat/111alpha1111_37770471_d2b505180770.wat","SUPPORTED",9854,9854,0,100.00,"",""
"benchmarks/xblock_wat/111alpha1111_37772667_0887eb62f451.wat","SUPPORTED",9854,9854,0,100.00,"",""
"benchmarks/xblock_wat/111alpha1111_37776954_e22490908bda.wat","SUPPORTED",9993,9993,0,100.00,"",""
"benchmarks/xblock_wat/111alpha1111_37778118_bdf822478094.wat","SUPPORTED",10785,10785,0,100.00,"",""
"benchmarks/xblock_wat/111alpha1111_37778492_0320cb9c5f46.wat","SUPPORTED",10787,10787,0,100.00,"",""
"benchmarks/xblock_wat/111alpha1111_37780091_5ec95270f684.wat","SUPPORTED",9954,9954,0,100.00,"",""
"benchmarks/xblock_wat/111alpha1111_37783099_5a0cef314eeb.wat","SUPPORTED",9954,9954,0,100.00,"",""
"benchmarks/xblock_wat/111alpha1111_38033978_8363ef10c6c3.wat","SUPPORTED",11838,11838,0,100.00,"",""
"benchmarks/xblock_wat/111alpha1111_38034190_3e07771a84cf.wat","SUPPORTED",12243,12243,0,100.00,"",""
"benchmarks/xblock_wat/111alpha1111_38034396_bf087dad8900.wat","SUPPORTED",12252,12252,0,100.00,"",""
"benchmarks/xblock_wat/111alpha1111_38034870_f3627ae19daa.wat","SUPPORTED",12252,12252,0,100.00,"",""
"benchmarks/xblock_wat/111alpha1111_38036069_94a008968361.wat","SUPPORTED",12316,12316,0,100.00,"",""
"benchmarks/xblock_wat/111alpha1111_38037326_be89e0d43b60.wat","SUPPORTED",12316,12316,0,100.00,"",""
"benchmarks/xblock_wat/111alpha1111_38039039_183134be7e94.wat","SUPPORTED",12321,12321,0,100.00,"",""
"benchmarks/xblock_wat/111alpha1111_38047836_18fad72756f1.wat","SUPPORTED",12321,12321,0,100.00,"",""
"benchmarks/xblock_wat/111alpha1111_38048852_0a39e171a989.wat","SUPPORTED",12637,12637,0,100.00,"",""
"benchmarks/xblock_wat/111alpha1111_38049776_94309a7238e3.wat","SUPPORTED",12632,12632,0,100.00,"",""
"benchmarks/xblock_wat/111alpha1111_38050264_86cc31110fc8.wat","SUPPORTED",12316,12316,0,100.00,"",""
"benchmarks/xblock_wat/111alpha1111_38050940_651566946de4.wat","SUPPORTED",11920,11920,0,100.00,"",""
"benchmarks/xblock_wat/111alpha1111_38051868_589e46195925.wat","SUPPORTED",12640,12640,0,100.00,"",""
"benchmarks/xblock_wat/111alpha1111_38053678_76c6e7e130af.wat","SUPPORTED",12651,12651,0,100.00,"",""
"benchmarks/xblock_wat/111alpha1111_38054647_db7dc2e044cb.wat","SUPPORTED",12656,12656,0,100.00,"",""
"benchmarks/xblock_wat/111alpha1111_38069943_b85495661c4c.wat","SUPPORTED",12656,12656,0,100.00,"",""
"benchmarks/xblock_wat/111alpha1111_38420422_04734f58d31c.wat","SUPPORTED",17364,17364,0,100.00,"",""
"benchmarks/xblock_wat/111alpha1111_38421979_0445410997e0.wat","SUPPORTED",17369,17369,0,100.00,"",""
"benchmarks/xblock_wat/111alpha1111_38424153_aa2c60943476.wat","SUPPORTED",19003,19003,0,100.00,"",""
"benchmarks/xblock_wat/111alpha1111_38518168_f22f3b61a09e.wat","SUPPORTED",19012,19012,0,100.00,"",""
"benchmarks/xblock_wat/111alpha1111_38518946_d49d8f897792.wat","SUPPORTED",18938,18938,0,100.00,"",""
"benchmarks/xblock_wat/111alpha1111_38560412_afcb6ed97462.wat","SUPPORTED",19567,19567,0,100.00,"",""
"benchmarks/xblock_wat/111alpha1111_38586568_f30f5c409347.wat","SUPPORTED",19559,19559,0,100.00,"",""
"benchmarks/xblock_wat/111alpha1111_38586691_f4a92ef75efc.wat","SUPPORTED",19559,19559,0,100.00,"",""
"benchmarks/xblock_wat/111alpha1111_38768381_221d02c89fd8.wat","SUPPORTED",19513,19513,0,100.00,"",""
"benchmarks/xblock_wat/111alpha1111_38771515_3e1dde684e12.wat","SUPPORTED",19383,19383,0,100.00,"",""
"benchmarks/xblock_wat/111alpha1111_38864589_558bd410b713.wat","SUPPORTED",19522,19522,0,100.00,"",""
"benchmarks/xblock_wat/111alpha1111_38868755_a5ce517d98bb.wat","SUPPORTED",19522,19522,0,100.00,"",""
"benchmarks/xblock_wat/111alpha1111_38870410_b37f02fab84c.wat","SUPPORTED",20591,20591,0,100.00,"",""
"benchmarks/xblock_wat/111alpha1111_38873103_7001c98d33b3.wat","SUPPORTED",20602,20602,0,100.00,"",""
"benchmarks/xblock_wat/111alpha1111_38900697_af6abb58ecc1.wat","SUPPORTED",20704,20704,0,100.00,"",""
"benchmarks/xblock_wat/111alpha1111_38934572_00a3392c1f27.wat","SUPPORTED",20714,20714,0,100.00,"",""
"benchmarks/xblock_wat/111alpha1111_38934656_c8cc08b3ef94.wat","SUPPORTED",20713,20713,0,100.00,"",""
"benchmarks/xblock_wat/111alpha1111_39031998_936f6d7c9657.wat","SUPPORTED",20742,20742,0,100.00,"",""
"benchmarks/xblock_wat/111alpha1111_39551116_3235da3388ca.wat","SUPPORTED",21068,21068,0,100.00,"",""
"benchmarks/xblock_wat/111alpha1111_39568421_f0627da807c0.wat","SUPPORTED",21608,21608,0,100.00,"",""
"benchmarks/xblock_wat/111alpha1111_39569333_f9f5da98e1af.wat","SUPPORTED",20865,20865,0,100.00,"",""
"benchmarks/xblock_wat/111alpha1111_39596987_3119bfd5348b.wat","SUPPORTED",21827,21827,0,100.00,"",""
"benchmarks/xblock_wat/111alpha1111_39597428_875515adfb94.wat","SUPPORTED",22002,22002,0,100.00,"",""
"benchmarks/xblock_wat/111alpha1111_39600758_3394d8e84821.wat","SUPPORTED",21987,21987,0,100.00,"",""
"benchmarks/xblock_wat/111alpha1111_39601474_f9f319ecd08e.wat","SUPPORTED",22004,22004,0,100.00,"",""
"benchmarks/xblock_wat/111alpha1111_39602696_8d6a7ccafd05.wat","SUPPORTED",21953,21953,0,100.00,"",""
"benchmarks/xblock_wat/111alpha1111_39602956_b626009c616b.wat","SUPPORTED",21953,21953,0,100.00,"",""
"benchmarks/xblock_wat/111alpha1111_39616840_993cea3d8563.wat","SUPPORTED",21955,21955,0,100.00,"",""
"benchmarks/xblock_wat/111alpha1111_39622496_97f6ba88392f.wat","SUPPORTED",21955,21955,0,100.00,"",""
"benchmarks/xblock_wat/111alpha1111_39900878_903c1520ee1f.wat","SUPPORTED",21904,21904,0,100.00,"",""
"benchmarks/xblock_wat/111alpha1111_39902704_f3963041f9fa.wat","SUPPORTED",21913,21913,0,100.00,"",""
"benchmarks/xblock_wat/111alpha1111_39953701_f28420bb376f.wat","SUPPORTED",21989,21989,0,100.00,"",""
"benchmarks/xblock_wat/111alpha1111_40083761_d41c7c2f4358.wat","SUPPORTED",21991,21991,0,100.00,"",""
"benchmarks/xblock_wat/111alpha1111_40087510_a045daae206e.wat","SUPPORTED",21992,21992,0,100.00,"",""
"benchmarks/xblock_wat/111alpha1111_40091101_bddf756129d9.wat","SUPPORTED",21997,21997,0,100.00,"",""
"benchmarks/xblock_wat/111alpha1111_40092306_3a41dbdc18b8.wat","SUPPORTED",21993,21993,0,100.00,"",""
"benchmarks/xblock_wat/111alpha1111_40092891_462ae90fb915.wat","SUPPORTED",21993,21993,0,100.00,"",""
"benchmarks/xblock_wat/111alpha1111_40094171_63ef04e06920.wat","SUPPORTED",21992,21992,0,100.00,"",""
"benchmarks/xblock_wat/111alpha1111_40111699_685f3644be6e.wat","SUPPORTED",22384,22384,0,100.00,"",""
"benchmarks/xblock_wat/111alpha1111_40516371_6b8bd45e20e9.wat","SUPPORTED",22308,22308,0,100.00,"",""
"benchmarks/xblock_wat/111asfafaaf2_39996982_5e8d01bf0bd4.wat","SUPPORTED",3313,3313,0,100.00,"",""
"benchmarks/xblock_wat/11team1dream_38534100_744e09921dd2.wat","SUPPORTED",5943,5943,0,100.00,"",""
"benchmarks/xblock_wat/11tnet1dream_38541162_07b71dcf64a5.wat","SUPPORTED",5733,5733,0,100.00,"",""
"benchmarks/xblock_wat/11tnet1dream_40442818_cad0a1d00067.wat","SUPPORTED",5703,5703,0,100.00,"",""
"benchmarks/xblock_wat/121231233211_19850837_418c6cb966c3.wat","SUPPORTED",6867,6867,0,100.00,"",""
"benchmarks/xblock_wat/121231233211_19853862_ece94522bd54.wat","SUPPORTED",6666,6666,0,100.00,"",""
"benchmarks/xblock_wat/121231233211_19854114_657e581c89a6.wat","SUPPORTED",6837,6837,0,100.00,"",""
"benchmarks/xblock_wat/121231233211_19854498_f227c934b977.wat","SUPPORTED",6840,6840,0,100.00,"",""
"benchmarks/xblock_wat/121231233211_19857945_a7e7c21cff50.wat","SUPPORTED",6866,6866,0,100.00,"",""
"benchmarks/xblock_wat/121231233211_19858524_2863a123232d.wat","SUPPORTED",4591,4591,0,100.00,"",""
"benchmarks/xblock_wat/1234512345ll_33762769_c921f934e786.wat","SUPPORTED",2085,2085,0,100.00,"",""
"benchmarks/xblock_wat/1234512345ll_33770130_90596e0caf39.wat","SUPPORTED",2072,2072,0,100.00,"",""
"benchmarks/xblock_wat/1234512345ll_33772772_a6b25640e828.wat","SUPPORTED",2072,2072,0,100.00,"",""
"benchmarks/xblock_wat/1234512345ll_33875165_991c93ddb136.wat","SUPPORTED",2074,2074,0,100.00,"",""
"benchmarks/xblock_wat/1234512345ll_33879821_4221919d5650.wat","SUPPORTED",2074,2074,0,100.00,"",""
"benchmarks/xblock_wat/1234512345ll_33882969_90a5e1463e5f.wat","SUPPORTED",2074,2074,0,100.00,"",""
"benchmarks/xblock_wat/1234512345ll_33885699_10bc0d7e27d9.wat","SUPPORTED",2074,2074,0,100.00,"",""
"benchmarks/xblock_wat/1234512345ll_33904003_767a164d7cd5.wat","SUPPORTED",2074,2074,0,100.00,"",""
"benchmarks/xblock_wat/1234512345ll_33905845_ffd1854769c5.wat","SUPPORTED",2074,2074,0,100.00,"",""
"benchmarks/xblock_wat/1234512345ll_33906917_a326571d4cc7.wat","SUPPORTED",2074,2074,0,100.00,"",""
"benchmarks/xblock_wat/1234512345ll_33908937_752ec3d76aeb.wat","SUPPORTED",2074,2074,0,100.00,"",""
"benchmarks/xblock_wat/1234512345ll_33916066_b5112d6c8300.wat","SUPPORTED",2074,2074,0,100.00,"",""
"benchmarks/xblock_wat/1234512345ll_33920206_7a0e639a37dd.wat","SUPPORTED",2074,2074,0,100.00,"",""
"benchmarks/xblock_wat/1234512345ll_33926703_c0b0a70e3c57.wat","SUPPORTED",2074,2074,0,100.00,"",""
"benchmarks/xblock_wat/1234512345ll_33934803_3778cd5c3122.wat","SUPPORTED",2130,2130,0,100.00,"",""
"benchmarks/xblock_wat/1234512345ll_34063643_424dede88f06.wat","SUPPORTED",2074,2074,0,100.00,"",""
"benchmarks/xblock_wat/1234512345ll_34064952_bea2cf7f30bc.wat","SUPPORTED",2074,2074,0,100.00,"",""
"benchmarks/xblock_wat/1234512345ll_34065948_4d57fb84c07c.wat","SUPPORTED",2074,2074,0,100.00,"",""
"benchmarks/xblock_wat/1234512345ll_34083747_c61c9ad01333.wat","SUPPORTED",2074,2074,0,100.00,"",""
"benchmarks/xblock_wat/1234512345ll_34116945_e3bc45237e22.wat","SUPPORTED",2074,2074,0,100.00,"",""
"benchmarks/xblock_wat/1234512345ll_34117954_c065fec338c3.wat","SUPPORTED",2074,2074,0,100.00,"",""
"benchmarks/xblock_wat/1234512345ll_34273984_56dddf257593.wat","SUPPORTED",2074,2074,0,100.00,"",""
"benchmarks/xblock_wat/1234512345ll_34275620_b9a9b27c9f50.wat","SUPPORTED",2074,2074,0,100.00,"",""
"benchmarks/xblock_wat/1234512345ll_34470734_924625018d2c.wat","SUPPORTED",2074,2074,0,100.00,"",""
"benchmarks/xblock_wat/1234512345ll_34920983_e0c42646879f.wat","SUPPORTED",2074,2074,0,100.00,"",""
"benchmarks/xblock_wat/1234512345ll_34925774_143646b70bcb.wat","SUPPORTED",2074,2074,0,100.00,"",""
"benchmarks/xblock_wat/1234512345ll_34953147_207088dca379.wat","SUPPORTED",2076,2076,0,100.00,"",""
"benchmarks/xblock_wat/1234512345ll_34954297_b840f9f0ed9c.wat","SUPPORTED",2076,2076,0,100.00,"",""
"benchmarks/xblock_wat/123451234szq_72170975_76ed6656717c.wat","SUPPORTED",49094,49094,0,100.00,"",""
"benchmarks/xblock_wat/123451234szq_72229378_e83b63b8c367.wat","SUPPORTED",52306,52306,0,100.00,"",""
"benchmarks/xblock_wat/123451234szq_72263049_507d85d7e468.wat","SUPPORTED",52728,52728,0,100.00,"",""
"benchmarks/xblock_wat/123451234szq_72263274_56205fd3beba.wat","SUPPORTED",49264,49264,0,100.00,"",""
"benchmarks/xblock_wat/123451234szq_72265398_77f321f0599c.wat","SUPPORTED",49541,49541,0,100.00,"",""
"benchmarks/xblock_wat/123451234szq_72390788_0b1c002f7ee2.wat","SUPPORTED",48533,48533,0,100.00,"",""
"benchmarks/xblock_wat/123451234szq_72391571_6120d1e88f7c.wat","SUPPORTED",48523,48523,0,100.00,"",""
"benchmarks/xblock_wat/123451234szq_72391936_de59a1d7df99.wat","SUPPORTED",49849,49849,0,100.00,"",""
"benchmarks/xblock_wat/123451234szq_72529999_3bf6f871234b.wat","SUPPORTED",49964,49964,0,100.00,"",""
"benchmarks/xblock_wat/123451234szq_72532494_d3bedc5fcc0b.wat","SUPPORTED",50449,50449,0,100.00,"",""
"benchmarks/xblock_wat/123451234szq_72557324_1bb834641f4e.wat","SUPPORTED",50617,50617,0,100.00,"",""
"benchmarks/xblock_wat/123451234szq_72566743_64a4fba901e0.wat","SUPPORTED",51047,51047,0,100.00,"",""
"benchmarks/xblock_wat/123451234szq_72583193_33a1d0a24d27.wat","SUPPORTED",51435,51435,0,100.00,"",""
"benchmarks/xblock_wat/123451234szq_72588863_1da67242d86c.wat","SUPPORTED",51468,51468,0,100.00,"",""
"benchmarks/xblock_wat/123451234szq_72597508_c25c6058b1a3.wat","SUPPORTED",51484,51484,0,100.00,"",""
"benchmarks/xblock_wat/123451234szq_72738694_4dea67fe711b.wat","SUPPORTED",49818,49818,0,100.00,"",""
"benchmarks/xblock_wat/123451234szq_72749846_c0a20fbcb6b4.wat","SUPPORTED",49998,49998,0,100.00,"",""
"benchmarks/xblock_wat/123451234szq_72776994_a4b9b5a95ff8.wat","SUPPORTED",49889,49889,0,100.00,"",""
"benchmarks/xblock_wat/123451234szq_72783989_ff8630eb6e54.wat","SUPPORTED",49848,49848,0,100.00,"",""
"benchmarks/xblock_wat/123451234szq_72862004_f96c5c8d2246.wat","SUPPORTED",50633,50633,0,100.00,"",""
"benchmarks/xblock_wat/123451234szq_72895389_d13f562ea727.wat","SUPPORTED",50636,50636,0,100.00,"",""
"benchmarks/xblock_wat/123451234szq_72952299_b909a9078ea3.wat","SUPPORTED",50636,50636,0,100.00,"",""
"benchmarks/xblock_wat/123451234szq_73417936_2ea11758cd60.wat","SUPPORTED",50690,50690,0,100.00,"",""
"benchmarks/xblock_wat/123451234szq_73459250_77ec88c5ffaa.wat","SUPPORTED",50690,50690,0,100.00,"",""
"benchmarks/xblock_wat/123451234szq_73460153_9526b6407fe8.wat","SUPPORTED",50690,50690,0,100.00,"",""
"benchmarks/xblock_wat/123451234szq_73460668_2e074604081a.wat","SUPPORTED",50690,50690,0,100.00,"",""
"benchmarks/xblock_wat/123451234szq_73461778_0906eec76c07.wat","SUPPORTED",50676,50676,0,100.00,"",""
"benchmarks/xblock_wat/123451234szq_73462278_fbffce174ef1.wat","SUPPORTED",50665,50665,0,100.00,"",""
"benchmarks/xblock_wat/123451234szq_73547123_2bacb960f4a8.wat","SUPPORTED",50688,50688,0,100.00,"",""
"benchmarks/xblock_wat/123451234szq_73552608_bff4254d9c13.wat","SUPPORTED",50686,50686,0,100.00,"",""
"benchmarks/xblock_wat/123451234szq_73624386_f04bfbcce0d6.wat","SUPPORTED",50705,50705,0,100.00,"",""
"benchmarks/xblock_wat/123451234szq_73902627_1dafb9bef73b.wat","SUPPORTED",47552,47552,0,100.00,"",""
"benchmarks/xblock_wat/123451234szq_74134175_dac30f6b58e6.wat","SUPPORTED",50747,50747,0,100.00,"",""
"benchmarks/xblock_wat/123451234szq_74198407_c7cd9570390a.wat","SUPPORTED",49789,49789,0,100.00,"",""
"benchmarks/xblock_wat/12345qqqqqaa_75486893_0f6e448d156f.wat","SUPPORTED",47806,47806,0,100.00,"",""
"benchmarks/xblock_wat/12345qqqqqaa_75523863_cdc16e0bb328.wat","SUPPORTED",47855,47855,0,100.00,"",""
"benchmarks/xblock_wat/12345qqqqqaa_75540290_f7873988d43f.wat","SUPPORTED",47907,47907,0,100.00,"",""
"benchmarks/xblock_wat/12345qqqqqaa_75542006_107db2c2e733.wat","SUPPORTED",47914,47914,0,100.00,"",""
"benchmarks/xblock_wat/12345qqqqqaa_75542281_1e5e5033538f.wat","SUPPORTED",47927,47927,0,100.00,"",""
"benchmarks/xblock_wat/12345qqqqqaa_75643648_8c994c510e3c.wat","SUPPORTED",47922,47922,0,100.00,"",""
"benchmarks/xblock_wat/12345qqqqqaa_75664374_2564a59f6b83.wat","SUPPORTED",47844,47844,0,100.00,"",""
"benchmarks/xblock_wat/12fq4zzfkc2w_32052104_c0b7722979bb.wat","SUPPORTED",8964,8964,0,100.00,"",""
"benchmarks/xblock_wat/1candycandy1_71589483_fc0bfba44fcc.wat","SUPPORTED",17422,17422,0,100.00,"",""
"benchmarks/xblock_wat/1get111ooooo_28457306_6b3014fd976c.wat","SUPPORTED",9470,9470,0,100.00,"",""
"benchmarks/xblock_wat/1get11oooooo_27084333_6d942088112a.wat","SUPPORTED",8534,8534,0,100.00,"",""
"benchmarks/xblock_wat/1get11oooooo_28456994_16471ea81dd1.wat","SUPPORTED",9470,9470,0,100.00,"",""
"benchmarks/xblock_wat/1get1ooooooo_27083974_69ff7edfc003.wat","SUPPORTED",8534,8534,0,100.00,"",""
"benchmarks/xblock_wat/1get1ooooooo_28456577_be711cbb278e.wat","SUPPORTED",9470,9470,0,100.00,"",""
"benchmarks/xblock_wat/1get21oooooo_27084096_25066e1305fa.wat","SUPPORTED",8534,8534,0,100.00,"",""
"benchmarks/xblock_wat/1get21oooooo_28456672_4f302f01f490.wat","SUPPORTED",9470,9470,0,100.00,"",""
"benchmarks/xblock_wat/1get2ooooooo_27079908_5b3fcf9c9f76.wat","SUPPORTED",8647,8647,0,100.00,"",""
"benchmarks/xblock_wat/1get2ooooooo_27179754_0280ab84a83e.wat","SUPPORTED",8650,8650,0,100.00,"",""
"benchmarks/xblock_wat/1get2ooooooo_27180195_dd07aa32c455.wat","SUPPORTED",8789,8789,0,100.00,"",""
"benchmarks/xblock_wat/1get2ooooooo_27181098_6b1df7c34a25.wat","SUPPORTED",8804,8804,0,100.00,"",""
"benchmarks/xblock_wat/1get2ooooooo_27218182_62005f5c929f.wat","SUPPORTED",9160,9160,0,100.00,"",""
"benchmarks/xblock_wat/1get2ooooooo_27219146_4771d304d4e3.wat","SUPPORTED",8624,8624,0,100.00,"",""
"benchmarks/xblock_wat/1get2ooooooo_27219593_c841d5730037.wat","SUPPORTED",8623,8623,0,100.00,"",""
"benchmarks/xblock_wat/1get2ooooooo_27220023_9237e8c927e4.wat","SUPPORTED",8804,8804,0,100.00,"",""
"benchmarks/xblock_wat/1get2ooooooo_27221187_755c58c255f3.wat","SUPPORTED",8804,8804,0,100.00,"",""
"benchmarks/xblock_wat/1get2ooooooo_27221496_210d1665eccf.wat","SUPPORTED",8804,8804,0,100.00,"",""
"benchmarks/xblock_wat/1get2ooooooo_27221730_532f6305d68e.wat","SUPPORTED",8804,8804,0,100.00,"",""
"benchmarks/xblock_wat/1get2ooooooo_27222613_d634304bf838.wat","SUPPORTED",9708,9708,0,100.00,"",""
"benchmarks/xblock_wat/1get2ooooooo_27222904_34859412b1ae.wat","SUPPORTED",9708,9708,0,100.00,"",""
"benchmarks/xblock_wat/1get2ooooooo_27223352_d0f58d299a5b.wat","SUPPORTED",9629,9629,0,100.00,"",""
"benchmarks/xblock_wat/1get2ooooooo_27223635_0c5d5516ea16.wat","SUPPORTED",9629,9629,0,100.00,"",""
"benchmarks/xblock_wat/1get51oooooo_27084202_2df258604f4b.wat","SUPPORTED",8534,8534,0,100.00,"",""
"benchmarks/xblock_wat/1get51oooooo_28456774_12f3ad9af397.wat","SUPPORTED",9470,9470,0,100.00,"",""
"benchmarks/xblock_wat/1get5ooooooo_27081685_ee6a48b9c2e5.wat","SUPPORTED",8534,8534,0,100.00,"",""
"benchmarks/xblock_wat/1get5ooooooo_28456423_e050f5581547.wat","SUPPORTED",9470,9470,0,100.00,"",""
"benchmarks/xblock_wat/1hello1world_17932703_3cdb2d5114e4.wat","SUPPORTED",1895,1895,0,100.00,"",""
"benchmarks/xblock_wat/1hello1world_17935105_14e6bf4cdca2.wat","SUPPORTED",1867,1867,0,100.00,"",""
"benchmarks/xblock_wat/1hello1world_17935426_47ac8fa7e3e0.wat","SUPPORTED",1869,1869,0,100.00,"",""
"benchmarks/xblock_wat/1kgj1love24n_23435496_6c3b238b3abc.wat","SUPPORTED",3444,3444,0,100.00,"",""
"benchmarks/xblock_wat/1kgj1love24n_23436743_996ab5e0f3e1.wat","SUPPORTED",4464,4464,0,100.00,"",""
"benchmarks/xblock_wat/1kgj1love24n_23441614_5f6a40c8943d.wat","SUPPORTED",7944,7944,0,100.00,"",""
"benchmarks/xblock_wat/1kgj1love24n_23442520_09f18024f2fe.wat","SUPPORTED",7944,7944,0,100.00,"",""
"benchmarks/xblock_wat/1kgj1love24n_23443130_8d2b0db1ab63.wat","SUPPORTED",7711,7711,0,100.00,"",""
"benchmarks/xblock_wat/1kgj1love24n_23443948_3595829732a6.wat","SUPPORTED",7707,7707,0,100.00,"",""
"benchmarks/xblock_wat/1kgj1love24n_23445439_75ad6d976cd1.wat","SUPPORTED",5250,5250,0,100.00,"",""
"benchmarks/xblock_wat/1kgj1love24n_23445841_354c38dfc775.wat","SUPPORTED",7676,7676,0,100.00,"",""
"benchmarks/xblock_wat/1kgj1love24n_23446321_01e8e1694fba.wat","SUPPORTED",7676,7676,0,100.00,"",""
"benchmarks/xblock_wat/1kgj1love24n_23921337_4e049b1050e9.wat","SUPPORTED",6514,6514,0,100.00,"",""
"benchmarks/xblock_wat/1kgj1love24n_23938472_ecb4f6f0ec7e.wat","SUPPORTED",8138,8138,0,100.00,"",""
"benchmarks/xblock_wat/1kgj1love24n_23939170_df81cd6d4aae.wat","SUPPORTED",8105,8105,0,100.00,"",""
"benchmarks/xblock_wat/1kgj1love24n_23943592_253e71eba551.wat","SUPPORTED",8459,8459,0,100.00,"",""
"benchmarks/xblock_wat/1kgj1love24n_23949917_b2ca22f2ea18.wat","SUPPORTED",8691,8691,0,100.00,"",""
"benchmarks/xblock_wat/1kgj1love24n_23950196_9c80275bc022.wat","SUPPORTED",8699,8699,0,100.00,"",""
"benchmarks/xblock_wat/1kgj1love24n_23956062_f7d57ec88cb1.wat","SUPPORTED",9248,9248,0,100.00,"",""
"benchmarks/xblock_wat/1kgj1love24n_23987548_b377703ba998.wat","SUPPORTED",9934,9934,0,100.00,"",""
"benchmarks/xblock_wat/1kgj1love24n_23997300_ee830d3022d1.wat","SUPPORTED",9914,9914,0,100.00,"",""
"benchmarks/xblock_wat/1kgj1love24n_24064647_7173860e854f.wat","SUPPORTED",11181,11181,0,100.00,"",""
"benchmarks/xblock_wat/1kgj1love24n_24065521_18d248737d5e.wat","SUPPORTED",10874,10874,0,100.00,"",""
"benchmarks/xblock_wat/1kgj1love24n_24203500_934558be5fc5.wat","SUPPORTED",11399,11399,0,100.00,"",""
"benchmarks/xblock_wat/1kgj1love24n_24241106_a7688b3fd1d2.wat","SUPPORTED",11319,11319,0,100.00,"",""
"benchmarks/xblock_wat/1kgj1love24n_24443432_d9b297b16c2b.wat","SUPPORTED",12213,12213,0,100.00,"",""
"benchmarks/xblock_wat/1kgj1love24n_24804385_5c22e699390a.wat","SUPPORTED",14351,14351,0,100.00,"",""
"benchmarks/xblock_wat/1kgj1love24n_24806237_fb07756dd0b5.wat","SUPPORTED",14353,14353,0,100.00,"",""
"benchmarks/xblock_wat/1kgj1love24n_24809263_f85140c842ae.wat","SUPPORTED",14946,14946,0,100.00,"",""
"benchmarks/xblock_wat/1kgj1love24n_24844670_68a758c49bdb.wat","SUPPORTED",15906,15906,0,100.00,"",""
"benchmarks/xblock_wat/1kgj1love24n_24944563_6a24139918b1.wat","SUPPORTED",15933,15933,0,100.00,"",""
"benchmarks/xblock_wat/1kgj1love24n_24944751_849555fbbde4.wat","SUPPORTED",15930,15930,0,100.00,"",""
"benchmarks/xblock_wat/1kgj1love24n_24945692_9fc434a3069d.wat","SUPPORTED",15765,15765,0,100.00,"",""
"benchmarks/xblock_wat/1kgj1love24n_24945810_bfcdb35290a6.wat","SUPPORTED",15762,15762,0,100.00,"",""
"benchmarks/xblock_wat/1kgj1love24n_24976623_e852517a3d37.wat","SUPPORTED",16320,16320,0,100.00,"",""
"benchmarks/xblock_wat/1kgj1love24n_24989335_feaf48f30e8f.wat","SUPPORTED",16734,16734,0,100.00,"",""
"benchmarks/xblock_wat/1kgj1love24n_24990306_417c9f069b15.wat","SUPPORTED",17398,17398,0,100.00,"",""
"benchmarks/xblock_wat/1kgj1love24n_24991602_0fe8de8ceba6.wat","SUPPORTED",17389,17389,0,100.00,"",""
"benchmarks/xblock_wat/1kgj1love24n_24992124_90dcf95a5933.wat","SUPPORTED",17389,17389,0,100.00,"",""
"benchmarks/xblock_wat/1kgj1love24n_24994432_77908fa81e8f.wat","SUPPORTED",16809,16809,0,100.00,"",""
"benchmarks/xblock_wat/1kgj1love24n_24995339_0b176790325e.wat","SUPPORTED",17496,17496,0,100.00,"",""
"benchmarks/xblock_wat/1kgj1love24n_24996447_f7a0123c1cda.wat","SUPPORTED",17554,17554,0,100.00,"",""
"benchmarks/xblock_wat/1kgj1love24n_24997326_b1ccab3ed647.wat","SUPPORTED",17578,17578,0,100.00,"",""
"benchmarks/xblock_wat/1kgj1love24n_24997971_95324d2f9384.wat","SUPPORTED",17584,17584,0,100.00,"",""
"benchmarks/xblock_wat/1kgj1love24n_25038829_5f3790c2a528.wat","SUPPORTED",17584,17584,0,100.00,"",""
"benchmarks/xblock_wat/1kgj1love24n_25042405_5a66e6e4d1c1.wat","SUPPORTED",17570,17570,0,100.00,"",""
"benchmarks/xblock_wat/1kgj1love24n_25043526_114e55605246.wat","SUPPORTED",17573,17573,0,100.00,"",""
"benchmarks/xblock_wat/1kgj1love24n_25044193_99a44ccb4f76.wat","SUPPORTED",17571,17571,0,100.00,"",""
"benchmarks/xblock_wat/1kgj1love24n_25047862_858728733cef.wat","SUPPORTED",17565,17565,0,100.00,"",""
"benchmarks/xblock_wat/1kgj1love24n_25139565_43a6522bcee1.wat","SUPPORTED",17711,17711,0,100.00,"",""
"benchmarks/xblock_wat/1kgj1love24n_25141650_f4859c8d6fbc.wat","SUPPORTED",17710,17710,0,100.00,"",""
"benchmarks/xblock_wat/1kgj1love24n_25143664_e82496877fee.wat","SUPPORTED",17710,17710,0,100.00,"",""
"benchmarks/xblock_wat/1kgj1love24n_25207335_62ed59436791.wat","SUPPORTED",18135,18135,0,100.00,"",""
"benchmarks/xblock_wat/1kgj1love24n_25276765_5ce45331bde3.wat","SUPPORTED",19060,19060,0,100.00,"",""
"benchmarks/xblock_wat/1kgj1love24n_25278741_b4538d6d5db0.wat","SUPPORTED",18341,18341,0,100.00,"",""
"benchmarks/xblock_wat/1kgj1love24n_25278818_0a3e57aafabb.wat","SUPPORTED",19022,19022,0,100.00,"",""
"benchmarks/xblock_wat/1kgj1love24n_25279382_2302cb481300.wat","SUPPORTED",18970,18970,0,100.00,"",""
"benchmarks/xblock_wat/1kgj1love24n_25279569_3a9f66e45219.wat","SUPPORTED",18855,18855,0,100.00,"",""
"benchmarks/xblock_wat/1kgj1love24n_25283217_9e66ba23ee3b.wat","SUPPORTED",19305,19305,0,100.00,"",""
"benchmarks/xblock_wat/1kgj1love24n_25283936_29acbcba7b6e.wat","SUPPORTED",19305,19305,0,100.00,"",""
"benchmarks/xblock_wat/1kgj1love24n_25973888_93a117b2db5e.wat","SUPPORTED",20376,20376,0,100.00,"",""
"benchmarks/xblock_wat/1kgj1love24n_25979176_1a5616e87004.wat","SUPPORTED",19995,19995,0,100.00,"",""
"benchmarks/xblock_wat/1kgj1love24n_26018448_2e8236e71053.wat","SUPPORTED",30103,30103,0,100.00,"",""
"benchmarks/xblock_wat/1kgj1love24n_26019499_99fde2b9ac9e.wat","SUPPORTED",31618,31618,0,100.00,"",""
"benchmarks/xblock_wat/1kgj1love24n_26019661_7e3fc8526779.wat","SUPPORTED",31615,31615,0,100.00,"",""
"benchmarks/xblock_wat/1kgj1love24n_26176984_cfdca3919a30.wat","SUPPORTED",31705,31705,0,100.00,"",""
"benchmarks/xblock_wat/1kgj1love24n_26178847_cde32c924f4b.wat","SUPPORTED",32505,32505,0,100.00,"",""
"benchmarks/xblock_wat/1kgj1love24n_26184713_350f49932928.wat","SUPPORTED",32577,32577,0,100.00,"",""
"benchmarks/xblock_wat/1kgj1love24n_26185074_cd5961e71e58.wat","SUPPORTED",32577,32577,0,100.00,"",""
"benchmarks/xblock_wat/1kgj1love24n_26869358_ede6055bd0fb.wat","SUPPORTED",22040,22040,0,100.00,"",""
"benchmarks/xblock_wat/1kgj1love24n_27535333_f260303fe3d3.wat","SUPPORTED",23678,23678,0,100.00,"",""
"benchmarks/xblock_wat/1kgj1love24n_27537215_3691b3777e72.wat","SUPPORTED",23687,23687,0,100.00,"",""
"benchmarks/xblock_wat/1kgj1love24n_27537281_50be9f5b624e.wat","SUPPORTED",23687,23687,0,100.00,"",""
"benchmarks/xblock_wat/1kgj1love24n_27537349_a8e52e7716d4.wat","SUPPORTED",23687,23687,0,100.00,"",""
"benchmarks/xblock_wat/1kgj1love24n_27608517_43a44030583c.wat","SUPPORTED",25481,25481,0,100.00,"",""
"benchmarks/xblock_wat/1kgj1love24n_27608880_760a882a640c.wat","SUPPORTED",25567,25567,0,100.00,"",""
"benchmarks/xblock_wat/1kgj1love24n_28655752_e9c9df25f0ad.wat","SUPPORTED",26119,26119,0,100.00,"",""
"benchmarks/xblock_wat/1kgj1love24n_28656263_580fed542540.wat","SUPPORTED",26194,26194,0,100.00,"",""
"benchmarks/xblock_wat/1kgj1love24n_28656467_454b46b61bc0.wat","SUPPORTED",26194,26194,0,100.00,"",""
"benchmarks/xblock_wat/1kgj1love24n_28660007_36d9ab77be9e.wat","SUPPORTED",26118,26118,0,100.00,"",""
"benchmarks/xblock_wat/1kgj1love24n_28720453_24d7a7da92ab.wat","SUPPORTED",26564,26564,0,100.00,"",""
"benchmarks/xblock_wat/1kgj1love24n_28721596_fceeb0ba3bab.wat","SUPPORTED",28719,28719,0,100.00,"",""
"benchmarks/xblock_wat/1kgj1love24n_29263671_396b9f3f70f3.wat","SUPPORTED",31231,31231,0,100.00,"",""
"benchmarks/xblock_wat/1kgj1love24n_29263893_9131497819c0.wat","SUPPORTED",30675,30675,0,100.00,"",""
"benchmarks/xblock_wat/1kgj1love24n_29264271_bb71a71572fd.wat","SUPPORTED",30707,30707,0,100.00,"",""
"benchmarks/xblock_wat/1kgj1love24n_29266262_2bab01beb18a.wat","SUPPORTED",30576,30576,0,100.00,"",""
"benchmarks/xblock_wat/1kgj1love24n_29273310_6e016e74a235.wat","SUPPORTED",31344,31344,0,100.00,"",""
"benchmarks/xblock_wat/1kgj1love24n_29275827_b958f5f5e276.wat","SUPPORTED",31348,31348,0,100.00,"",""
"benchmarks/xblock_wat/1kgj1love24n_29279719_8b4b7f73ae26.wat","SUPPORTED",31378,31378,0,100.00,"",""
"benchmarks/xblock_wat/1kgj1love24n_29859747_4f3e2f68bc09.wat","SUPPORTED",31353,31353,0,100.00,"",""
"benchmarks/xblock_wat/1kgj1love24n_29860597_f974fa4aa163.wat","SUPPORTED",31353,31353,0,100.00,"",""
"benchmarks/xblock_wat/1kgj1love24n_29861633_04a84a4a4982.wat","SUPPORTED",31356,31356,0,100.00,"",""
"benchmarks/xblock_wat/1kgj1love24n_29862140_dd304e720634.wat","SUPPORTED",31356,31356,0,100.00,"",""
"benchmarks/xblock_wat/1kgj1love24n_29862436_8532b0c801f0.wat","SUPPORTED",31356,31356,0,100.00,"",""
"benchmarks/xblock_wat/1kgj1love24n_29862673_3d7d9c9f3b8c.wat","SUPPORTED",31356,31356,0,100.00,"",""
"benchmarks/xblock_wat/1kgj1love24n_29864594_0d4375ea5837.wat","SUPPORTED",31366,31366,0,100.00,"",""
"benchmarks/xblock_wat/1kgj1love24n_29866337_ee508a16478b.wat","SUPPORTED",31369,31369,0,100.00,"",""
"benchmarks/xblock_wat/1kgj1love24n_30130379_555f728ab7d5.wat","SUPPORTED",29592,29592,0,100.00,"",""
"benchmarks/xblock_wat/1kgj1love24n_30339738_3885129ae9d6.wat","SUPPORTED",32139,32139,0,100.00,"",""
"benchmarks/xblock_wat/1kgj1love24n_30533342_a299df1e28c1.wat","SUPPORTED",31175,31175,0,100.00,"",""
"benchmarks/xblock_wat/1kgj1love24n_30636498_70f04485dcab.wat","SUPPORTED",32200,32200,0,100.00,"",""
"benchmarks/xblock_wat/1kgj1love24n_30636674_7cb2b78aa13a.wat","SUPPORTED",32200,32200,0,100.00,"",""
"benchmarks/xblock_wat/1kgj1love24n_30639864_811ce3a7e343.wat","SUPPORTED",34386,34386,0,100.00,"",""
"benchmarks/xblock_wat/1kgj1love24n_30643313_96325675600c.wat","SUPPORTED",35385,35385,0,100.00,"",""
"benchmarks/xblock_wat/1kgj1love24n_30645999_a9116af28cec.wat","SUPPORTED",36126,36126,0,100.00,"",""
"benchmarks/xblock_wat/1kgj1love24n_30646895_784d0327ff1a.wat","SUPPORTED",36107,36107,0,100.00,"",""
"benchmarks/xblock_wat/1kgj1love24n_30647255_f60af9bb8163.wat","SUPPORTED",36111,36111,0,100.00,"",""
"benchmarks/xblock_wat/1kgj1love24n_30647474_08a54adc64f9.wat","SUPPORTED",36313,36313,0,100.00,"",""
"benchmarks/xblock_wat/1kgj1love24n_30657861_cc5c2c03f0f9.wat","SUPPORTED",34556,34556,0,100.00,"",""
"benchmarks/xblock_wat/1kgj1love24n_30658433_2dfd8f490b03.wat","SUPPORTED",34556,34556,0,100.00,"",""
"benchmarks/xblock_wat/1kgj1love24n_30661709_705484f037eb.wat","SUPPORTED",34849,34849,0,100.00,"",""
"benchmarks/xblock_wat/1kgj1love24n_30663003_d7639bbcf319.wat","SUPPORTED",34846,34846,0,100.00,"",""
"benchmarks/xblock_wat/1kgj1love24n_30663826_b7bc16087f2a.wat","SUPPORTED",35180,35180,0,100.00,"",""
"benchmarks/xblock_wat/1kgj1love24n_30669392_97d857f46f25.wat","SUPPORTED",35773,35773,0,100.00,"",""
"benchmarks/xblock_wat/1kgj1love24n_30802892_80059ccef94a.wat","SUPPORTED",34571,34571,0,100.00,"",""
"benchmarks/xblock_wat/1kgj1love24n_30806660_cf723ef4b3e3.wat","SUPPORTED",35764,35764,0,100.00,"",""
"benchmarks/xblock_wat/1kgj1love24n_30807263_125a8aee98b5.wat","SUPPORTED",35752,35752,0,100.00,"",""
"benchmarks/xblock_wat/1kgj1love24n_30809594_ea8354dc6b5e.wat","SUPPORTED",35774,35774,0,100.00,"",""
"benchmarks/xblock_wat/1kgj1love24n_30816435_5fce8c1984a8.wat","SUPPORTED",34199,34199,0,100.00,"",""
"benchmarks/xblock_wat/1kgj1love24n_30816818_00c8011c5226.wat","SUPPORTED",34246,34246,0,100.00,"",""
"benchmarks/xblock_wat/1kgj1love24n_31206342_aa44c72184a0.wat","SUPPORTED",34330,34330,0,100.00,"",""
"benchmarks/xblock_wat/1kgj1love24n_32299819_40fa29650cef.wat","SUPPORTED",34655,34655,0,100.00,"",""
"benchmarks/xblock_wat/1kgj1love24n_32300099_4a0878c2511e.wat","SUPPORTED",34655,34655,0,100.00,"",""
"benchmarks/xblock_wat/1kgj1love24n_32300614_8019be6e705a.wat","SUPPORTED",34655,34655,0,100.00,"",""
"benchmarks/xblock_wat/1kgj1love24n_32301974_6bc80646c670.wat","SUPPORTED",34662,34662,0,100.00,"",""
"benchmarks/xblock_wat/1kgj1love24n_32302212_ea7574fab6ee.wat","SUPPORTED",34662,34662,0,100.00,"",""
"benchmarks/xblock_wat/1kgj1love24n_32302442_dd87277d62d5.wat","SUPPORTED",34662,34662,0,100.00,"",""
"benchmarks/xblock_wat/1kgj1love24n_32608374_5ab94fc856af.wat","SUPPORTED",36012,36012,0,100.00,"",""
"benchmarks/xblock_wat/1kgj1love24n_32608874_594dad363bd8.wat","SUPPORTED",36325,36325,0,100.00,"",""
"benchmarks/xblock_wat/1kgj1love24n_32609121_e09fd4e08dc6.wat","SUPPORTED",36325,36325,0,100.00,"",""
"benchmarks/xblock_wat/1kgj1love24n_32626770_74257c6ac20f.wat","SUPPORTED",37855,37855,0,100.00,"",""
"benchmarks/xblock_wat/1kgj1love24n_32627322_eca894a4c6cd.wat","SUPPORTED",38522,38522,0,100.00,"",""
"benchmarks/xblock_wat/1kgj1love24n_32628227_967262dace08.wat","SUPPORTED",39054,39054,0,100.00,"",""
"benchmarks/xblock_wat/1kgj1love24n_32660588_d16404111806.wat","SUPPORTED",39042,39042,0,100.00,"",""
"benchmarks/xblock_wat/1kgj1love24n_32661190_d6f861b1397f.wat","SUPPORTED",39054,39054,0,100.00,"",""
"benchmarks/xblock_wat/1kgj1love24n_32891351_cb8d31562fd1.wat","SUPPORTED",39373,39373,0,100.00,"",""
"benchmarks/xblock_wat/1kgj1love24n_32891586_697e3504fb5d.wat","SUPPORTED",39401,39401,0,100.00,"",""
"benchmarks/xblock_wat/1kgj1love24n_32958459_ab61733ae82a.wat","SUPPORTED",39413,39413,0,100.00,"",""
"benchmarks/xblock_wat/1kgj1love24n_32959251_26f4bfeb6cf1.wat","SUPPORTED",39413,39413,0,100.00,"",""
"benchmarks/xblock_wat/1kgj1love24n_32963417_108f498929ba.wat","SUPPORTED",39408,39408,0,100.00,"",""
"benchmarks/xblock_wat/1kgj1love24n_32963732_37de15d1959c.wat","SUPPORTED",39408,39408,0,100.00,"",""
"benchmarks/xblock_wat/1kgj1love24n_32971876_3f20cfd30967.wat","SUPPORTED",39805,39805,0,100.00,"",""
"benchmarks/xblock_wat/1kgj1love24n_32972351_84983a54089d.wat","SUPPORTED",40434,40434,0,100.00,"",""
"benchmarks/xblock_wat/1kgj1love24n_32972622_65d7262dc50c.wat","SUPPORTED",40562,40562,0,100.00,"",""
"benchmarks/xblock_wat/1kgj1love24n_32975109_a4795e91cfb9.wat","SUPPORTED",41136,41136,0,100.00,"",""
"benchmarks/xblock_wat/1kgj1love24n_32975600_30dac4a87cc7.wat","SUPPORTED",41132,41132,0,100.00,"",""
"benchmarks/xblock_wat/1kgj1love24n_32979301_5cf52c3031b2.wat","SUPPORTED",41781,41781,0,100.00,"",""
"benchmarks/xblock_wat/1kgj1love24n_32979503_86e543360dc8.wat","SUPPORTED",41204,41204,0,100.00,"",""
"benchmarks/xblock_wat/1kgj1love24n_33084523_e07455c1eab2.wat","SUPPORTED",41119,41119,0,100.00,"",""
"benchmarks/xblock_wat/1kgj1love24n_33657749_80035c1e47a9.wat","SUPPORTED",42109,42109,0,100.00,"",""
"benchmarks/xblock_wat/1kgj1love24n_33828964_79d5fbc5be2a.wat","SUPPORTED",42938,42938,0,100.00,"",""
"benchmarks/xblock_wat/1kgj1love24n_33829128_aa6c5cdbd4ba.wat","SUPPORTED",42530,42530,0,100.00,"",""
"benchmarks/xblock_wat/1kgj1love24n_33829250_e91888bcc558.wat","SUPPORTED",42555,42555,0,100.00,"",""
"benchmarks/xblock_wat/1kgj1love24n_33829366_ed1283ac0a6a.wat","SUPPORTED",42559,42559,0,100.00,"",""
"benchmarks/xblock_wat/1kgj1love24n_33829698_0e909cb8922d.wat","SUPPORTED",42555,42555,0,100.00,"",""
"benchmarks/xblock_wat/1kgj1love24n_33829771_cce928464527.wat","SUPPORTED",42938,42938,0,100.00,"",""
"benchmarks/xblock_wat/1kgj1love24n_33830380_8b5c92b1f594.wat","SUPPORTED",44950,44950,0,100.00,"",""
"benchmarks/xblock_wat/1kgj1love24n_33832890_5f3d3ec70522.wat","SUPPORTED",45355,45355,0,100.00,"",""
"benchmarks/xblock_wat/1kgj1love24n_34084076_577342a81f71.wat","SUPPORTED",42568,42568,0,100.00,"",""
"benchmarks/xblock_wat/1kgj1love24n_34085285_3bbf9c5600c1.wat","SUPPORTED",42616,42616,0,100.00,"",""
"benchmarks/xblock_wat/1kgj1love24n_34086083_935816e30964.wat","SUPPORTED",42568,42568,0,100.00,"",""
"benchmarks/xblock_wat/1kgj1love24n_34109091_4bb7f4a65014.wat","SUPPORTED",42653,42653,0,100.00,"",""
"benchmarks/xblock_wat/1kgj1love24n_34303080_e3e0b912b69d.wat","SUPPORTED",42580,42580,0,100.00,"",""
"benchmarks/xblock_wat/1kgj1love24n_34713152_3450baa240b7.wat","SUPPORTED",43968,43968,0,100.00,"",""
"benchmarks/xblock_wat/1kgj1love24n_36402098_8005d71b7a32.wat","SUPPORTED",43346,43346,0,100.00,"",""
"benchmarks/xblock_wat/1kgj1love24n_36467855_50faece58f70.wat","SUPPORTED",44241,44241,0,100.00,"",""
"benchmarks/xblock_wat/1kgj1love24n_36468246_8119783c3854.wat","SUPPORTED",44237,44237,0,100.00,"",""
"benchmarks/xblock_wat/1kgj1love24n_36508108_b102773bd79f.wat","SUPPORTED",44229,44229,0,100.00,"",""
"benchmarks/xblock_wat/1kgj1love24n_36510888_797c82dcdfc8.wat","SUPPORTED",44126,44126,0,100.00,"",""
"benchmarks/xblock_wat/1kgj1love24n_36512809_236bf139b98e.wat","SUPPORTED",44238,44238,0,100.00,"",""
"benchmarks/xblock_wat/1kgj1love24n_36520303_8a3f79458602.wat","SUPPORTED",44230,44230,0,100.00,"",""
"benchmarks/xblock_wat/1kgj1love24n_36567570_77b9a6c4b43e.wat","SUPPORTED",44234,44234,0,100.00,"",""
"benchmarks/xblock_wat/1kgj1love24n_37528907_05c4b6751df8.wat","SUPPORTED",45350,45350,0,100.00,"",""
"benchmarks/xblock_wat/1kgj1love24n_37529503_97538791e161.wat","SUPPORTED",45350,45350,0,100.00,"",""
"benchmarks/xblock_wat/1kgj1love24n_37749951_401841377508.wat","SUPPORTED",46363,46363,0,100.00,"",""
"benchmarks/xblock_wat/1kgj1love24n_37750479_4c07b35bd127.wat","SUPPORTED",47154,47154,0,100.00,"",""
"benchmarks/xblock_wat/1kgj1love24n_37752035_a3518ed68ba0.wat","SUPPORTED",46758,46758,0,100.00,"",""
"benchmarks/xblock_wat/1kgj1love24n_37752333_af598c2b10d9.wat","SUPPORTED",46758,46758,0,100.00,"",""
"benchmarks/xblock_wat/1kgj1love24n_37756797_e0710d4c14f7.wat","SUPPORTED",46853,46853,0,100.00,"",""
"benchmarks/xblock_wat/1kgj1love24n_37757260_042a66d9377d.wat","SUPPORTED",47398,47398,0,100.00,"",""
"benchmarks/xblock_wat/1kgj1love24n_37788691_ea32ca7b085d.wat","SUPPORTED",49767,49767,0,100.00,"",""
"benchmarks/xblock_wat/1kgj1love24n_37790855_5a71ddc29f5c.wat","SUPPORTED",49777,49777,0,100.00,"",""
"benchmarks/xblock_wat/1kgj1love24n_37792416_7fc6e106d363.wat","SUPPORTED",49513,49513,0,100.00,"",""
"benchmarks/xblock_wat/1kgj1love24n_37792953_8cbf44dae991.wat","SUPPORTED",49662,49662,0,100.00,"",""
"benchmarks/xblock_wat/1kgj1love24n_37793587_f607a6b520e8.wat","SUPPORTED",50013,50013,0,100.00,"",""
"benchmarks/xblock_wat/1kgj1love24n_37794067_7e783f169db1.wat","SUPPORTED",50996,50996,0,100.00,"",""
"benchmarks/xblock_wat/1kgj1love24n_37795750_91fb07f8bdb5.wat","SUPPORTED",50664,50664,0,100.00,"",""
"benchmarks/xblock_wat/1kgj1love24n_37796333_797d4dcac4c8.wat","SUPPORTED",50665,50665,0,100.00,"",""
"benchmarks/xblock_wat/1kgj1love24n_37796612_8ea46d62c44c.wat","SUPPORTED",49868,49868,0,100.00,"",""
"benchmarks/xblock_wat/1kgj1love24n_37796974_5951cceb43c5.wat","SUPPORTED",49340,49340,0,100.00,"",""
"benchmarks/xblock_wat/1kgj1love24n_39301416_cc6f06358835.wat","SUPPORTED",7417,7417,0,100.00,"",""
"benchmarks/xblock_wat/1kgj1love24n_40422876_137fd7beaa37.wat","SUPPORTED",46740,46740,0,100.00,"",""
"benchmarks/xblock_wat/1kgj1love24n_41879700_da400989ca03.wat","SUPPORTED",6822,6822,0,100.00,"",""
"benchmarks/xblock_wat/1kgj1love24n_41881565_31439697b11c.wat","SUPPORTED",6178,6178,0,100.00,"",""
"benchmarks/xblock_wat/1kgj1love24n_41887623_3c24fff2ade8.wat","SUPPORTED",7735,7735,0,100.00,"",""
"benchmarks/xblock_wat/1kgj1love24n_41891337_3d9cc1964c4d.wat","SUPPORTED",7818,7818,0,100.00,"",""
"benchmarks/xblock_wat/1kgj1love24n_41903451_fd63e667fac7.wat","SUPPORTED",8957,8957,0,100.00,"",""
"benchmarks/xblock_wat/1kgj1love24n_41904690_cfb3eb6c74c5.wat","SUPPORTED",9411,9411,0,100.00,"",""
"benchmarks/xblock_wat/1kgj1love24n_41906114_0071c78e5f08.wat","SUPPORTED",8144,8144,0,100.00,"",""
"benchmarks/xblock_wat/1kgj1love24n_41906624_00c720daa73d.wat","SUPPORTED",8139,8139,0,100.00,"",""
"benchmarks/xblock_wat/1kgj1love24n_41907063_002361f973b3.wat","SUPPORTED",9243,9243,0,100.00,"",""
"benchmarks/xblock_wat/1kgj1love24n_41907870_fc37f022c1b4.wat","SUPPORTED",8125,8125,0,100.00,"",""
"benchmarks/xblock_wat/1kgj1love24n_41908121_884696d0188b.wat","SUPPORTED",8229,8229,0,100.00,"",""
"benchmarks/xblock_wat/1kgj1love24n_41908344_507da89b333e.wat","SUPPORTED",8306,8306,0,100.00,"",""
"benchmarks/xblock_wat/1kgj1love24n_41908650_643a08bf75c4.wat","SUPPORTED",8306,8306,0,100.00,"",""
"benchmarks/xblock_wat/1kgj1love24n_41909380_548f0afc11a0.wat","SUPPORTED",9228,9228,0,100.00,"",""
"benchmarks/xblock_wat/1kgj1love24n_41910084_2a7617a653f3.wat","SUPPORTED",9220,9220,0,100.00,"",""
"benchmarks/xblock_wat/1kgj1love24n_41913141_68839e41e521.wat","SUPPORTED",9222,9222,0,100.00,"",""
"benchmarks/xblock_wat/1kgj1love24n_41917877_42f1fe4e2589.wat","SUPPORTED",9418,9418,0,100.00,"",""
"benchmarks/xblock_wat/1kgj1love24n_41992874_ca3123cd6875.wat","SUPPORTED",49283,49283,0,100.00,"",""
"benchmarks/xblock_wat/1kgj1love24n_42071836_e991268f3e1b.wat","SUPPORTED",49283,49283,0,100.00,"",""
"benchmarks/xblock_wat/1kgj1love24n_42173071_8ea661a20b39.wat","SUPPORTED",11043,11043,0,100.00,"",""
"benchmarks/xblock_wat/1kgj1love24n_42173531_37f757525b6e.wat","SUPPORTED",11189,11189,0,100.00,"",""
"benchmarks/xblock_wat/1kgj1love24n_42175582_84651ee6ae6e.wat","SUPPORTED",50660,50660,0,100.00,"",""
"benchmarks/xblock_wat/1kgj1love24n_42176426_0d5a69f4a85c.wat","SUPPORTED",50653,50653,0,100.00,"",""
"benchmarks/xblock_wat/1kgj1love24n_42180900_cce8daf5ffb3.wat","SUPPORTED",51291,51291,0,100.00,"",""
"benchmarks/xblock_wat/1kgj1love24n_42181513_f831e419975e.wat","SUPPORTED",51383,51383,0,100.00,"",""
"benchmarks/xblock_wat/1kgj1love24n_42181826_cae0f62b3f1a.wat","SUPPORTED",51389,51389,0,100.00,"",""
"benchmarks/xblock_wat/1kgj1love24n_42182233_92f127716100.wat","SUPPORTED",50213,50213,0,100.00,"",""
"benchmarks/xblock_wat/1kgj1love24n_42182603_19c64c4b4516.wat","SUPPORTED",50741,50741,0,100.00,"",""
"benchmarks/xblock_wat/1kgj1love24n_42182740_5fb43f8ae1e5.wat","SUPPORTED",49743,49743,0,100.00,"",""
"benchmarks/xblock_wat/1kgj1love24n_42183129_98308a5ced21.wat","SUPPORTED",49955,49955,0,100.00,"",""
"benchmarks/xblock_wat/1kgj1love24n_42183386_19f47d410391.wat","SUPPORTED",49772,49772,0,100.00,"",""
"benchmarks/xblock_wat/1kgj1love24n_42183708_a5e833499f56.wat","SUPPORTED",49770,49770,0,100.00,"",""
"benchmarks/xblock_wat/1kgj1love24n_42184009_beb088358519.wat","SUPPORTED",48982,48982,0,100.00,"",""
"benchmarks/xblock_wat/1kgj1love24n_42184855_1bd4603d60ef.wat","SUPPORTED",49953,49953,0,100.00,"",""
"benchmarks/xblock_wat/1kgj1love24n_42185452_7dceef7895d4.wat","SUPPORTED",49953,49953,0,100.00,"",""
"benchmarks/xblock_wat/1kgj1love24n_42186006_ad62c5e254f8.wat","SUPPORTED",50270,50270,0,100.00,"",""
"benchmarks/xblock_wat/1kgj1love24n_42186407_9c8f916a6c6c.wat","SUPPORTED",50137,50137,0,100.00,"",""
"benchmarks/xblock_wat/1kgj1love24n_42186584_db57124ecc38.wat","SUPPORTED",50218,50218,0,100.00,"",""
"benchmarks/xblock_wat/1kgj1love24n_42187064_7b70db9bf7ea.wat","SUPPORTED",50187,50187,0,100.00,"",""
"benchmarks/xblock_wat/1kgj1love24n_42187359_65a3c964ddf6.wat","SUPPORTED",50258,50258,0,100.00,"",""
"benchmarks/xblock_wat/1kgj1love24n_42187600_0a3720963a6b.wat","SUPPORTED",50162,50162,0,100.00,"",""
"benchmarks/xblock_wat/1kgj1love24n_42187794_51a15ee09e9a.wat","SUPPORTED",50087,50087,0,100.00,"",""
"benchmarks/xblock_wat/1kgj1love24n_42187953_873c0f03366e.wat","SUPPORTED",49299,49299,0,100.00,"",""
"benchmarks/xblock_wat/1kgj1love24n_42188073_4819c0ab60b7.wat","SUPPORTED",49382,49382,0,100.00,"",""
"benchmarks/xblock_wat/1kgj1love24n_42188196_b4214f7d33ab.wat","SUPPORTED",50269,50269,0,100.00,"",""
"benchmarks/xblock_wat/1kgj1love24n_42188385_2bce8fbbc035.wat","SUPPORTED",50344,50344,0,100.00,"",""
"benchmarks/xblock_wat/1kgj1love24n_42190445_ac7911a3de95.wat","SUPPORTED",50341,50341,0,100.00,"",""
"benchmarks/xblock_wat/1kgj1love24n_42190895_2eb5dda219b5.wat","SUPPORTED",50345,50345,0,100.00,"",""
"benchmarks/xblock_wat/1kgj1love24n_42211966_8735c517a425.wat","SUPPORTED",50345,50345,0,100.00,"",""
"benchmarks/xblock_wat/1kgj1love24n_42214172_671e1b8ffdc3.wat","SUPPORTED",50350,50350,0,100.00,"",""
"benchmarks/xblock_wat/1kgj1love24n_42344866_1518e0b87088.wat","SUPPORTED",50758,50758,0,100.00,"",""
"benchmarks/xblock_wat/1kgj1love24n_42345275_a5b5dcfe395d.wat","SUPPORTED",50758,50758,0,100.00,"",""
"benchmarks/xblock_wat/1kgj1love24n_42346095_9a70d2763594.wat","SUPPORTED",50758,50758,0,100.00,"",""
"benchmarks/xblock_wat/1kgj1love24n_42346682_9f81413d1bc2.wat","SUPPORTED",50762,50762,0,100.00,"",""
"benchmarks/xblock_wat/1kgj1love24n_43884750_6ee4195a98b3.wat","SUPPORTED",51165,51165,0,100.00,"",""
"benchmarks/xblock_wat/1kgj1love24n_43885089_c1255e7d7072.wat","SUPPORTED",51165,51165,0,100.00,"",""
"benchmarks/xblock_wat/1kgj1love24n_43885414_e4a82ad3a4e0.wat","SUPPORTED",51166,51166,0,100.00,"",""
"benchmarks/xblock_wat/1kgj1love24n_43886289_623cb2bf6375.wat","SUPPORTED",52204,52204,0,100.00,"",""
"benchmarks/xblock_wat/1kgj1love24n_43886702_81e5e9b45a2b.wat","SUPPORTED",52188,52188,0,100.00,"",""
"benchmarks/xblock_wat/1kgj1love24n_43887000_d913df2a8485.wat","SUPPORTED",51667,51667,0,100.00,"",""
"benchmarks/xblock_wat/1kgj1love24n_43887207_1e890ea6e21a.wat","SUPPORTED",51662,51662,0,100.00,"",""
"benchmarks/xblock_wat/1kgj1love24n_49393296_a7cf7ce66186.wat","SUPPORTED",49342,49342,0,100.00,"",""
"benchmarks/xblock_wat/1kgj1love24n_49922006_0ca640eb21e7.wat","SUPPORTED",49910,49910,0,100.00,"",""
"benchmarks/xblock_wat/1kgj1love24n_49922193_1fca8f77b383.wat","SUPPORTED",49934,49934,0,100.00,"",""
"benchmarks/xblock_wat/1kgj1love24n_49922464_5c6351d99ae6.wat","SUPPORTED",50186,50186,0,100.00,"",""
"benchmarks/xblock_wat/1kgj1love24n_49927070_d7b5556d145c.wat","SUPPORTED",50102,50102,0,100.00,"",""
"benchmarks/xblock_wat/1kgj1love24n_49928216_fd332b846840.wat","SUPPORTED",49858,49858,0,100.00,"",""
"benchmarks/xblock_wat/1kgj1love24n_49945796_8ba2743ba753.wat","SUPPORTED",50482,50482,0,100.00,"",""
"benchmarks/xblock_wat/1kgj1love24n_54645101_6a121d195095.wat","SUPPORTED",49942,49942,0,100.00,"",""
"benchmarks/xblock_wat/1mcryptobank_16206116_da911cba8a4f.wat","SUPPORTED",9623,9623,0,100.00,"",""
"benchmarks/xblock_wat/1pieceyoubao_22089835_30172d23b2f6.wat","SUPPORTED",18140,18140,0,100.00,"",""
"benchmarks/xblock_wat/1pieceyoubao_22175940_7cd9b98d477e.wat","SUPPORTED",18146,18146,0,100.00,"",""
"benchmarks/xblock_wat/1pieceyoubao_22215792_9cc20c20abd1.wat","SUPPORTED",18146,18146,0,100.00,"",""
"benchmarks/xblock_wat/1pieceyoubao_22229077_278f9e6bd51e.wat","SUPPORTED",18146,18146,0,100.00,"",""
"benchmarks/xblock_wat/1pieceyoubao_22381146_e202b3ed757f.wat","SUPPORTED",18622,18622,0,100.00,"",""
"benchmarks/xblock_wat/1pieceyoubao_22395340_6b700c30453a.wat","SUPPORTED",18695,18695,0,100.00,"",""
"benchmarks/xblock_wat/1pieceyoubao_22456232_11bbc38635a2.wat","SUPPORTED",19259,19259,0,100.00,"",""
"benchmarks/xblock_wat/1pieceyoubao_22456984_51492abf07d7.wat","SUPPORTED",19256,19256,0,100.00,"",""
"benchmarks/xblock_wat/1pieceyoubao_22526906_3bbc61b140e5.wat","SUPPORTED",19259,19259,0,100.00,"",""
"benchmarks/xblock_wat/1pieceyoubao_22527530_d3adec200388.wat","SUPPORTED",19256,19256,0,100.00,"",""
"benchmarks/xblock_wat/1pieceyoubao_39074806_08658497cb47.wat","SUPPORTED",19265,19265,0,100.00,"",""
"benchmarks/xblock_wat/1pieceyoubao_39081573_0b0f28896962.wat","SUPPORTED",19260,19260,0,100.00,"",""
"benchmarks/xblock_wat/1pieceyoubao_39082023_e699df3cd801.wat","SUPPORTED",19254,19254,0,100.00,"",""
"benchmarks/xblock_wat/1pieceyoubao_39083367_37ef3f8398ab.wat","SUPPORTED",19261,19261,0,100.00,"",""
"benchmarks/xblock_wat/1pieceyoubao_39083584_ae7d03af50da.wat","SUPPORTED",19255,19255,0,100.00,"",""
"benchmarks/xblock_wat/1pieceyoubao_39084156_e80dd2aaa631.wat","SUPPORTED",19261,19261,0,100.00,"",""
"benchmarks/xblock_wat/1pieceyoubao_39086340_6f05825bf16c.wat","SUPPORTED",19255,19255,0,100.00,"",""
"benchmarks/xblock_wat/1pieceyoubao_39087505_b842211e5923.wat","SUPPORTED",19263,19263,0,100.00,"",""
"benchmarks/xblock_wat/1pixelmaster_17790989_97d90e7b1387.wat","SUPPORTED",17649,17649,0,100.00,"",""
"benchmarks/xblock_wat/1pixelmaster_18248585_883480aaf68e.wat","SUPPORTED",17656,17656,0,100.00,"",""
"benchmarks/xblock_wat/1pixelmaster_18473409_6c6f603e5b96.wat","SUPPORTED",17842,17842,0,100.00,"",""
"benchmarks/xblock_wat/1pixelmaster_18474532_8b97ae0dd886.wat","SUPPORTED",18035,18035,0,100.00,"",""
"benchmarks/xblock_wat/1pixelmaster_18474983_0c0cb23d1548.wat","SUPPORTED",18091,18091,0,100.00,"",""
"benchmarks/xblock_wat/1pixelmaster_18475336_8e8c2f1cfb16.wat","SUPPORTED",17960,17960,0,100.00,"",""
"benchmarks/xblock_wat/1pixelmaster_18475892_a04ae76599b0.wat","SUPPORTED",18016,18016,0,100.00,"",""
"benchmarks/xblock_wat/1pixelmaster_18547429_2d04efbbce2d.wat","SUPPORTED",18016,18016,0,100.00,"",""
"benchmarks/xblock_wat/1pixelmaster_18595470_533cdf73a5b9.wat","SUPPORTED",19381,19381,0,100.00,"",""
"benchmarks/xblock_wat/1pixelmaster_18703870_4c1cd36cb142.wat","SUPPORTED",19531,19531,0,100.00,"",""
"benchmarks/xblock_wat/1pixelmaster_18705032_8af778c2d94b.wat","SUPPORTED",19381,19381,0,100.00,"",""
"benchmarks/xblock_wat/1pixelmaster_18736600_121da685973d.wat","SUPPORTED",19381,19381,0,100.00,"",""
"benchmarks/xblock_wat/1pixelmaster_18753380_077cc34e130a.wat","SUPPORTED",19381,19381,0,100.00,"",""
"benchmarks/xblock_wat/1pixelmaster_18763479_07ac0c8d01fa.wat","SUPPORTED",19306,19306,0,100.00,"",""
"benchmarks/xblock_wat/1pixelmaster_18771628_70c3e1e66b33.wat","SUPPORTED",19306,19306,0,100.00,"",""
"benchmarks/xblock_wat/1pixelmaster_18771750_d4d92c07397c.wat","SUPPORTED",19306,19306,0,100.00,"",""
"benchmarks/xblock_wat/1pixelmaster_18795738_88f172ce2bd0.wat","SUPPORTED",19392,19392,0,100.00,"",""
"benchmarks/xblock_wat/1pixelmaster_18816948_7a092605ee23.wat","SUPPORTED",19383,19383,0,100.00,"",""
"benchmarks/xblock_wat/1pixelmaster_19045876_dd0462532b58.wat","SUPPORTED",19366,19366,0,100.00,"",""
"benchmarks/xblock_wat/1pixelmaster_19087418_be2897279fc9.wat","SUPPORTED",19195,19195,0,100.00,"",""
"benchmarks/xblock_wat/1pixelmaster_19300725_610db2ae92f7.wat","SUPPORTED",16622,16622,0,100.00,"",""
"benchmarks/xblock_wat/1pixelmaster_21137115_cdc5477dc23a.wat","SUPPORTED",19091,19091,0,100.00,"",""
"benchmarks/xblock_wat/1pixelmaster_21747340_5242008c4a8d.wat","SUPPORTED",19097,19097,0,100.00,"",""
"benchmarks/xblock_wat/1pixelmaster_22201621_7b6cc8729d58.wat","SUPPORTED",19097,19097,0,100.00,"",""
"benchmarks/xblock_wat/1pixelmaster_22343582_d6bd7772430e.wat","SUPPORTED",19097,19097,0,100.00,"",""
"benchmarks/xblock_wat/1pixelmaster_22551633_5ba209ab8ecd.wat","SUPPORTED",19097,19097,0,100.00,"",""
"benchmarks/xblock_wat/1pixelmaster_22708591_f33e614c02ca.wat","SUPPORTED",19097,19097,0,100.00,"",""
"benchmarks/xblock_wat/1pixelmaster_22852086_47d3078cd6f2.wat","SUPPORTED",19097,19097,0,100.00,"",""
"benchmarks/xblock_wat/1pixelmaster_23028680_f8078d3e0658.wat","SUPPORTED",19097,19097,0,100.00,"",""
"benchmarks/xblock_wat/1pixelmaster_23262859_baf783676420.wat","SUPPORTED",19097,19097,0,100.00,"",""
"benchmarks/xblock_wat/1pixelmaster_23543553_5b97b67314ee.wat","SUPPORTED",19097,19097,0,100.00,"",""
"benchmarks/xblock_wat/1pixelmaster_24062811_26e833f28024.wat","SUPPORTED",19223,19223,0,100.00,"",""
"benchmarks/xblock_wat/1pixelmaster_24070266_97aab9478d89.wat","SUPPORTED",19277,19277,0,100.00,"",""
"benchmarks/xblock_wat/1pixelmaster_24074317_196ec987319b.wat","SUPPORTED",19612,19612,0,100.00,"",""
"benchmarks/xblock_wat/1pixelmaster_24076600_1569367d6f28.wat","SUPPORTED",19638,19638,0,100.00,"",""
"benchmarks/xblock_wat/1pixelmaster_24094613_8735957005d8.wat","SUPPORTED",19279,19279,0,100.00,"",""
"benchmarks/xblock_wat/1pixelmaster_24097206_0b9b7f015b4f.wat","SUPPORTED",19689,19689,0,100.00,"",""
"benchmarks/xblock_wat/1pixelmaster_24098151_613a178c4160.wat","SUPPORTED",19550,19550,0,100.00,"",""
"benchmarks/xblock_wat/1pixelmaster_24100290_673f1a36c600.wat","SUPPORTED",19631,19631,0,100.00,"",""
"benchmarks/xblock_wat/1pixelmaster_24103483_db375b240280.wat","SUPPORTED",19141,19141,0,100.00,"",""
"benchmarks/xblock_wat/1pixelmaster_65814070_51fada9bb0fe.wat","SUPPORTED",19237,19237,0,100.00,"",""
"benchmarks/xblock_wat/1supereosman_25979443_c627ad31551e.wat","SUPPORTED",3038,3038,0,100.00,"",""
"benchmarks/xblock_wat/1supereosman_26197272_574b2d4484b2.wat","SUPPORTED",1207,1207,0,100.00,"",""
"benchmarks/xblock_wat/1supereosman_26199820_2da51005a8c4.wat","SUPPORTED",1184,1184,0,100.00,"",""
"benchmarks/xblock_wat/1supereosman_26417179_014b817dc8c4.wat","SUPPORTED",4690,4690,0,100.00,"",""
"benchmarks/xblock_wat/1supereosman_26418380_b4ff2ac64e95.wat","SUPPORTED",4685,4685,0,100.00,"",""
"benchmarks/xblock_wat/1supereosman_26420811_edaec510fe8f.wat","SUPPORTED",4695,4695,0,100.00,"",""
"benchmarks/xblock_wat/1supereosman_26425301_663b547cbce6.wat","SUPPORTED",8702,8702,0,100.00,"",""
"benchmarks/xblock_wat/1supereosman_26425712_d3bf4f81eca3.wat","SUPPORTED",9637,9637,0,100.00,"",""
"benchmarks/xblock_wat/1supereosman_26426374_3eb987793142.wat","SUPPORTED",11229,11229,0,100.00,"",""
"benchmarks/xblock_wat/1thefull2bot_13460023_4de179b22114.wat","SUPPORTED",24678,24678,0,100.00,"",""
"benchmarks/xblock_wat/1thefull2bot_13461454_9329e780785b.wat","SUPPORTED",24678,24678,0,100.00,"",""
"benchmarks/xblock_wat/1thefull2bot_14950515_0cd078e97ad4.wat","SUPPORTED",28331,28331,0,100.00,"",""
"benchmarks/xblock_wat/1thefull2bot_14950910_3b3188fff703.wat","SUPPORTED",28331,28331,0,100.00,"",""
"benchmarks/xblock_wat/1thefull2bot_15123179_b3663fa17450.wat","SUPPORTED",28359,28359,0,100.00,"",""
"benchmarks/xblock_wat/1thefull2bot_26891969_a8c8533f7ab0.wat","SUPPORTED",16091,16091,0,100.00,"",""
"benchmarks/xblock_wat/214odicedice_16376418_6546d35efea0.wat","SUPPORTED",35276,35276,0,100.00,"",""
"benchmarks/xblock_wat/214odicedice_16390363_707cfa8a0ac4.wat","SUPPORTED",35276,35276,0,100.00,"",""
"benchmarks/xblock_wat/214odicedice_16395479_2f96742f8c2b.wat","SUPPORTED",35441,35441,0,100.00,"",""
"benchmarks/xblock_wat/214odicedice_16399370_7a84707c971f.wat","SUPPORTED",34260,34260,0,100.00,"",""
"benchmarks/xblock_wat/214odicedice_16399735_5be417d344a9.wat","SUPPORTED",35884,35884,0,100.00,"",""
"benchmarks/xblock_wat/214odicedice_16400068_d1e139c83664.wat","SUPPORTED",35707,35707,0,100.00,"",""
"benchmarks/xblock_wat/214odicedice_16400423_a2ac1dd14ccc.wat","SUPPORTED",35926,35926,0,100.00,"",""
"benchmarks/xblock_wat/214odicedice_17225994_38dda95d5a40.wat","SUPPORTED",39201,39201,0,100.00,"",""
"benchmarks/xblock_wat/214odicedice_17228593_2f028e601e02.wat","SUPPORTED",35888,35888,0,100.00,"",""
"benchmarks/xblock_wat/214odicedice_17228794_809269cd8ad7.wat","SUPPORTED",39724,39724,0,100.00,"",""
"benchmarks/xblock_wat/214odicedice_17229118_ed54db690d38.wat","SUPPORTED",39724,39724,0,100.00,"",""
"benchmarks/xblock_wat/214odicedice_17389648_8454d4b018b4.wat","SUPPORTED",41021,41021,0,100.00,"",""
"benchmarks/xblock_wat/214odicedice_17501689_f3f0d479d03a.wat","SUPPORTED",41021,41021,0,100.00,"",""
"benchmarks/xblock_wat/214odicedice_18585790_cb4789c68e07.wat","SUPPORTED",42113,42113,0,100.00,"",""
"benchmarks/xblock_wat/214odicedice_21686530_3896e20a4675.wat","SUPPORTED",42113,42113,0,100.00,"",""
"benchmarks/xblock_wat/214ogamedice_15198332_dd0d151e5074.wat","SUPPORTED",33483,33483,0,100.00,"",""
"benchmarks/xblock_wat/214ogamedice_15320745_abf917d3f048.wat","SUPPORTED",33483,33483,0,100.00,"",""
"benchmarks/xblock_wat/214ogamedice_15323678_7666720f90e4.wat","SUPPORTED",33521,33521,0,100.00,"",""
"benchmarks/xblock_wat/214ogamedice_15325577_0da065ee6b21.wat","SUPPORTED",30972,30972,0,100.00,"",""
"benchmarks/xblock_wat/214ogamedice_15326230_d3a776eb7f91.wat","SUPPORTED",30972,30972,0,100.00,"",""
"benchmarks/xblock_wat/214ogamedice_15329343_21ed92c9a992.wat","SUPPORTED",30977,30977,0,100.00,"",""
"benchmarks/xblock_wat/214ogamedice_15332674_281c60203e36.wat","SUPPORTED",33525,33525,0,100.00,"",""
"benchmarks/xblock_wat/214ogamedice_15333788_85e45ecd3b21.wat","SUPPORTED",33525,33525,0,100.00,"",""
"benchmarks/xblock_wat/214ogamedice_15336908_d78da4a73027.wat","SUPPORTED",33559,33559,0,100.00,"",""
"benchmarks/xblock_wat/214ogamedice_15339779_020153b8a337.wat","SUPPORTED",33604,33604,0,100.00,"",""
"benchmarks/xblock_wat/214ogamedice_15994799_97834c6d47d4.wat","SUPPORTED",33733,33733,0,100.00,"",""
"benchmarks/xblock_wat/214ogamedice_16015397_f10f383f1e43.wat","SUPPORTED",33546,33546,0,100.00,"",""
"benchmarks/xblock_wat/214ogamedice_16016976_74c6ece11ab4.wat","SUPPORTED",33564,33564,0,100.00,"",""
"benchmarks/xblock_wat/214ogamedice_16018985_77bd05ff048b.wat","SUPPORTED",33541,33541,0,100.00,"",""
"benchmarks/xblock_wat/214ogamedice_16157393_580187b5674a.wat","SUPPORTED",33537,33537,0,100.00,"",""
"benchmarks/xblock_wat/214ogamedice_16177758_ad510ac5af52.wat","SUPPORTED",33544,33544,0,100.00,"",""
"benchmarks/xblock_wat/214ogamedice_16182607_34a627177d52.wat","SUPPORTED",34045,34045,0,100.00,"",""
"benchmarks/xblock_wat/214ogamedice_16185273_74466e81ce23.wat","SUPPORTED",33548,33548,0,100.00,"",""
"benchmarks/xblock_wat/214ogamedice_16291942_6ada138aecfa.wat","SUPPORTED",35197,35197,0,100.00,"",""
"benchmarks/xblock_wat/214ogamedice_16295709_d17a2852bc1e.wat","SUPPORTED",35197,35197,0,100.00,"",""
"benchmarks/xblock_wat/214ogamedice_16297232_68585b21cb99.wat","SUPPORTED",35197,35197,0,100.00,"",""
"benchmarks/xblock_wat/214ogamedice_16325687_7891ad3b7a5f.wat","SUPPORTED",35157,35157,0,100.00,"",""
"benchmarks/xblock_wat/214ogamedice_16326938_99c480ef8e9a.wat","SUPPORTED",35211,35211,0,100.00,"",""
"benchmarks/xblock_wat/214ogamedice_16344858_81520170836a.wat","SUPPORTED",35274,35274,0,100.00,"",""
"benchmarks/xblock_wat/214ogamedice_16349541_2f2f77d7a47b.wat","SUPPORTED",35749,35749,0,100.00,"",""
"benchmarks/xblock_wat/214ogamedice_16350551_44d50d8cef03.wat","SUPPORTED",35658,35658,0,100.00,"",""
"benchmarks/xblock_wat/214ogamedice_16371387_0a80335e4ab2.wat","SUPPORTED",35276,35276,0,100.00,"",""
"benchmarks/xblock_wat/214ogametest_14287219_a658f1a1f867.wat","SUPPORTED",29117,29117,0,100.00,"",""
"benchmarks/xblock_wat/214ogametest_15006062_7a3352d8c595.wat","SUPPORTED",29101,29101,0,100.00,"",""
"benchmarks/xblock_wat/214ogametest_16000846_1fee5620539a.wat","SUPPORTED",34669,34669,0,100.00,"",""
"benchmarks/xblock_wat/214ogametest_16016028_9ede80060d11.wat","SUPPORTED",34563,34563,0,100.00,"",""
"benchmarks/xblock_wat/21dice4lucky_29283098_d67915bc68f6.wat","SUPPORTED",2697,2697,0,100.00,"",""
"benchmarks/xblock_wat/21dice4token_29349097_1bf09fda415c.wat","SUPPORTED",11284,11284,0,100.00,"",""
"benchmarks/xblock_wat/21dice4token_30804718_767a14b3af85.wat","SUPPORTED",11287,11287,0,100.00,"",""
"benchmarks/xblock_wat/21dice4token_30805093_79e26473c3ef.wat","SUPPORTED",11287,11287,0,100.00,"",""
"benchmarks/xblock_wat/21dice4token_30989071_be4e115e153c.wat","SUPPORTED",15234,15234,0,100.00,"",""
"benchmarks/xblock_wat/21dice4token_31304112_6aa10daac3d9.wat","SUPPORTED",15232,15232,0,100.00,"",""
"benchmarks/xblock_wat/21dice4token_31306468_a413b6ad5502.wat","SUPPORTED",15232,15232,0,100.00,"",""
"benchmarks/xblock_wat/21dice4token_31335743_15356f442bf1.wat","SUPPORTED",15096,15096,0,100.00,"",""
"benchmarks/xblock_wat/21dice4token_31345638_712a4f511eb3.wat","SUPPORTED",15096,15096,0,100.00,"",""
"benchmarks/xblock_wat/21diceearn11_29291908_e95dc583aa75.wat","SUPPORTED",36407,36407,0,100.00,"",""
"benchmarks/xblock_wat/21diceearn11_29629134_3d8b4ab17bdd.wat","SUPPORTED",36409,36409,0,100.00,"",""
"benchmarks/xblock_wat/21diceearn11_30293013_63f13d7b465f.wat","SUPPORTED",36840,36840,0,100.00,"",""
"benchmarks/xblock_wat/21diceearn11_30317090_e3fe1a98540c.wat","SUPPORTED",36840,36840,0,100.00,"",""
"benchmarks/xblock_wat/21dicepalace_29288920_2ce73f4bf41b.wat","SUPPORTED",33006,33006,0,100.00,"",""
"benchmarks/xblock_wat/21dicepalace_29628997_02d6c3a7116e.wat","SUPPORTED",33005,33005,0,100.00,"",""
"benchmarks/xblock_wat/21dicepalace_30292868_21c867ff6ddf.wat","SUPPORTED",33436,33436,0,100.00,"",""
"benchmarks/xblock_wat/21dicepalace_30316987_c61f1063655b.wat","SUPPORTED",33436,33436,0,100.00,"",""
"benchmarks/xblock_wat/21dicepalace_33633333_c910fc770531.wat","SUPPORTED",33710,33710,0,100.00,"",""
"benchmarks/xblock_wat/234wersdfxcv_51406829_88bfbd6bd164.wat","SUPPORTED",346,346,0,100.00,"",""
"benchmarks/xblock_wat/234wersdfxcv_51509900_13575fe4d05e.wat","SUPPORTED",350,350,0,100.00,"",""
"benchmarks/xblock_wat/2g1com.x_24289227_42977fcb9cc7.wat","SUPPORTED",1696,1696,0,100.00,"",""
"benchmarks/xblock_wat/2g1com.x_24648659_63c344bdadbe.wat","SUPPORTED",893,893,0,100.00,"",""
"benchmarks/xblock_wat/2g1com.x_24648760_15e280c58edf.wat","SUPPORTED",862,862,0,100.00,"",""
"benchmarks/xblock_wat/324fki1w4eeg_37373157_b44f341e5b92.wat","SUPPORTED",8797,8797,0,100.00,"",""
"benchmarks/xblock_wat/3deoslottery_33354728_01d5ed317ef9.wat","SUPPORTED",35183,35183,0,100.00,"",""
"benchmarks/xblock_wat/3deoslottery_33356984_8bf1bc5eb2ba.wat","SUPPORTED",35181,35181,0,100.00,"",""
"benchmarks/xblock_wat/3deoslottery_33359422_a10229226bb5.wat","SUPPORTED",38657,38657,0,100.00,"",""
"benchmarks/xblock_wat/3deoslottery_33359654_7af6e709d857.wat","SUPPORTED",38657,38657,0,100.00,"",""
"benchmarks/xblock_wat/3deoslottery_33360037_f67c017672ad.wat","SUPPORTED",35181,35181,0,100.00,"",""
"benchmarks/xblock_wat/3deoslottery_33367777_f77c6793a17e.wat","SUPPORTED",35156,35156,0,100.00,"",""
"benchmarks/xblock_wat/3deoslottery_33367998_738898214ccf.wat","SUPPORTED",35115,35115,0,100.00,"",""
"benchmarks/xblock_wat/3deoslottery_33368908_3319bdce0f64.wat","SUPPORTED",35176,35176,0,100.00,"",""
"benchmarks/xblock_wat/3deoslottery_33369013_9b8a5a9649c9.wat","SUPPORTED",35181,35181,0,100.00,"",""
"benchmarks/xblock_wat/3grxtsbgtquw_59784347_b9ca189142ad.wat","SUPPORTED",12726,12726,0,100.00,"",""
"benchmarks/xblock_wat/3kmegarollad_46204551_fb86d4e1f091.wat","SUPPORTED",15393,15393,0,100.00,"",""
"benchmarks/xblock_wat/3kmegarollad_46688038_3d9fcb5391c3.wat","SUPPORTED",15134,15134,0,100.00,"",""
"benchmarks/xblock_wat/3sheng3shi21_11362196_49a5904f8a2e.wat","SUPPORTED",4518,4518,0,100.00,"",""
"benchmarks/xblock_wat/3sheng3shi21_14098894_c86138a11abf.wat","SUPPORTED",4922,4922,0,100.00,"",""
"benchmarks/xblock_wat/3sheng3shi21_16822914_5fdf28862e8e.wat","SUPPORTED",4620,4620,0,100.00,"",""
"benchmarks/xblock_wat/3xwwjjrahmpc_33220454_70d7e5e198d4.wat","SUPPORTED",3142,3142,0,100.00,"",""
"benchmarks/xblock_wat/3xwwjjrahmpc_33570437_1e5ee3fd8f76.wat","SUPPORTED",5182,5182,0,100.00,"",""
"benchmarks/xblock_wat/3ypagbsrggff_77902880_6971685c1b97.wat","SUPPORTED",220,220,0,100.00,"",""
"benchmarks/xblock_wat/3ypagbsrggff_77903519_8c90321237c1.wat","SUPPORTED",220,220,0,100.00,"",""
"benchmarks/xblock_wat/3ypagbsrggff_77904461_e6ff5619f682.wat","SUPPORTED",220,220,0,100.00,"",""
"benchmarks/xblock_wat/42dice4lucky_28961387_b4f68383f270.wat","SUPPORTED",2691,2691,0,100.00,"",""
"benchmarks/xblock_wat/42dice4token_28968701_b52efb84d023.wat","SUPPORTED",11282,11282,0,100.00,"",""
"benchmarks/xblock_wat/42dice4token_28970296_2b321024b78b.wat","SUPPORTED",11278,11278,0,100.00,"",""
"benchmarks/xblock_wat/42dice4token_30980495_54582cd46ff3.wat","SUPPORTED",15234,15234,0,100.00,"",""
"benchmarks/xblock_wat/42diceearn11_28980405_31f30f488b89.wat","SUPPORTED",28550,28550,0,100.00,"",""
"benchmarks/xblock_wat/42dicepalace_28972141_8ddf5500b3eb.wat","SUPPORTED",24705,24705,0,100.00,"",""
"benchmarks/xblock_wat/42dicepalace_28977907_26c3f9879c03.wat","SUPPORTED",25135,25135,0,100.00,"",""
"benchmarks/xblock_wat/44gamestoken_22533011_255c688e441a.wat","SUPPORTED",9527,9527,0,100.00,"",""
"benchmarks/xblock_wat/44gamestoken_22767749_7d3e4d3ad2d5.wat","SUPPORTED",10188,10188,0,100.00,"",""
"benchmarks/xblock_wat/44gamestoken_25391933_616320fea124.wat","SUPPORTED",4110,4110,0,100.00,"",""
"benchmarks/xblock_wat/4jscyydlhgij_12413778_60f02bc17f2b.wat","SUPPORTED",3012,3012,0,100.00,"",""
"benchmarks/xblock_wat/4jscyydlhgij_12414061_87127b414941.wat","SUPPORTED",3012,3012,0,100.00,"",""
"benchmarks/xblock_wat/4jscyydlhgij_12415732_056b096e4816.wat","SUPPORTED",3738,3738,0,100.00,"",""
"benchmarks/xblock_wat/4uck4uck4uck_39295016_1c6cb9fcd151.wat","SUPPORTED",11558,11558,0,100.00,"",""
"benchmarks/xblock_wat/4uck4uck4uck_39302266_27b3d4450c48.wat","SUPPORTED",11563,11563,0,100.00,"",""
"benchmarks/xblock_wat/4uck4uck4uck_39552150_9b4c6ad0d8e3.wat","SUPPORTED",13415,13415,0,100.00,"",""
"benchmarks/xblock_wat/4uck4uck4uck_39555484_c3aec024c277.wat","SUPPORTED",13415,13415,0,100.00,"",""
"benchmarks/xblock_wat/4uck4uck4uck_39556780_f17942f1ce7e.wat","SUPPORTED",13410,13410,0,100.00,"",""
"benchmarks/xblock_wat/4uck4uck4uck_39557038_a116267b79b8.wat","SUPPORTED",13380,13380,0,100.00,"",""
"benchmarks/xblock_wat/4uck4uck4uck_39599982_59bd1ff3f316.wat","SUPPORTED",15065,15065,0,100.00,"",""
"benchmarks/xblock_wat/4uck4uck4uck_39605317_4ec9810c6ff6.wat","SUPPORTED",15065,15065,0,100.00,"",""
"benchmarks/xblock_wat/4uck4uck4uck_39635128_d0948527670f.wat","SUPPORTED",13965,13965,0,100.00,"",""
"benchmarks/xblock_wat/4uck4uck4uck_39640057_41b28978dd6a.wat","SUPPORTED",13965,13965,0,100.00,"",""
"benchmarks/xblock_wat/4uck4uck4uck_39720560_32ad75f92679.wat","SUPPORTED",13969,13969,0,100.00,"",""
"benchmarks/xblock_wat/4uck4uck4uck_39736422_26d219164768.wat","SUPPORTED",13969,13969,0,100.00,"",""
"benchmarks/xblock_wat/4uck4uck4uck_39736949_736df977a005.wat","SUPPORTED",13965,13965,0,100.00,"",""
"benchmarks/xblock_wat/4uck4uck4uck_39794418_8a30c9ba3a5c.wat","SUPPORTED",13965,13965,0,100.00,"",""
"benchmarks/xblock_wat/4uck4uck4uck_39810971_1aa4159219b0.wat","SUPPORTED",13965,13965,0,100.00,"",""
"benchmarks/xblock_wat/4uck4uck4uck_39981196_b6c0836f92cf.wat","SUPPORTED",13965,13965,0,100.00,"",""
"benchmarks/xblock_wat/4uck4uck4uck_40157430_a4832e7d28d4.wat","SUPPORTED",13980,13980,0,100.00,"",""
"benchmarks/xblock_wat/4uck4uck4uck_40157938_ce382463b78b.wat","SUPPORTED",13980,13980,0,100.00,"",""
"benchmarks/xblock_wat/4uck4uck4uck_40301308_03b014224364.wat","SUPPORTED",13965,13965,0,100.00,"",""
"benchmarks/xblock_wat/4uck4uck4uck_47411887_f78c80d70d11.wat","SUPPORTED",14865,14865,0,100.00,"",""
"benchmarks/xblock_wat/4uck4uck4uck_47412368_6de2979ee40e.wat","SUPPORTED",14873,14873,0,100.00,"",""
"benchmarks/xblock_wat/4uck4uck4uck_47412835_cf977a9035df.wat","SUPPORTED",16792,16792,0,100.00,"",""
"benchmarks/xblock_wat/4uck4uck4uck_47413036_f426a5b951e0.wat","SUPPORTED",13284,13284,0,100.00,"",""
"benchmarks/xblock_wat/4uck4uck4uck_47413217_9f2b747c4e54.wat","SUPPORTED",13444,13444,0,100.00,"",""
"benchmarks/xblock_wat/4uck4uck4uck_47413386_07cadb1eb275.wat","SUPPORTED",15368,15368,0,100.00,"",""
"benchmarks/xblock_wat/4uck4uck4uck_47413646_f5af06b328c7.wat","SUPPORTED",16996,16996,0,100.00,"",""
"benchmarks/xblock_wat/4uck4uck4uck_47413933_6225447f0fd4.wat","SUPPORTED",15305,15305,0,100.00,"",""
"benchmarks/xblock_wat/4uck4uck4uck_47414932_72ff55cc0823.wat","SUPPORTED",16131,16131,0,100.00,"",""
"benchmarks/xblock_wat/4uck4uck4uck_47415165_10b970549274.wat","SUPPORTED",16176,16176,0,100.00,"",""
"benchmarks/xblock_wat/4uck4uck4uck_47415340_36e4cb113e1b.wat","SUPPORTED",15448,15448,0,100.00,"",""
"benchmarks/xblock_wat/4uck4uck4uck_47415884_d7d67173d109.wat","SUPPORTED",14779,14779,0,100.00,"",""
"benchmarks/xblock_wat/4uck4uck4uck_47416694_f155146c92c4.wat","SUPPORTED",15385,15385,0,100.00,"",""
"benchmarks/xblock_wat/4uck4uck4uck_47416995_3c40189f5a96.wat","SUPPORTED",15385,15385,0,100.00,"",""
"benchmarks/xblock_wat/4uck4uck4uck_47417267_b580060c96b7.wat","SUPPORTED",15356,15356,0,100.00,"",""
"benchmarks/xblock_wat/4uck4uck4uck_47418100_fda6c65b09da.wat","SUPPORTED",14592,14592,0,100.00,"",""
"benchmarks/xblock_wat/4uck4uck4uck_47418830_cb0a3e33c2fa.wat","SUPPORTED",14646,14646,0,100.00,"",""
"benchmarks/xblock_wat/4uck4uck4uck_47419001_fb2e014687a9.wat","SUPPORTED",14646,14646,0,100.00,"",""
"benchmarks/xblock_wat/4uck4uck4uck_47419347_673b73bd96ef.wat","SUPPORTED",14648,14648,0,100.00,"",""
"benchmarks/xblock_wat/4uck4uck4uck_47419924_c7847e4000eb.wat","SUPPORTED",14854,14854,0,100.00,"",""
"benchmarks/xblock_wat/4uck4uck4uck_47420299_1f190ed3c1ff.wat","SUPPORTED",13502,13502,0,100.00,"",""
"benchmarks/xblock_wat/51app51app51_16820325_c9de9b67f8fd.wat","SUPPORTED",8799,8799,0,100.00,"",""
"benchmarks/xblock_wat/51buyeoscoin_9743752_d501b8c2bef6.wat","SUPPORTED",4086,4086,0,100.00,"",""
"benchmarks/xblock_wat/51buyeoscoin_9747859_8d4ffb63ba4b.wat","SUPPORTED",4086,4086,0,100.00,"",""
"benchmarks/xblock_wat/51buyeoscoin_9751971_f0796154fdd9.wat","SUPPORTED",4281,4281,0,100.00,"",""
"benchmarks/xblock_wat/5211314.bank_33207470_2b3bffe92bc4.wat","SUPPORTED",2091,2091,0,100.00,"",""
"benchmarks/xblock_wat/5555iiii5555_35320441_13dc50ad6962.wat","SUPPORTED",15244,15244,0,100.00,"",""
"benchmarks/xblock_wat/5xgokyzbuq5w_40622479_76e25ee5dbd8.wat","SUPPORTED",1200,1200,0,100.00,"",""
"benchmarks/xblock_wat/5xgokyzbuq5w_40628131_dcc26e55c9f5.wat","SUPPORTED",1200,1200,0,100.00,"",""
"benchmarks/xblock_wat/5xgokyzbuq5w_40632616_3c3d7cd23842.wat","SUPPORTED",1200,1200,0,100.00,"",""
"benchmarks/xblock_wat/5xgokyzbuq5w_40657243_6234fc78bb24.wat","SUPPORTED",1200,1200,0,100.00,"",""
"benchmarks/xblock_wat/5xgokyzbuq5w_40664093_283a592ebda5.wat","SUPPORTED",1200,1200,0,100.00,"",""
"benchmarks/xblock_wat/a.io_28245004_ef4e7612b478.wat","SUPPORTED",11230,11230,0,100.00,"",""
"benchmarks/xblock_wat/a.io_28247756_2b0dd33a3375.wat","SUPPORTED",11015,11015,0,100.00,"",""
"benchmarks/xblock_wat/a15555353555_45283100_d9a80c36d4d2.wat","SUPPORTED",2112,2112,0,100.00,"",""
"benchmarks/xblock_wat/a15555353555_45283752_69050cbaf457.wat","SUPPORTED",2226,2226,0,100.00,"",""
"benchmarks/xblock_wat/a22222222222_89292074_fa5a9393abc0.wat","SUPPORTED",6575,6575,0,100.00,"",""
"benchmarks/xblock_wat/a22222222222_89300966_808988295d0e.wat","SUPPORTED",9006,9006,0,100.00,"",""
"benchmarks/xblock_wat/a22222222222_89301136_45cad2b7c46b.wat","SUPPORTED",9006,9006,0,100.00,"",""
"benchmarks/xblock_wat/a22222222222_89302889_05477232cab3.wat","SUPPORTED",9298,9298,0,100.00,"",""
"benchmarks/xblock_wat/a22222222222_89303437_837e287336b8.wat","SUPPORTED",6844,6844,0,100.00,"",""
"benchmarks/xblock_wat/a22222222222_89313609_84619cf83905.wat","SUPPORTED",6701,6701,0,100.00,"",""
"benchmarks/xblock_wat/a22222222222_89326629_9a989ee1a50c.wat","SUPPORTED",6855,6855,0,100.00,"",""
"benchmarks/xblock_wat/a22222222222_89327754_64d14739ea3c.wat","SUPPORTED",7193,7193,0,100.00,"",""
"benchmarks/xblock_wat/a22222222222_89328457_da0013bff505.wat","SUPPORTED",6340,6340,0,100.00,"",""
"benchmarks/xblock_wat/a22222222222_89328984_34ac40e1af02.wat","SUPPORTED",6352,6352,0,100.00,"",""
"benchmarks/xblock_wat/a22222222222_89329093_60cb1ed5f985.wat","SUPPORTED",9494,9494,0,100.00,"",""
"benchmarks/xblock_wat/a22222222222_89330425_d378f59bcd77.wat","SUPPORTED",6339,6339,0,100.00,"",""
"benchmarks/xblock_wat/a22222222222_89330787_8e2b89545c7b.wat","SUPPORTED",6299,6299,0,100.00,"",""
"benchmarks/xblock_wat/a22222222222_89331445_dab90cbd492b.wat","SUPPORTED",6243,6243,0,100.00,"",""
"benchmarks/xblock_wat/a22222222222_89331635_f668daee93d6.wat","SUPPORTED",6230,6230,0,100.00,"",""
"benchmarks/xblock_wat/a22222222222_89332026_75ce69e503f8.wat","SUPPORTED",6346,6346,0,100.00,"",""
"benchmarks/xblock_wat/a22222222222_89332535_bd7a3a0c6c5a.wat","SUPPORTED",6346,6346,0,100.00,"",""
"benchmarks/xblock_wat/a22222222222_89334009_86abd83098e7.wat","SUPPORTED",7192,7192,0,100.00,"",""
"benchmarks/xblock_wat/a22222222222_89418524_3fb8e45e9e7b.wat","SUPPORTED",11107,11107,0,100.00,"",""
"benchmarks/xblock_wat/a22222222222_89418876_bc6db8369acf.wat","SUPPORTED",11113,11113,0,100.00,"",""
"benchmarks/xblock_wat/a22222222222_89419256_3e8abca46663.wat","SUPPORTED",11134,11134,0,100.00,"",""
"benchmarks/xblock_wat/a22222222222_89420738_e1aec3ebe697.wat","SUPPORTED",11179,11179,0,100.00,"",""
"benchmarks/xblock_wat/a22222222222_89421127_bf295444ec6f.wat","SUPPORTED",11303,11303,0,100.00,"",""
"benchmarks/xblock_wat/a3cu2gkdmwg5_75827686_ccb354c39391.wat","SUPPORTED",1806,1806,0,100.00,"",""
"benchmarks/xblock_wat/a3cu2gkdmwg5_75844912_ff355284642a.wat","SUPPORTED",1872,1872,0,100.00,"",""
"benchmarks/xblock_wat/a3cu2gkdmwg5_75847517_22db1b17dc38.wat","SUPPORTED",2260,2260,0,100.00,"",""
"benchmarks/xblock_wat/a3cu2gkdmwg5_75850563_8c8182c5adb8.wat","SUPPORTED",3871,3871,0,100.00,"",""
"benchmarks/xblock_wat/a3cu2gkdmwg5_75863224_c26e564fc68b.wat","SUPPORTED",4466,4466,0,100.00,"",""
"benchmarks/xblock_wat/a3cu2gkdmwg5_75863665_5d762bbb92dc.wat","SUPPORTED",4510,4510,0,100.00,"",""
"benchmarks/xblock_wat/a3cu2gkdmwg5_75864184_8eb73f9541c1.wat","SUPPORTED",5782,5782,0,100.00,"",""
"benchmarks/xblock_wat/a3cu2gkdmwg5_75917048_187a2d9ba8fc.wat","SUPPORTED",5968,5968,0,100.00,"",""
"benchmarks/xblock_wat/a3cu2gkdmwg5_75917507_706d84eed5b7.wat","SUPPORTED",6627,6627,0,100.00,"",""
"benchmarks/xblock_wat/a3cu2gkdmwg5_75921885_1d3a5eb3926e.wat","SUPPORTED",6630,6630,0,100.00,"",""
"benchmarks/xblock_wat/aaaaaaaa5555_9043136_a8f1c5f178d6.wat","SUPPORTED",12463,12463,0,100.00,"",""
"benchmarks/xblock_wat/aaaaaaaa5555_9329320_946c71f74c03.wat","SUPPORTED",12463,12463,0,100.00,"",""
"benchmarks/xblock_wat/aaaaaaaavip3_88227907_0f37a52e16ad.wat","SUPPORTED",8878,8878,0,100.00,"",""
"benchmarks/xblock_wat/aaaabbbbcccd_39933754_ad44e9755e99.wat","SUPPORTED",3760,3760,0,100.00,"",""
"benchmarks/xblock_wat/aaaabbbbcccd_40178729_440099d1865f.wat","SUPPORTED",6978,6978,0,100.00,"",""
"benchmarks/xblock_wat/aaaabbbbcccd_40193655_61918485a640.wat","SUPPORTED",3420,3420,0,100.00,"",""
"benchmarks/xblock_wat/aaaabbbbcccd_40194926_cda6484873a2.wat","SUPPORTED",3425,3425,0,100.00,"",""
"benchmarks/xblock_wat/aaaabbbbcccd_40363856_ccdecbffdcef.wat","SUPPORTED",5785,5785,0,100.00,"",""
"benchmarks/xblock_wat/aaaabbbbcccd_40364746_d0f99a95aa88.wat","SUPPORTED",5808,5808,0,100.00,"",""
"benchmarks/xblock_wat/aaaabbbbcccd_40365334_268464d9ece2.wat","SUPPORTED",5480,5480,0,100.00,"",""
"benchmarks/xblock_wat/aaaabbbbcccd_40365910_eb66ddcb620e.wat","SUPPORTED",5800,5800,0,100.00,"",""
"benchmarks/xblock_wat/aaaabbbbcccd_40367828_637403ab5bfe.wat","SUPPORTED",6059,6059,0,100.00,"",""
"benchmarks/xblock_wat/aaaabbbbcccd_40369285_11385c4de07f.wat","SUPPORTED",6038,6038,0,100.00,"",""
"benchmarks/xblock_wat/aaaabbbbcccd_40369972_0fca855b3ead.wat","SUPPORTED",5800,5800,0,100.00,"",""
"benchmarks/xblock_wat/aaaabbbbcccd_40370595_5a8a3de84130.wat","SUPPORTED",3559,3559,0,100.00,"",""
"benchmarks/xblock_wat/aaaabbbbcccd_40373097_e9f8d19c5d12.wat","SUPPORTED",3776,3776,0,100.00,"",""
"benchmarks/xblock_wat/aaaabbbbcccd_40377851_663cb2627468.wat","SUPPORTED",3195,3195,0,100.00,"",""
"benchmarks/xblock_wat/aaaabbbbcccd_40378439_3f6a7a095e51.wat","SUPPORTED",2923,2923,0,100.00,"",""
"benchmarks/xblock_wat/aaaabbbbcccd_40488275_969f24cffbf5.wat","SUPPORTED",2572,2572,0,100.00,"",""
"benchmarks/xblock_wat/aaaabbbbcccd_40493025_634456b54342.wat","SUPPORTED",3267,3267,0,100.00,"",""
"benchmarks/xblock_wat/aaaabbbbcccd_40497620_ee282fcf88e9.wat","SUPPORTED",3674,3674,0,100.00,"",""
"benchmarks/xblock_wat/aaaabbbbcccd_40498173_a5ace347f380.wat","SUPPORTED",3674,3674,0,100.00,"",""
"benchmarks/xblock_wat/aaaabbbbcccd_40504838_d46ff6d57bdc.wat","SUPPORTED",2993,2993,0,100.00,"",""
"benchmarks/xblock_wat/aaaabbbbcccd_40514347_8e24a1ce0db2.wat","SUPPORTED",3784,3784,0,100.00,"",""
"benchmarks/xblock_wat/aaaabbbbcccd_40660003_24e874b5807a.wat","SUPPORTED",3172,3172,0,100.00,"",""
"benchmarks/xblock_wat/aaaabbbbcccd_40661801_83553de6e1fc.wat","SUPPORTED",3165,3165,0,100.00,"",""
"benchmarks/xblock_wat/aaaabbbbcccd_40669503_9d1d344f013f.wat","SUPPORTED",3287,3287,0,100.00,"",""
"benchmarks/xblock_wat/aaaabbbbcccd_40672063_fd3f15a98fa2.wat","SUPPORTED",3292,3292,0,100.00,"",""
"benchmarks/xblock_wat/aaaabbbbcccd_40673226_42dfa6c76b71.wat","SUPPORTED",3287,3287,0,100.00,"",""
"benchmarks/xblock_wat/aaaabbbbcccd_40674213_2bb3cb65d7aa.wat","SUPPORTED",3292,3292,0,100.00,"",""
"benchmarks/xblock_wat/aaaabbbbcccd_40692295_52fb1d4e6e56.wat","SUPPORTED",3632,3632,0,100.00,"",""
"benchmarks/xblock_wat/aaaabbbbcccd_40694717_1d320e3bf69e.wat","SUPPORTED",5625,5625,0,100.00,"",""
"benchmarks/xblock_wat/aaaabbbbcccd_40695041_5774c6019196.wat","SUPPORTED",5625,5625,0,100.00,"",""
"benchmarks/xblock_wat/aaaabbbbcccd_40698365_50ecee0b5113.wat","SUPPORTED",4795,4795,0,100.00,"",""
"benchmarks/xblock_wat/aaaabbbbcccd_40703093_2e6fe88361d1.wat","SUPPORTED",3183,3183,0,100.00,"",""
"benchmarks/xblock_wat/aaaabbbbcccd_40707986_cde2af7658e7.wat","SUPPORTED",3564,3564,0,100.00,"",""
"benchmarks/xblock_wat/aaaabbbbcccd_40708759_393685726219.wat","SUPPORTED",3569,3569,0,100.00,"",""
"benchmarks/xblock_wat/aaaabbbbcccd_40759058_03a449278a6c.wat","SUPPORTED",4711,4711,0,100.00,"",""
"benchmarks/xblock_wat/aaaabbbbcccd_40937719_090fb2b3e51b.wat","SUPPORTED",2868,2868,0,100.00,"",""
"benchmarks/xblock_wat/aaaabbbbcccd_40947431_3a0efbee4278.wat","SUPPORTED",2868,2868,0,100.00,"",""
"benchmarks/xblock_wat/aaaabbbbcccd_40948185_9f3d2c3cef1d.wat","SUPPORTED",2868,2868,0,100.00,"",""
"benchmarks/xblock_wat/aaaabbbbcccd_40950094_1b6537d02e86.wat","SUPPORTED",2868,2868,0,100.00,"",""
"benchmarks/xblock_wat/aaaabbbbcccd_40964250_fad9162f0004.wat","SUPPORTED",2868,2868,0,100.00,"",""
"benchmarks/xblock_wat/aaaabbbbcccd_40978176_312f8590ff7c.wat","SUPPORTED",3504,3504,0,100.00,"",""
"benchmarks/xblock_wat/aaaabbbbcccd_41006976_c551f76a9f03.wat","SUPPORTED",2868,2868,0,100.00,"",""
"benchmarks/xblock_wat/aaaabbbbcccd_41021439_a8835fa38b47.wat","SUPPORTED",3391,3391,0,100.00,"",""
"benchmarks/xblock_wat/aaaabbbbcccd_41024749_451f3c45d447.wat","SUPPORTED",3650,3650,0,100.00,"",""
"benchmarks/xblock_wat/aaaabbbbcccd_41025508_d3286942fa40.wat","SUPPORTED",3655,3655,0,100.00,"",""
"benchmarks/xblock_wat/aaaabbbbcccd_41144001_519e3c945b51.wat","SUPPORTED",3444,3444,0,100.00,"",""
"benchmarks/xblock_wat/aaaabbbbcccd_41158717_cea883295cd0.wat","SUPPORTED",7,7,0,100.00,"",""
"benchmarks/xblock_wat/aaaabbbbcccd_41158798_662e1a38ded9.wat","SUPPORTED",3449,3449,0,100.00,"",""
"benchmarks/xblock_wat/aaaabbbbcccd_41159016_ccd800c0ea87.wat","SUPPORTED",2229,2229,0,100.00,"",""
"benchmarks/xblock_wat/aaaabbbbcccd_41159284_ce9a606122ac.wat","SUPPORTED",2868,2868,0,100.00,"",""
"benchmarks/xblock_wat/aaaabbbbcccd_41160027_a553a9618ef1.wat","SUPPORTED",2884,2884,0,100.00,"",""
"benchmarks/xblock_wat/aaaabbbbcccd_41160749_3b83df37112a.wat","SUPPORTED",2889,2889,0,100.00,"",""
"benchmarks/xblock_wat/aaaabbbbcccd_41231805_7587b7579bf8.wat","SUPPORTED",2909,2909,0,100.00,"",""
"benchmarks/xblock_wat/aaaabbbbccdd_41008018_02b0b06d612d.wat","SUPPORTED",3077,3077,0,100.00,"",""
"benchmarks/xblock_wat/aaababyclubs_11791254_0491cda8bd77.wat","SUPPORTED",14028,14028,0,100.00,"",""
"benchmarks/xblock_wat/aaababyclubs_17515751_84f55d5b4cfc.wat","SUPPORTED",32698,32698,0,100.00,"",""
"benchmarks/xblock_wat/aaababyclubs_17609903_a3dce7f7bdab.wat","SUPPORTED",32877,32877,0,100.00,"",""
"benchmarks/xblock_wat/aaabbbcccppp_33206355_9a2e9662fbfd.wat","SUPPORTED",2091,2091,0,100.00,"",""
"benchmarks/xblock_wat/aaasportsnba_33958189_1af37ccf758b.wat","SUPPORTED",38720,38720,0,100.00,"",""
"benchmarks/xblock_wat/aabbccddeefg_16506669_db79dc216ebe.wat","SUPPORTED",18604,18604,0,100.00,"",""
"benchmarks/xblock_wat/aabbccddeefg_16507208_c33cd135a59e.wat","SUPPORTED",18772,18772,0,100.00,"",""
"benchmarks/xblock_wat/aabbccddeefg_16507415_d352701fd477.wat","SUPPORTED",10403,10403,0,100.00,"",""
"benchmarks/xblock_wat/aali5fkop2md_53369883_7ba4ad268985.wat","SUPPORTED",66508,66508,0,100.00,"",""
"benchmarks/xblock_wat/aali5fkop2md_53373208_f230f0763c3f.wat","SUPPORTED",66259,66259,0,100.00,"",""
"benchmarks/xblock_wat/aali5fkop2md_53416915_d10d0866b644.wat","SUPPORTED",66561,66561,0,100.00,"",""
"benchmarks/xblock_wat/aali5fkop2md_53543901_78160366f281.wat","SUPPORTED",66998,66998,0,100.00,"",""
"benchmarks/xblock_wat/aali5fkop2md_53544166_28ed7bd50a0c.wat","SUPPORTED",67001,67001,0,100.00,"",""
"benchmarks/xblock_wat/aali5fkop2md_53544876_5d0fc0a2232d.wat","SUPPORTED",66503,66503,0,100.00,"",""
"benchmarks/xblock_wat/aali5fkop2md_53545196_718e009b7cdb.wat","SUPPORTED",66506,66506,0,100.00,"",""
"benchmarks/xblock_wat/aali5fkop2md_53560445_b6b8d811d554.wat","SUPPORTED",67386,67386,0,100.00,"",""
"benchmarks/xblock_wat/aali5fkop2md_53562525_63be92dc050a.wat","SUPPORTED",67392,67392,0,100.00,"",""
"benchmarks/xblock_wat/aali5fkop2md_53564442_139421821667.wat","SUPPORTED",67412,67412,0,100.00,"",""
"benchmarks/xblock_wat/aali5fkop2md_53570484_3727e53ce83b.wat","SUPPORTED",67400,67400,0,100.00,"",""
"benchmarks/xblock_wat/aali5fkop2md_53602858_a518ee413aef.wat","SUPPORTED",72112,72112,0,100.00,"",""
"benchmarks/xblock_wat/aali5fkop2md_53604767_295d21c271c0.wat","SUPPORTED",72112,72112,0,100.00,"",""
"benchmarks/xblock_wat/aali5fkop2md_53608030_2f967c6e6ec3.wat","SUPPORTED",72124,72124,0,100.00,"",""
"benchmarks/xblock_wat/aali5fkop2md_53611104_8e95d4a65060.wat","SUPPORTED",72075,72075,0,100.00,"",""
"benchmarks/xblock_wat/aali5fkop2md_53611952_955bcd051da6.wat","SUPPORTED",72098,72098,0,100.00,"",""
"benchmarks/xblock_wat/aali5fkop2md_53612939_9691f4621a6f.wat","SUPPORTED",72009,72009,0,100.00,"",""
"benchmarks/xblock_wat/aali5fkop2md_53613842_7f18d0116aa1.wat","SUPPORTED",72009,72009,0,100.00,"",""
"benchmarks/xblock_wat/aali5fkop2md_53709985_5d5a33a935d6.wat","SUPPORTED",72021,72021,0,100.00,"",""
"benchmarks/xblock_wat/aali5fkop2md_53711216_7adcc2a235d5.wat","SUPPORTED",72029,72029,0,100.00,"",""
"benchmarks/xblock_wat/aali5fkop2md_53712785_0369ae53604c.wat","SUPPORTED",71949,71949,0,100.00,"",""
"benchmarks/xblock_wat/aali5fkop2md_53716387_1a4c956776cd.wat","SUPPORTED",71725,71725,0,100.00,"",""
"benchmarks/xblock_wat/aali5fkop2md_53719931_b1286c67a73b.wat","SUPPORTED",71784,71784,0,100.00,"",""
"benchmarks/xblock_wat/aali5fkop2md_53732235_76d2f4b5e332.wat","SUPPORTED",75642,75642,0,100.00,"",""
"benchmarks/xblock_wat/aali5fkop2md_53732614_29a1787a7347.wat","SUPPORTED",75671,75671,0,100.00,"",""
"benchmarks/xblock_wat/aali5fkop2md_53734296_1997da8c9de9.wat","SUPPORTED",75741,75741,0,100.00,"",""
"benchmarks/xblock_wat/aali5fkop2md_53737100_42f3e20d18dc.wat","SUPPORTED",75741,75741,0,100.00,"",""
"benchmarks/xblock_wat/aali5fkop2md_53743496_2f9b3fdb5fe7.wat","SUPPORTED",75681,75681,0,100.00,"",""
"benchmarks/xblock_wat/aali5fkop2md_53747171_ce0c054c487e.wat","SUPPORTED",75594,75594,0,100.00,"",""
"benchmarks/xblock_wat/aali5fkop2md_53747892_b78df1ed7d8e.wat","SUPPORTED",75066,75066,0,100.00,"",""
"benchmarks/xblock_wat/aali5fkop2md_53749068_2d3f96963b46.wat","SUPPORTED",75041,75041,0,100.00,"",""
"benchmarks/xblock_wat/aali5fkop2md_53752619_c4d600d46144.wat","SUPPORTED",76116,76116,0,100.00,"",""
"benchmarks/xblock_wat/aali5fkop2md_53757639_027e05f7160a.wat","SUPPORTED",76116,76116,0,100.00,"",""
"benchmarks/xblock_wat/aali5fkop2md_53758880_2ab831082938.wat","SUPPORTED",76052,76052,0,100.00,"",""
"benchmarks/xblock_wat/aali5fkop2md_53760087_c98050e69f2b.wat","SUPPORTED",76047,76047,0,100.00,"",""
"benchmarks/xblock_wat/aali5fkop2md_53767713_9d5e9ce496a7.wat","SUPPORTED",76047,76047,0,100.00,"",""
"benchmarks/xblock_wat/aali5fkop2md_53768780_c841ba4923b4.wat","SUPPORTED",76047,76047,0,100.00,"",""
"benchmarks/xblock_wat/aali5fkop2md_53777369_e642b20e2f87.wat","SUPPORTED",76427,76427,0,100.00,"",""
"benchmarks/xblock_wat/aali5fkop2md_53780317_60e613a2549b.wat","SUPPORTED",77387,77387,0,100.00,"",""
"benchmarks/xblock_wat/aali5fkop2md_53780483_59d0cb5e1e8e.wat","SUPPORTED",77387,77387,0,100.00,"",""
"benchmarks/xblock_wat/aali5fkop2md_53780865_709e5f5f6a7f.wat","SUPPORTED",77387,77387,0,100.00,"",""
"benchmarks/xblock_wat/aali5fkop2md_53781962_2108ff93a275.wat","SUPPORTED",77375,77375,0,100.00,"",""
"benchmarks/xblock_wat/aali5fkop2md_54230576_6e01651d4fd2.wat","SUPPORTED",77277,77277,0,100.00,"",""
"benchmarks/xblock_wat/aali5fkop2md_54233683_9608ffed9cad.wat","SUPPORTED",77273,77273,0,100.00,"",""
"benchmarks/xblock_wat/aali5fkop2md_54235521_052d3c36759b.wat","SUPPORTED",76733,76733,0,100.00,"",""
"benchmarks/xblock_wat/aali5fkop2md_54235786_d70f0349b7ae.wat","SUPPORTED",76732,76732,0,100.00,"",""
"benchmarks/xblock_wat/aali5fkop2md_54237965_4fc455ff6d6a.wat","SUPPORTED",76578,76578,0,100.00,"",""
"benchmarks/xblock_wat/aali5fkop2md_54239024_2bc02cd34432.wat","SUPPORTED",76646,76646,0,100.00,"",""
"benchmarks/xblock_wat/aali5fkop2md_54239716_1e0df146457f.wat","SUPPORTED",76646,76646,0,100.00,"",""
"benchmarks/xblock_wat/aali5fkop2md_54249215_8578234d279a.wat","SUPPORTED",76646,76646,0,100.00,"",""
"benchmarks/xblock_wat/aali5fkop2md_54250742_101d789b1bfa.wat","SUPPORTED",76578,76578,0,100.00,"",""
"benchmarks/xblock_wat/aali5fkop2md_54251473_076dcddc3ae1.wat","SUPPORTED",75410,75410,0,100.00,"",""
"benchmarks/xblock_wat/aali5fkop2md_54254248_3df90e5cc760.wat","SUPPORTED",76536,76536,0,100.00,"",""
"benchmarks/xblock_wat/aali5fkop2md_54260651_38521c6107b7.wat","SUPPORTED",76669,76669,0,100.00,"",""
"benchmarks/xblock_wat/aali5fkop2md_54262285_8cb7eda42760.wat","SUPPORTED",76670,76670,0,100.00,"",""
"benchmarks/xblock_wat/aali5fkop2md_54283054_79b55462c5d2.wat","SUPPORTED",76713,76713,0,100.00,"",""
"benchmarks/xblock_wat/aali5fkop2md_54290496_bdebc6b02bb5.wat","SUPPORTED",76451,76451,0,100.00,"",""
"benchmarks/xblock_wat/aali5fkop2md_54290848_35be7fcdb884.wat","SUPPORTED",76559,76559,0,100.00,"",""
"benchmarks/xblock_wat/aali5fkop2md_54291301_988d253449b6.wat","SUPPORTED",76728,76728,0,100.00,"",""
"benchmarks/xblock_wat/aali5fkop2md_54293966_06fa41bddbfa.wat","SUPPORTED",77352,77352,0,100.00,"",""
"benchmarks/xblock_wat/aali5fkop2md_54436469_b75088f59154.wat","SUPPORTED",77882,77882,0,100.00,"",""
"benchmarks/xblock_wat/aali5fkop2md_54437622_4f831d175589.wat","SUPPORTED",78077,78077,0,100.00,"",""
"benchmarks/xblock_wat/aali5fkop2md_54467464_b4729574c80f.wat","SUPPORTED",78881,78881,0,100.00,"",""
"benchmarks/xblock_wat/aaronchenhao_39267130_1a9c01c26243.wat","SUPPORTED",957,957,0,100.00,"",""
"benchmarks/xblock_wat/abbydicegame_28392344_339b37099a7f.wat","SUPPORTED",30731,30731,0,100.00,"",""
"benchmarks/xblock_wat/abbydicegame_28935234_ed944bfc57d7.wat","SUPPORTED",30785,30785,0,100.00,"",""
"benchmarks/xblock_wat/abbydicegame_28944722_68e577c22213.wat","SUPPORTED",30418,30418,0,100.00,"",""
"benchmarks/xblock_wat/abbydicegame_28945609_3bb674ceb17d.wat","SUPPORTED",30785,30785,0,100.00,"",""
"benchmarks/xblock_wat/abbydicegame_28946580_62ed9475e106.wat","SUPPORTED",30803,30803,0,100.00,"",""
"benchmarks/xblock_wat/abbydicegame_29081419_1fb6b88ff763.wat","SUPPORTED",30785,30785,0,100.00,"",""
"benchmarks/xblock_wat/abbydicelogs_28251810_a2a8e5e312b8.wat","SUPPORTED",1604,1604,0,100.00,"",""
"benchmarks/xblock_wat/abcdabcd1314_36526884_a1e21e2b4559.wat","SUPPORTED",6374,6374,0,100.00,"",""
"benchmarks/xblock_wat/abcdabcd1314_36527289_07101dd85e55.wat","SUPPORTED",6377,6377,0,100.00,"",""
"benchmarks/xblock_wat/abcdabcd1314_36528637_a0088c5b659d.wat","SUPPORTED",6377,6377,0,100.00,"",""
"benchmarks/xblock_wat/abcdabcd1314_36528961_e4b09c70537c.wat","SUPPORTED",6062,6062,0,100.00,"",""
"benchmarks/xblock_wat/abcdabcd1314_36532555_4e48ec79b8cf.wat","SUPPORTED",6363,6363,0,100.00,"",""
"benchmarks/xblock_wat/abcdabcd1314_36533236_5041bb9eeec6.wat","SUPPORTED",6377,6377,0,100.00,"",""
"benchmarks/xblock_wat/abcdabcd1314_36534101_9ccfcfa27524.wat","SUPPORTED",6387,6387,0,100.00,"",""
"benchmarks/xblock_wat/abcdabcd1314_36534977_e187ba102be9.wat","SUPPORTED",6377,6377,0,100.00,"",""
"benchmarks/xblock_wat/abcdabcd1314_36535304_91b14bfcd04b.wat","SUPPORTED",6377,6377,0,100.00,"",""
"benchmarks/xblock_wat/abcdabcd1314_36535539_db3d3549e55c.wat","SUPPORTED",6377,6377,0,100.00,"",""
"benchmarks/xblock_wat/abcdabcd1314_36535731_47312e6414d5.wat","SUPPORTED",6377,6377,0,100.00,"",""
"benchmarks/xblock_wat/abcdabcd1314_36535868_2c30442a42df.wat","SUPPORTED",6456,6456,0,100.00,"",""
"benchmarks/xblock_wat/abcdabcd1314_36617663_0cf0e81f594a.wat","SUPPORTED",6537,6537,0,100.00,"",""
"benchmarks/xblock_wat/abcdabcd1314_36617844_1161f263a3b0.wat","SUPPORTED",6537,6537,0,100.00,"",""
"benchmarks/xblock_wat/abcdabcd1314_36617912_cc6aeea49d31.wat","SUPPORTED",6530,6530,0,100.00,"",""
"benchmarks/xblock_wat/abcdabcd1314_36618112_00e55641442d.wat","SUPPORTED",6527,6527,0,100.00,"",""
"benchmarks/xblock_wat/abcdabcd1314_36620785_c8e10ed752c1.wat","SUPPORTED",14782,14782,0,100.00,"",""
"benchmarks/xblock_wat/abcdabcd1314_36624460_532e2b85be5d.wat","SUPPORTED",14683,14683,0,100.00,"",""
"benchmarks/xblock_wat/abcdabcd1314_36624778_607fe0ab8219.wat","SUPPORTED",14683,14683,0,100.00,"",""
"benchmarks/xblock_wat/abcdabcd1314_36624882_a1166248e2df.wat","SUPPORTED",6032,6032,0,100.00,"",""
"benchmarks/xblock_wat/abcdabcd1314_36625497_91d4603a45ce.wat","SUPPORTED",6032,6032,0,100.00,"",""
"benchmarks/xblock_wat/abcdabcd1314_36625556_24c0e13c980d.wat","SUPPORTED",6032,6032,0,100.00,"",""
"benchmarks/xblock_wat/abcdabcd1314_36627656_6be217c34643.wat","SUPPORTED",6032,6032,0,100.00,"",""
"benchmarks/xblock_wat/abcdabcd1314_36627868_130287b8b786.wat","SUPPORTED",14683,14683,0,100.00,"",""
"benchmarks/xblock_wat/abcdabcd1314_36628058_e6a38d556816.wat","SUPPORTED",14683,14683,0,100.00,"",""
"benchmarks/xblock_wat/abcdabcd1314_36630012_8c4ca03b701a.wat","SUPPORTED",14686,14686,0,100.00,"",""
"benchmarks/xblock_wat/abcdabcd1314_36630135_f2eff20f53f3.wat","SUPPORTED",14710,14710,0,100.00,"",""
"benchmarks/xblock_wat/abcdabcd1314_36630406_12d394126a27.wat","SUPPORTED",14710,14710,0,100.00,"",""
"benchmarks/xblock_wat/abcdabcd1314_36632349_606cc00bdc6f.wat","SUPPORTED",14678,14678,0,100.00,"",""
"benchmarks/xblock_wat/abcdabcd1314_36634151_bc9f7a4e0190.wat","SUPPORTED",1190,1190,0,100.00,"",""
"benchmarks/xblock_wat/abcdabcd1314_36635427_30cbe392a2cb.wat","SUPPORTED",2355,2355,0,100.00,"",""
"benchmarks/xblock_wat/abcdabcd1314_36635998_67f7e2c41935.wat","SUPPORTED",1153,1153,0,100.00,"",""
"benchmarks/xblock_wat/abcxyzqwe123_58406311_4f8167fba36e.wat","SUPPORTED",7071,7071,0,100.00,"",""
"benchmarks/xblock_wat/abcxyzqwe123_58410839_78d5288e0fa3.wat","SUPPORTED",7062,7062,0,100.00,"",""
"benchmarks/xblock_wat/abcxyzqwe123_58411838_f355e872fbbf.wat","SUPPORTED",3343,3343,0,100.00,"",""
"benchmarks/xblock_wat/abcxyzqwe123_58412247_4b748e87c9db.wat","SUPPORTED",5887,5887,0,100.00,"",""
"benchmarks/xblock_wat/abcxyzqwe123_58412477_bb1e3f97a546.wat","SUPPORTED",5896,5896,0,100.00,"",""
"benchmarks/xblock_wat/abcxyzqwe123_58412679_246f88ed3e04.wat","SUPPORTED",7050,7050,0,100.00,"",""
"benchmarks/xblock_wat/abcxyzqwe123_58413042_9556a4923bb0.wat","SUPPORTED",7050,7050,0,100.00,"",""
"benchmarks/xblock_wat/abcxyzqwe123_58413310_59c86337ada5.wat","SUPPORTED",7050,7050,0,100.00,"",""
"benchmarks/xblock_wat/abcxyzqwe123_58413422_f1c0b5ed0deb.wat","SUPPORTED",7048,7048,0,100.00,"",""
"benchmarks/xblock_wat/abcxyzqwe123_58413462_0a95a8f51e87.wat","SUPPORTED",7050,7050,0,100.00,"",""
"benchmarks/xblock_wat/abcxyzqwe123_58413533_6eaee2fe9b10.wat","SUPPORTED",7050,7050,0,100.00,"",""
"benchmarks/xblock_wat/abcxyzqwe123_58413756_094d8e693dfa.wat","SUPPORTED",7050,7050,0,100.00,"",""
"benchmarks/xblock_wat/abcxyzqwe123_58413818_a5350ed7555d.wat","SUPPORTED",7050,7050,0,100.00,"",""
"benchmarks/xblock_wat/abcxyzqwe123_58413948_33565ac71dad.wat","SUPPORTED",7050,7050,0,100.00,"",""
"benchmarks/xblock_wat/abcxyzqwe123_58414130_e04cdde52b2a.wat","SUPPORTED",7050,7050,0,100.00,"",""
"benchmarks/xblock_wat/abcxyzqwe123_58781810_1e6db96a2bfe.wat","SUPPORTED",7076,7076,0,100.00,"",""
"benchmarks/xblock_wat/abcxyzqwe123_58784004_db11414d021a.wat","SUPPORTED",7214,7214,0,100.00,"",""
"benchmarks/xblock_wat/abcxyzqwe123_58784372_ee8c58623b62.wat","SUPPORTED",7276,7276,0,100.00,"",""
"benchmarks/xblock_wat/abcxyzqwe123_58784493_dd65ea18395b.wat","SUPPORTED",7267,7267,0,100.00,"",""
"benchmarks/xblock_wat/abcxyzqwe123_58784899_d8c402b5bf40.wat","SUPPORTED",7275,7275,0,100.00,"",""
"benchmarks/xblock_wat/abcxyzqwe123_58785387_0d87a801b0e5.wat","SUPPORTED",7178,7178,0,100.00,"",""
"benchmarks/xblock_wat/abcxyzqwe123_58785464_1481af7b9bdc.wat","SUPPORTED",6100,6100,0,100.00,"",""
"benchmarks/xblock_wat/abcxyzqwe123_58785550_87b768cdf203.wat","SUPPORTED",7090,7090,0,100.00,"",""
"benchmarks/xblock_wat/abcxyzqwe123_58788297_b450c354c789.wat","SUPPORTED",8232,8232,0,100.00,"",""
"benchmarks/xblock_wat/abcxyzqwe123_58788712_adba9388e47b.wat","SUPPORTED",8184,8184,0,100.00,"",""
"benchmarks/xblock_wat/abcxyzqwe123_58790311_97bd28922751.wat","SUPPORTED",8489,8489,0,100.00,"",""
"benchmarks/xblock_wat/abcxyzqwe123_58791796_88bbd94ae6f1.wat","SUPPORTED",8770,8770,0,100.00,"",""
"benchmarks/xblock_wat/abcxyzqwe123_58792240_46e76c283f16.wat","SUPPORTED",8713,8713,0,100.00,"",""
"benchmarks/xblock_wat/abcxyzqwe123_58792442_c045a9469608.wat","SUPPORTED",8711,8711,0,100.00,"",""
"benchmarks/xblock_wat/abcxyzqwe123_58792918_84731a919c7e.wat","SUPPORTED",8770,8770,0,100.00,"",""
"benchmarks/xblock_wat/abcxyzqwe123_58795095_ac6141068360.wat","SUPPORTED",8770,8770,0,100.00,"",""
"benchmarks/xblock_wat/abcxyzqwe123_58795245_84aa18725f98.wat","SUPPORTED",8770,8770,0,100.00,"",""
"benchmarks/xblock_wat/abcxyzqwe123_58795652_e8bc895cff4e.wat","SUPPORTED",8656,8656,0,100.00,"",""
"benchmarks/xblock_wat/abcxyzqwe123_58796105_6fd6aba1b086.wat","SUPPORTED",8656,8656,0,100.00,"",""
"benchmarks/xblock_wat/abcxyzqwe123_58798418_62806b55bb39.wat","SUPPORTED",8691,8691,0,100.00,"",""
"benchmarks/xblock_wat/abcxyzqwe123_58800522_1d442286e88a.wat","SUPPORTED",9489,9489,0,100.00,"",""
"benchmarks/xblock_wat/abcxyzqwe123_58801945_21f22efa5c8b.wat","SUPPORTED",9086,9086,0,100.00,"",""
"benchmarks/xblock_wat/abcxyzqwe123_58805700_e67c86a0e3ff.wat","SUPPORTED",9238,9238,0,100.00,"",""
"benchmarks/xblock_wat/abcxyzqwe123_58808208_2091bf5bc648.wat","SUPPORTED",9110,9110,0,100.00,"",""
"benchmarks/xblock_wat/abcxyzqwe123_58808304_7adca501ff9f.wat","SUPPORTED",9051,9051,0,100.00,"",""
"benchmarks/xblock_wat/abcxyzqwe123_58808680_df92b201e448.wat","SUPPORTED",8996,8996,0,100.00,"",""
"benchmarks/xblock_wat/abcxyzqwe123_58812453_17f7f419877c.wat","SUPPORTED",8894,8894,0,100.00,"",""
"benchmarks/xblock_wat/abcxyzqwe123_58812817_cfaf9445a780.wat","SUPPORTED",8894,8894,0,100.00,"",""
"benchmarks/xblock_wat/abcxyzqwe123_58837175_0103f3fa2447.wat","SUPPORTED",9057,9057,0,100.00,"",""
"benchmarks/xblock_wat/abcxyzqwe123_58841532_150de2dd58fe.wat","SUPPORTED",9187,9187,0,100.00,"",""
"benchmarks/xblock_wat/abcxyzqwe123_58842701_a469d5601449.wat","SUPPORTED",9244,9244,0,100.00,"",""
"benchmarks/xblock_wat/abcxyzqwe123_58970347_8cc6fa8eb9fd.wat","SUPPORTED",9116,9116,0,100.00,"",""
"benchmarks/xblock_wat/abcxyzqwe123_58978376_4c6eb9d6c11e.wat","SUPPORTED",9002,9002,0,100.00,"",""
"benchmarks/xblock_wat/abcxyzqwe123_58978791_6658d762737f.wat","SUPPORTED",8782,8782,0,100.00,"",""
"benchmarks/xblock_wat/abcxyzqwe123_58978897_17fb2769a8b7.wat","SUPPORTED",3477,3477,0,100.00,"",""
"benchmarks/xblock_wat/abcxyzqwe123_58978996_67af50cf54ed.wat","SUPPORTED",8219,8219,0,100.00,"",""
"benchmarks/xblock_wat/abcxyzqwe123_58979315_7098f64e013f.wat","SUPPORTED",4291,4291,0,100.00,"",""
"benchmarks/xblock_wat/abcxyzqwe123_58980010_e792562e4edc.wat","SUPPORTED",5304,5304,0,100.00,"",""
"benchmarks/xblock_wat/abcxyzqwe123_58980170_3c2cba5805a6.wat","SUPPORTED",5607,5607,0,100.00,"",""
"benchmarks/xblock_wat/abcxyzqwe123_58980227_c6680289bb34.wat","SUPPORTED",5885,5885,0,100.00,"",""
"benchmarks/xblock_wat/abcxyzqwe123_58980289_d38e092b3e2f.wat","SUPPORTED",5894,5894,0,100.00,"",""
"benchmarks/xblock_wat/abcxyzqwe123_58980340_ec24588316b8.wat","SUPPORTED",7960,7960,0,100.00,"",""
"benchmarks/xblock_wat/abcxyzqwe123_58982666_173170a2ad34.wat","SUPPORTED",8142,8142,0,100.00,"",""
"benchmarks/xblock_wat/abcxyzqwe123_58982779_bf9cf9c61561.wat","SUPPORTED",9161,9161,0,100.00,"",""
"benchmarks/xblock_wat/abcxyzqwe123_58982903_f7679ef5d710.wat","SUPPORTED",9033,9033,0,100.00,"",""
"benchmarks/xblock_wat/abcxyzqwe123_58983030_b15815b1ada8.wat","SUPPORTED",8974,8974,0,100.00,"",""
"benchmarks/xblock_wat/abcxyzqwe123_59090874_d1ad99297281.wat","SUPPORTED",9662,9662,0,100.00,"",""
"benchmarks/xblock_wat/abcxyzqwe123_59138768_99efddda6895.wat","SUPPORTED",10714,10714,0,100.00,"",""
"benchmarks/xblock_wat/abcxyzqwe123_59141862_bf2ad238d5f9.wat","SUPPORTED",10586,10586,0,100.00,"",""
"benchmarks/xblock_wat/abcxyzqwe123_59142794_2b9ca9593a83.wat","SUPPORTED",10399,10399,0,100.00,"",""
"benchmarks/xblock_wat/abcxyzqwe123_59152665_9d9677e849fb.wat","SUPPORTED",10714,10714,0,100.00,"",""
"benchmarks/xblock_wat/abcxyzqwe123_59155203_ded3e629f900.wat","SUPPORTED",10714,10714,0,100.00,"",""
"benchmarks/xblock_wat/abcxyzqwe123_59155879_c5032b013caf.wat","SUPPORTED",10719,10719,0,100.00,"",""
"benchmarks/xblock_wat/abcxyzqwe123_59157619_8841f14029bf.wat","SUPPORTED",10795,10795,0,100.00,"",""
"benchmarks/xblock_wat/abcxyzqwe123_67296956_8e5cf8d47b93.wat","SUPPORTED",11289,11289,0,100.00,"",""
"benchmarks/xblock_wat/abcxyzqwe123_84866735_fc68355672d7.wat","SUPPORTED",11359,11359,0,100.00,"",""
"benchmarks/xblock_wat/abelbintest1_30636721_70733b4ec8e6.wat","SUPPORTED",3656,3656,0,100.00,"",""
"benchmarks/xblock_wat/abelbintest1_30799967_053dcfa6bdbf.wat","SUPPORTED",3656,3656,0,100.00,"",""
"benchmarks/xblock_wat/abelbintest1_30802200_8152e25d7e23.wat","SUPPORTED",251,251,0,100.00,"",""
"benchmarks/xblock_wat/abelbintest1_30808691_37d41023356e.wat","SUPPORTED",4017,4017,0,100.00,"",""
"benchmarks/xblock_wat/abelbintest1_30813720_a75052858c36.wat","SUPPORTED",4186,4186,0,100.00,"",""
"benchmarks/xblock_wat/abelbintest1_30814094_e4fe263d8269.wat","SUPPORTED",4187,4187,0,100.00,"",""
"benchmarks/xblock_wat/acarservice1_36883062_a1a8fe3b3e30.wat","SUPPORTED",5434,5434,0,100.00,"",""
"benchmarks/xblock_wat/accdexchange_58432001_57bfbb355cb7.wat","SUPPORTED",45629,45629,0,100.00,"",""
"benchmarks/xblock_wat/accdexchange_58923853_a7be82acd4a3.wat","SUPPORTED",46250,46250,0,100.00,"",""
"benchmarks/xblock_wat/accentertain_67005923_80fd27fe3ab4.wat","SUPPORTED",20149,20149,0,100.00,"",""
"benchmarks/xblock_wat/accissuer123_53944297_1d3f43bf88b2.wat","SUPPORTED",25610,25610,0,100.00,"",""
"benchmarks/xblock_wat/accissuer123_54918129_b8e92209298b.wat","SUPPORTED",26249,26249,0,100.00,"",""
"benchmarks/xblock_wat/accissuer123_54918419_0ac9ca68b832.wat","SUPPORTED",26250,26250,0,100.00,"",""
"benchmarks/xblock_wat/accissuer123_60792849_36e04e0d1829.wat","SUPPORTED",26883,26883,0,100.00,"",""
"benchmarks/xblock_wat/accissuer123_71203488_2075721b33ac.wat","SUPPORTED",13367,13367,0,100.00,"",""
"benchmarks/xblock_wat/accissuer123_84441348_456e3d644f75.wat","SUPPORTED",14784,14784,0,100.00,"",""
"benchmarks/xblock_wat/accissuer123_84942884_1edb0fe9f602.wat","SUPPORTED",16172,16172,0,100.00,"",""
"benchmarks/xblock_wat/accissuer123_85676361_e27f0d6df72f.wat","SUPPORTED",17415,17415,0,100.00,"",""
"benchmarks/xblock_wat/accmaingate1_53945187_cfa95ff95498.wat","SUPPORTED",14997,14997,0,100.00,"",""
"benchmarks/xblock_wat/accmaingate1_55323487_f40d8603fb27.wat","SUPPORTED",27137,27137,0,100.00,"",""
"benchmarks/xblock_wat/accmaingate1_56674536_042e4452854f.wat","SUPPORTED",27991,27991,0,100.00,"",""
"benchmarks/xblock_wat/accmaingate1_59244662_5d1744705294.wat","SUPPORTED",29980,29980,0,100.00,"",""
"benchmarks/xblock_wat/accmaingate1_59436338_007bdc0781d9.wat","SUPPORTED",29963,29963,0,100.00,"",""
"benchmarks/xblock_wat/accmaingate1_60817623_2903b8e3e768.wat","SUPPORTED",36423,36423,0,100.00,"",""
"benchmarks/xblock_wat/accmaingate1_63898763_0a6f710e68f1.wat","SUPPORTED",38871,38871,0,100.00,"",""
"benchmarks/xblock_wat/accmaingate1_84630997_ce1db278f87a.wat","SUPPORTED",35821,35821,0,100.00,"",""
"benchmarks/xblock_wat/account.info_67051100_1836a013299e.wat","SUPPORTED",13845,13845,0,100.00,"",""
"benchmarks/xblock_wat/account.info_68946852_12d2d9be34b2.wat","SUPPORTED",15226,15226,0,100.00,"",""
"benchmarks/xblock_wat/account.info_68947630_45be792d9bdc.wat","SUPPORTED",15226,15226,0,100.00,"",""
"benchmarks/xblock_wat/account.info_68973175_aab207007117.wat","SUPPORTED",15234,15234,0,100.00,"",""
"benchmarks/xblock_wat/account.info_69277664_a9529e605337.wat","SUPPORTED",17121,17121,0,100.00,"",""
"benchmarks/xblock_wat/account.info_69278863_46d698e266cd.wat","SUPPORTED",17121,17121,0,100.00,"",""
"benchmarks/xblock_wat/account.info_69302452_2c813d444764.wat","SUPPORTED",17119,17119,0,100.00,"",""
"benchmarks/xblock_wat/account.info_69344936_ef3e56e9964d.wat","SUPPORTED",17119,17119,0,100.00,"",""
"benchmarks/xblock_wat/account.info_70489207_3ea8fde6c7be.wat","SUPPORTED",18239,18239,0,100.00,"",""
"benchmarks/xblock_wat/account.info_70645168_9d4f907a5ac5.wat","SUPPORTED",18249,18249,0,100.00,"",""
"benchmarks/xblock_wat/accountasset_26731688_7e3ba9218853.wat","SUPPORTED",11661,11661,0,100.00,"",""
"benchmarks/xblock_wat/accountasset_26733113_ee590a405148.wat","SUPPORTED",11616,11616,0,100.00,"",""
"benchmarks/xblock_wat/accountasset_26734720_476ed7a52109.wat","SUPPORTED",11619,11619,0,100.00,"",""
"benchmarks/xblock_wat/accountasset_26735973_56035d69f027.wat","SUPPORTED",11619,11619,0,100.00,"",""
"benchmarks/xblock_wat/accountasset_26737205_d2a7bdb5ab32.wat","SUPPORTED",11432,11432,0,100.00,"",""
"benchmarks/xblock_wat/accountasset_26738500_182df7439d99.wat","SUPPORTED",11929,11929,0,100.00,"",""
"benchmarks/xblock_wat/accountasset_26738589_216abd2344a5.wat","SUPPORTED",11929,11929,0,100.00,"",""
"benchmarks/xblock_wat/accountasset_26738843_865083768a8d.wat","SUPPORTED",12116,12116,0,100.00,"",""
"benchmarks/xblock_wat/accountasset_26740037_84591ee17d98.wat","SUPPORTED",13663,13663,0,100.00,"",""
"benchmarks/xblock_wat/accountasset_26740834_2e53fe864b94.wat","SUPPORTED",13668,13668,0,100.00,"",""
"benchmarks/xblock_wat/accountasset_26747341_35ff61ad9068.wat","SUPPORTED",4083,4083,0,100.00,"",""
"benchmarks/xblock_wat/accountasset_26747595_610ecc708927.wat","SUPPORTED",4086,4086,0,100.00,"",""
"benchmarks/xblock_wat/accountasset_27077873_8e3f040c2f91.wat","SUPPORTED",10307,10307,0,100.00,"",""
"benchmarks/xblock_wat/accountasset_27090245_799c580aa179.wat","SUPPORTED",3903,3903,0,100.00,"",""
"benchmarks/xblock_wat/accountasset_27090766_9192a0591bd7.wat","SUPPORTED",3944,3944,0,100.00,"",""
"benchmarks/xblock_wat/accountasset_27592207_aa56ec99361d.wat","SUPPORTED",17263,17263,0,100.00,"",""
"benchmarks/xblock_wat/accountasset_27764045_c87a8777fe94.wat","SUPPORTED",17238,17238,0,100.00,"",""
"benchmarks/xblock_wat/accountasset_28276972_875322acb777.wat","SUPPORTED",3224,3224,0,100.00,"",""
"benchmarks/xblock_wat/accountasset_32921252_1c97e865c7e6.wat","SUPPORTED",16421,16421,0,100.00,"",""
"benchmarks/xblock_wat/accountasset_32921700_d73835e7cde1.wat","SUPPORTED",16421,16421,0,100.00,"",""
"benchmarks/xblock_wat/accountasset_32921802_05ae1e5fb755.wat","SUPPORTED",16421,16421,0,100.00,"",""
"benchmarks/xblock_wat/accountasset_32921937_f70b16322522.wat","SUPPORTED",16421,16421,0,100.00,"",""
"benchmarks/xblock_wat/accountasset_32922113_a9b0299e7bf6.wat","SUPPORTED",16421,16421,0,100.00,"",""
"benchmarks/xblock_wat/accountasset_32922653_699c093eead8.wat","SUPPORTED",16475,16475,0,100.00,"",""
"benchmarks/xblock_wat/accountbadla_31972607_92b0dd48160e.wat","SUPPORTED",12080,12080,0,100.00,"",""
"benchmarks/xblock_wat/accountbadla_33488315_fc8a7752d064.wat","SUPPORTED",12685,12685,0,100.00,"",""
"benchmarks/xblock_wat/accountbadla_34972268_3c641a1c171f.wat","SUPPORTED",13349,13349,0,100.00,"",""
"benchmarks/xblock_wat/accountbadla_36388047_2efd61b59de6.wat","SUPPORTED",10081,10081,0,100.00,"",""
"benchmarks/xblock_wat/accountbadla_36394351_793ef9e6fbcb.wat","SUPPORTED",10081,10081,0,100.00,"",""
"benchmarks/xblock_wat/accountbadla_36395794_d54377070096.wat","SUPPORTED",10111,10111,0,100.00,"",""
"benchmarks/xblock_wat/accountbadla_36396816_5020a88f6942.wat","SUPPORTED",10111,10111,0,100.00,"",""
"benchmarks/xblock_wat/accountcreat_12647066_9d5c59d0c6cc.wat","SUPPORTED",15244,15244,0,100.00,"",""
"benchmarks/xblock_wat/accountcreat_12756308_7c9d2c1fbad1.wat","SUPPORTED",14884,14884,0,100.00,"",""
"benchmarks/xblock_wat/accountcreat_12777907_cb419b403fa1.wat","SUPPORTED",14883,14883,0,100.00,"",""
"benchmarks/xblock_wat/accountcreat_13808449_ca759264c451.wat","SUPPORTED",18300,18300,0,100.00,"",""
"benchmarks/xblock_wat/accountcreat_13827333_b65454552ea8.wat","SUPPORTED",18300,18300,0,100.00,"",""
"benchmarks/xblock_wat/accountcreat_16401653_df9ede5465df.wat","SUPPORTED",17546,17546,0,100.00,"",""
"benchmarks/xblock_wat/accountcreat_16437860_4275a750286e.wat","SUPPORTED",14355,14355,0,100.00,"",""
"benchmarks/xblock_wat/accountcreat_16441054_4f6adeda3bea.wat","SUPPORTED",14355,14355,0,100.00,"",""
"benchmarks/xblock_wat/accountcreat_16441250_059b02cc651a.wat","SUPPORTED",17546,17546,0,100.00,"",""
"benchmarks/xblock_wat/accountcreat_41540316_268535a3add9.wat","SUPPORTED",21743,21743,0,100.00,"",""
"benchmarks/xblock_wat/accountcreat_4857034_8ffb5db9a8c2.wat","SUPPORTED",10493,10493,0,100.00,"",""
"benchmarks/xblock_wat/accountcreat_4860551_13ffa005cb7b.wat","SUPPORTED",10500,10500,0,100.00,"",""
"benchmarks/xblock_wat/accountcreat_4924429_5475cb819f74.wat","SUPPORTED",10853,10853,0,100.00,"",""
"benchmarks/xblock_wat/accountcreat_5151907_92dbc9055513.wat","SUPPORTED",10866,10866,0,100.00,"",""
"benchmarks/xblock_wat/accountcreat_54619382_504d98d6d201.wat","SUPPORTED",21805,21805,0,100.00,"",""
"benchmarks/xblock_wat/accountcreat_58478362_c55c4c3707ae.wat","SUPPORTED",23132,23132,0,100.00,"",""
"benchmarks/xblock_wat/accountcreat_58479105_1b6dd1d5582f.wat","SUPPORTED",23134,23134,0,100.00,"",""
"benchmarks/xblock_wat/accountcreat_58479206_6917253b1a05.wat","SUPPORTED",23136,23136,0,100.00,"",""
"benchmarks/xblock_wat/accountcreat_58479542_aa98bcc61e7e.wat","SUPPORTED",23132,23132,0,100.00,"",""
"benchmarks/xblock_wat/accountcreat_58479691_27b111fa3a53.wat","SUPPORTED",23132,23132,0,100.00,"",""
"benchmarks/xblock_wat/accountcreat_58610184_54544dc9f339.wat","SUPPORTED",21801,21801,0,100.00,"",""
"benchmarks/xblock_wat/accountcreat_58693783_de73118bda6d.wat","SUPPORTED",22671,22671,0,100.00,"",""
"benchmarks/xblock_wat/accountcreat_59116508_6e0076a41a31.wat","SUPPORTED",22671,22671,0,100.00,"",""
"benchmarks/xblock_wat/accountcreat_59457490_ca60ff50afe6.wat","SUPPORTED",22675,22675,0,100.00,"",""
"benchmarks/xblock_wat/accountcreat_6272202_1f914f251b8e.wat","SUPPORTED",11104,11104,0,100.00,"",""
"benchmarks/xblock_wat/accountcreat_64633273_0698d23e494c.wat","SUPPORTED",24006,24006,0,100.00,"",""
"benchmarks/xblock_wat/accounteos22_22010734_4f872aae5479.wat","SUPPORTED",6914,6914,0,100.00,"",""
"benchmarks/xblock_wat/accountless1_54959340_9cabccb480d6.wat","SUPPORTED",6323,6323,0,100.00,"",""
"benchmarks/xblock_wat/accountlock1_72430415_55394b832dba.wat","SUPPORTED",20153,20153,0,100.00,"",""
"benchmarks/xblock_wat/accountlock1_72583065_2dce5f3d7440.wat","SUPPORTED",20153,20153,0,100.00,"",""
"benchmarks/xblock_wat/accountlock1_72602858_2d462e8388f3.wat","SUPPORTED",20321,20321,0,100.00,"",""
"benchmarks/xblock_wat/accountlock1_72603478_d6e2673f8d98.wat","SUPPORTED",20323,20323,0,100.00,"",""
"benchmarks/xblock_wat/accountphoto_24044235_c3d175df8121.wat","SUPPORTED",3954,3954,0,100.00,"",""
"benchmarks/xblock_wat/accountpoolm_45127318_fb3f0aad197a.wat","SUPPORTED",10919,10919,0,100.00,"",""
"benchmarks/xblock_wat/accountpower_19439381_a57836046dc9.wat","SUPPORTED",16055,16055,0,100.00,"",""
"benchmarks/xblock_wat/accountpower_19456560_3859fb8511da.wat","SUPPORTED",16058,16058,0,100.00,"",""
"benchmarks/xblock_wat/accountpower_19476305_b850ed21da90.wat","SUPPORTED",16516,16516,0,100.00,"",""
"benchmarks/xblock_wat/accountw1212_60539859_f7eb5d331b5c.wat","SUPPORTED",3019,3019,0,100.00,"",""
"benchmarks/xblock_wat/accountw1212_60564414_268df1a9a4bb.wat","SUPPORTED",3425,3425,0,100.00,"",""
"benchmarks/xblock_wat/accpayment11_81181352_dd5d23a73fa3.wat","SUPPORTED",27035,27035,0,100.00,"",""
"benchmarks/xblock_wat/acctoken1234_60482228_8d43314afc0f.wat","SUPPORTED",5726,5726,0,100.00,"",""
"benchmarks/xblock_wat/acctoken1234_63430787_6ceeb0488714.wat","SUPPORTED",5726,5726,0,100.00,"",""
"benchmarks/xblock_wat/acctoken1234_66542497_2ef37a239816.wat","SUPPORTED",25641,25641,0,100.00,"",""
"benchmarks/xblock_wat/acctoken1234_86723918_9c7a31196045.wat","SUPPORTED",28009,28009,0,100.00,"",""
"benchmarks/xblock_wat/acctoken1234_87800754_97e6e701931a.wat","SUPPORTED",28009,28009,0,100.00,"",""
"benchmarks/xblock_wat/acctoken1234_88226921_d97ee8ae7c74.wat","SUPPORTED",27320,27320,0,100.00,"",""
"benchmarks/xblock_wat/acegameballs_84468191_689a4b4db8b4.wat","SUPPORTED",36637,36637,0,100.00,"",""
"benchmarks/xblock_wat/acegameballs_84603990_d71a9d25000a.wat","SUPPORTED",36032,36032,0,100.00,"",""
"benchmarks/xblock_wat/acegameballs_84968728_3ee72e30625b.wat","SUPPORTED",35045,35045,0,100.00,"",""
"benchmarks/xblock_wat/acegameballs_86215108_539e9276b581.wat","SUPPORTED",35125,35125,0,100.00,"",""
"benchmarks/xblock_wat/acegamedice1_49767631_fd18045d56e2.wat","SUPPORTED",22919,22919,0,100.00,"",""
"benchmarks/xblock_wat/acegamedice1_50110884_9c77eaebd250.wat","SUPPORTED",22919,22919,0,100.00,"",""
"benchmarks/xblock_wat/acegamedice1_50631008_1868894649b1.wat","SUPPORTED",22919,22919,0,100.00,"",""
"benchmarks/xblock_wat/acegamedice1_57885025_e734bf278ea7.wat","SUPPORTED",24210,24210,0,100.00,"",""
"benchmarks/xblock_wat/acegamedvdnt_49621936_5b77fa85056a.wat","SUPPORTED",5816,5816,0,100.00,"",""
"benchmarks/xblock_wat/acegameegglg_65655533_bec3b03eed98.wat","SUPPORTED",3911,3911,0,100.00,"",""
"benchmarks/xblock_wat/acegameeggs1_65655265_f1b5659dfba5.wat","SUPPORTED",39344,39344,0,100.00,"",""
"benchmarks/xblock_wat/acegameeggs1_68774192_529b00d2795d.wat","SUPPORTED",39346,39346,0,100.00,"",""
"benchmarks/xblock_wat/acegameeggs1_70135977_19f04f297184.wat","SUPPORTED",39790,39790,0,100.00,"",""
"benchmarks/xblock_wat/acegameeggs1_78391233_16e0adff3425.wat","SUPPORTED",40183,40183,0,100.00,"",""
"benchmarks/xblock_wat/acegamerandm_65656222_420fbe842d91.wat","SUPPORTED",8865,8865,0,100.00,"",""
"benchmarks/xblock_wat/acegameshare_56697154_553f3c7e6818.wat","SUPPORTED",2133,2133,0,100.00,"",""
"benchmarks/xblock_wat/achievemeapp_55386055_078fba693ef6.wat","SUPPORTED",18875,18875,0,100.00,"",""
"benchmarks/xblock_wat/achievemeapp_55858979_72699eed131e.wat","SUPPORTED",18875,18875,0,100.00,"",""
"benchmarks/xblock_wat/activity.bg_74815091_cc075ce2f48c.wat","SUPPORTED",10582,10582,0,100.00,"",""
"benchmarks/xblock_wat/activity.bg_74953314_ed5ddea60692.wat","SUPPORTED",10555,10555,0,100.00,"",""
"benchmarks/xblock_wat/addeoswallet_71178391_9c10b43b8a51.wat","SUPPORTED",2246,2246,0,100.00,"",""
"benchmarks/xblock_wat/address.bank_20775524_b75ce4245103.wat","SUPPORTED",17858,17858,0,100.00,"",""
"benchmarks/xblock_wat/adminsysroot_24538604_3c412be17920.wat","SUPPORTED",146,146,0,100.00,"",""
"benchmarks/xblock_wat/adminsysroot_24540062_d65ff8029ca9.wat","SUPPORTED",224,224,0,100.00,"",""
"benchmarks/xblock_wat/adminsysroot_24540712_51b203bc889b.wat","SUPPORTED",224,224,0,100.00,"",""
"benchmarks/xblock_wat/adminsysroot_24541104_a62a446eb820.wat","SUPPORTED",224,224,0,100.00,"",""
"benchmarks/xblock_wat/adminsysroot_24542029_6b5f4bcb714a.wat","SUPPORTED",224,224,0,100.00,"",""
"benchmarks/xblock_wat/adminsysroot_24545689_6d82e5c35bfe.wat","SUPPORTED",146,146,0,100.00,"",""
"benchmarks/xblock_wat/adminsysroot_24546178_40cd387bb04c.wat","SUPPORTED",146,146,0,100.00,"",""
"benchmarks/xblock_wat/admsadmadmin_57903534_97d2b69ac499.wat","SUPPORTED",56233,56233,0,100.00,"",""
"benchmarks/xblock_wat/admsadmadmin_58082443_d29003e3e41f.wat","SUPPORTED",56233,56233,0,100.00,"",""
"benchmarks/xblock_wat/admsadmadmin_60070890_c9680bee4038.wat","SUPPORTED",57696,57696,0,100.00,"",""
"benchmarks/xblock_wat/admsadmadmin_63232177_2ac1d7048c1c.wat","SUPPORTED",58754,58754,0,100.00,"",""
"benchmarks/xblock_wat/admsadmadmin_82055774_47a8196ba31c.wat","SUPPORTED",70237,70237,0,100.00,"",""
"benchmarks/xblock_wat/admsadmblack_53022159_cca808db900a.wat","SUPPORTED",2200,2200,0,100.00,"",""
"benchmarks/xblock_wat/admsadmcandy_53022865_e74c41f5661c.wat","SUPPORTED",6732,6732,0,100.00,"",""
"benchmarks/xblock_wat/admsadmcandy_53198266_1b9af900cdc7.wat","SUPPORTED",6732,6732,0,100.00,"",""
"benchmarks/xblock_wat/admsadmcandy_67444412_dab8ba4a53d9.wat","SUPPORTED",1947,1947,0,100.00,"",""
"benchmarks/xblock_wat/admsadmcandy_67461186_f696ffc8b9e9.wat","SUPPORTED",2049,2049,0,100.00,"",""
"benchmarks/xblock_wat/admsadmstest_58031704_7be3c6176896.wat","SUPPORTED",56233,56233,0,100.00,"",""
"benchmarks/xblock_wat/admsadmstest_58081164_75d75870962d.wat","SUPPORTED",56233,56233,0,100.00,"",""
"benchmarks/xblock_wat/admsadmstest_59786990_ecb76079223b.wat","SUPPORTED",57696,57696,0,100.00,"",""
"benchmarks/xblock_wat/admsadmstest_67457222_00343b8278b8.wat","SUPPORTED",15436,15436,0,100.00,"",""
"benchmarks/xblock_wat/admsadmstest_67459269_45c9dfee32ce.wat","SUPPORTED",844,844,0,100.00,"",""
"benchmarks/xblock_wat/admsadmtoken_53014054_5a58502238f3.wat","SUPPORTED",13828,13828,0,100.00,"",""
"benchmarks/xblock_wat/admsadmtoken_63231541_d02c3bc3da93.wat","SUPPORTED",12183,12183,0,100.00,"",""
"benchmarks/xblock_wat/admsdividend_63230758_8fd0f78e9349.wat","SUPPORTED",7113,7113,0,100.00,"",""
"benchmarks/xblock_wat/admsdividend_63245710_11084b1a8886.wat","SUPPORTED",7123,7123,0,100.00,"",""
"benchmarks/xblock_wat/admsdividend_63384252_0e60e1365e64.wat","SUPPORTED",7141,7141,0,100.00,"",""
"benchmarks/xblock_wat/admsexchange_53023575_5e171c16656f.wat","SUPPORTED",11814,11814,0,100.00,"",""
"benchmarks/xblock_wat/admsexchange_53199387_771c97e9f7e6.wat","SUPPORTED",11814,11814,0,100.00,"",""
"benchmarks/xblock_wat/adnodexaddvr_44906371_80e4cce9c240.wat","SUPPORTED",1242,1242,0,100.00,"",""
"benchmarks/xblock_wat/adnodexinvce_44906449_541566fb4d40.wat","SUPPORTED",1242,1242,0,100.00,"",""
"benchmarks/xblock_wat/adnodexorder_44904665_c3c648b2f5fd.wat","SUPPORTED",1239,1239,0,100.00,"",""
"benchmarks/xblock_wat/adnodexpaymt_44906516_1113af04a6d5.wat","SUPPORTED",1242,1242,0,100.00,"",""
"benchmarks/xblock_wat/adnodexstlmt_44905641_687d12dd7220.wat","SUPPORTED",1242,1242,0,100.00,"",""
"benchmarks/xblock_wat/afairgameeos_84978943_fb60f1ec5c0b.wat","SUPPORTED",47629,47629,0,100.00,"",""
"benchmarks/xblock_wat/afairgameeos_85030928_3deb732cfc22.wat","SUPPORTED",47631,47631,0,100.00,"",""
"benchmarks/xblock_wat/afairgameeos_85036277_f54cbd199e60.wat","SUPPORTED",32308,32308,0,100.00,"",""
"benchmarks/xblock_wat/afairgameeos_85042075_23cabe6c2ed3.wat","SUPPORTED",46494,46494,0,100.00,"",""
"benchmarks/xblock_wat/afairgameeos_85043278_2138af89aba1.wat","SUPPORTED",47032,47032,0,100.00,"",""
"benchmarks/xblock_wat/afairgameeos_85043584_a1c1e6dd7955.wat","SUPPORTED",46701,46701,0,100.00,"",""
"benchmarks/xblock_wat/afairgameeos_85043784_73e2c3246b1e.wat","SUPPORTED",46843,46843,0,100.00,"",""
"benchmarks/xblock_wat/afairgameeos_85044676_3a90adf1a570.wat","SUPPORTED",47635,47635,0,100.00,"",""
"benchmarks/xblock_wat/afairgameeos_85048425_aa1d1ac6baf6.wat","SUPPORTED",47463,47463,0,100.00,"",""
"benchmarks/xblock_wat/afairgameeos_85126830_1545d8bb612a.wat","SUPPORTED",47403,47403,0,100.00,"",""
"benchmarks/xblock_wat/afairgameeos_85329480_702d370282c8.wat","SUPPORTED",48741,48741,0,100.00,"",""
"benchmarks/xblock_wat/afairgameeos_85374312_66b61141bcb1.wat","SUPPORTED",48614,48614,0,100.00,"",""
"benchmarks/xblock_wat/afairgameeos_85477637_c591c4e7e27c.wat","SUPPORTED",44835,44835,0,100.00,"",""
"benchmarks/xblock_wat/afairgameeos_85558299_95f67d437881.wat","SUPPORTED",46052,46052,0,100.00,"",""
"benchmarks/xblock_wat/afairgameeos_85615415_c3b2712f7800.wat","SUPPORTED",47058,47058,0,100.00,"",""
"benchmarks/xblock_wat/afairgameeos_85657263_e8951ac8f3ee.wat","SUPPORTED",48622,48622,0,100.00,"",""
"benchmarks/xblock_wat/afairgameeos_85669291_5aad3d381e84.wat","SUPPORTED",48646,48646,0,100.00,"",""
"benchmarks/xblock_wat/afairgameeos_85688442_7e88481bbe3d.wat","SUPPORTED",48626,48626,0,100.00,"",""
"benchmarks/xblock_wat/afairgameeos_85856734_ad4dfe8abfb7.wat","SUPPORTED",46959,46959,0,100.00,"",""
"benchmarks/xblock_wat/afairgameeos_85858205_75d5275d01b6.wat","SUPPORTED",47562,47562,0,100.00,"",""
"benchmarks/xblock_wat/afairgameeos_85858452_fde8782bea61.wat","SUPPORTED",48306,48306,0,100.00,"",""
"benchmarks/xblock_wat/afairgameeos_85860636_fa40baf43973.wat","SUPPORTED",48594,48594,0,100.00,"",""
"benchmarks/xblock_wat/afairgameeos_86060288_d008580239f8.wat","SUPPORTED",46442,46442,0,100.00,"",""
"benchmarks/xblock_wat/afairgameeos_87369973_5a2c3ea9c87b.wat","SUPPORTED",46469,46469,0,100.00,"",""
"benchmarks/xblock_wat/afairgameeos_87407301_0c661ba60932.wat","SUPPORTED",51067,51067,0,100.00,"",""
"benchmarks/xblock_wat/afairgameeos_87448081_9f63d6868627.wat","SUPPORTED",51078,51078,0,100.00,"",""
"benchmarks/xblock_wat/agent.x_22717941_aaef15921419.wat","SUPPORTED",23293,23293,0,100.00,"",""
"benchmarks/xblock_wat/agent.x_23022316_127fe8df69d2.wat","SUPPORTED",23322,23322,0,100.00,"",""
"benchmarks/xblock_wat/agent.x_23196774_fa2602d3e44c.wat","SUPPORTED",23351,23351,0,100.00,"",""
"benchmarks/xblock_wat/agent.x_23478560_7747fa298df5.wat","SUPPORTED",23185,23185,0,100.00,"",""
"benchmarks/xblock_wat/agent.x_24185466_810274e4cd35.wat","SUPPORTED",26756,26756,0,100.00,"",""
"benchmarks/xblock_wat/agent.x_25288014_267dedb78cdc.wat","SUPPORTED",26755,26755,0,100.00,"",""
"benchmarks/xblock_wat/aigt11112222_66702804_b02d8436d421.wat","SUPPORTED",31219,31219,0,100.00,"",""
"benchmarks/xblock_wat/aigt11112222_66709184_dce56c726896.wat","SUPPORTED",31219,31219,0,100.00,"",""
"benchmarks/xblock_wat/aigt11112222_71547905_7a7b515ed969.wat","SUPPORTED",31255,31255,0,100.00,"",""
"benchmarks/xblock_wat/aigt11112222_71550528_dd7bb92cbbd0.wat","SUPPORTED",31249,31249,0,100.00,"",""
"benchmarks/xblock_wat/airdropsdac1_59089972_9b602d194255.wat","SUPPORTED",1946,1946,0,100.00,"",""
"benchmarks/xblock_wat/aiwingaming1_78073267_9f48955fddf2.wat","SUPPORTED",6383,6383,0,100.00,"",""
"benchmarks/xblock_wat/aiwingaming1_82050946_8f2805f8899d.wat","SUPPORTED",6385,6385,0,100.00,"",""
"benchmarks/xblock_wat/aiwingaming1_83741784_7435db852523.wat","SUPPORTED",6614,6614,0,100.00,"",""
"benchmarks/xblock_wat/aiwingaming1_83742724_a9a1e0f635b7.wat","SUPPORTED",6614,6614,0,100.00,"",""
"benchmarks/xblock_wat/aiwingaming1_83743501_9cfc4880d81c.wat","SUPPORTED",6637,6637,0,100.00,"",""
"benchmarks/xblock_wat/aiwingaming1_83744925_9684e85bba76.wat","SUPPORTED",165,165,0,100.00,"",""
"benchmarks/xblock_wat/aiwingaming1_83763807_94bc65d6333e.wat","SUPPORTED",6614,6614,0,100.00,"",""
"benchmarks/xblock_wat/aiwingaming1_83764678_39e4baf4e8a8.wat","SUPPORTED",6455,6455,0,100.00,"",""
"benchmarks/xblock_wat/aiwingaming1_83780736_889a2fc57936.wat","SUPPORTED",6722,6722,0,100.00,"",""
"benchmarks/xblock_wat/aiwingaming1_83785992_f4d3373e51e2.wat","SUPPORTED",6479,6479,0,100.00,"",""
"benchmarks/xblock_wat/aiwingaming1_83790943_7ecaef7dc402.wat","SUPPORTED",7095,7095,0,100.00,"",""
"benchmarks/xblock_wat/aiwingaming1_83792947_d6ca1c966bed.wat","SUPPORTED",7465,7465,0,100.00,"",""
"benchmarks/xblock_wat/aiwingaming1_87409487_4d39ddbafa88.wat","SUPPORTED",4541,4541,0,100.00,"",""
"benchmarks/xblock_wat/aiwingaming1_87413592_e318a59f25fb.wat","SUPPORTED",1375,1375,0,100.00,"",""
"benchmarks/xblock_wat/akdexiononce_39251727_bca4e2b47325.wat","SUPPORTED",3117,3117,0,100.00,"",""
"benchmarks/xblock_wat/akdexiononce_39780742_2631e3283a49.wat","SUPPORTED",3080,3080,0,100.00,"",""
"benchmarks/xblock_wat/akdexiononce_39782326_c628a46771b2.wat","SUPPORTED",2435,2435,0,100.00,"",""
"benchmarks/xblock_wat/akdexiononce_40819494_c7349b2b7825.wat","SUPPORTED",2859,2859,0,100.00,"",""
"benchmarks/xblock_wat/aksjdhruxbdj_30518204_39d5f979e38e.wat","SUPPORTED",3334,3334,0,100.00,"",""
"benchmarks/xblock_wat/aksjdhruxbdj_30518552_072c25d5bb18.wat","SUPPORTED",3258,3258,0,100.00,"",""
"benchmarks/xblock_wat/aksjdhruxbdj_30519101_fb724e749b9a.wat","SUPPORTED",7822,7822,0,100.00,"",""
"benchmarks/xblock_wat/aksjdhruxbdj_30519702_440dbf097926.wat","SUPPORTED",2315,2315,0,100.00,"",""
"benchmarks/xblock_wat/aksjdhruxbdj_30519944_e171ffe431e3.wat","SUPPORTED",2315,2315,0,100.00,"",""
"benchmarks/xblock_wat/aksjdhruxbdj_30520232_510598ea4439.wat","SUPPORTED",2267,2267,0,100.00,"",""
"benchmarks/xblock_wat/aksjdhruxbdj_30520436_e80cbea28937.wat","SUPPORTED",2267,2267,0,100.00,"",""
"benchmarks/xblock_wat/aksjdhruxbdj_30520687_1f33474191e0.wat","SUPPORTED",2198,2198,0,100.00,"",""
"benchmarks/xblock_wat/aksjdhruxbdj_30521171_7033af22c0f2.wat","SUPPORTED",3258,3258,0,100.00,"",""
"benchmarks/xblock_wat/aksjdhruxbdj_30521606_1c6a61766d40.wat","SUPPORTED",2265,2265,0,100.00,"",""
"benchmarks/xblock_wat/aksjdhruxbdj_30521901_a7a5e29779ab.wat","SUPPORTED",3706,3706,0,100.00,"",""
"benchmarks/xblock_wat/aksjdhruxbdj_30522572_6b88e7640a0e.wat","SUPPORTED",3157,3157,0,100.00,"",""
"benchmarks/xblock_wat/aksjdhruxbdj_30523164_41c2095d9766.wat","SUPPORTED",2518,2518,0,100.00,"",""
"benchmarks/xblock_wat/aksjdhruxbdj_30525070_473eae626ece.wat","SUPPORTED",5308,5308,0,100.00,"",""
"benchmarks/xblock_wat/aksjdhruxbdj_30526847_10872896d279.wat","SUPPORTED",3721,3721,0,100.00,"",""
"benchmarks/xblock_wat/aksjdhruxbdj_30528266_7e3e929bb21a.wat","SUPPORTED",2518,2518,0,100.00,"",""
"benchmarks/xblock_wat/aksjdhruxbdj_30528596_6159fec156e5.wat","SUPPORTED",3157,3157,0,100.00,"",""
"benchmarks/xblock_wat/aksjdhruxbdj_30529445_ee86ae7fe17e.wat","SUPPORTED",7452,7452,0,100.00,"",""
"benchmarks/xblock_wat/aksjdhruxbdj_30530652_01c835da588e.wat","SUPPORTED",2270,2270,0,100.00,"",""
"benchmarks/xblock_wat/aksjdhruxbdj_30531112_0854bb383479.wat","SUPPORTED",2265,2265,0,100.00,"",""
"benchmarks/xblock_wat/aksjdhruxbdj_30533674_318a1427b453.wat","SUPPORTED",2313,2313,0,100.00,"",""
"benchmarks/xblock_wat/aksjdhruxbdj_30540811_d329497cfdb4.wat","SUPPORTED",2315,2315,0,100.00,"",""
"benchmarks/xblock_wat/aksjdhruxbdj_30541764_d0975c5617f4.wat","SUPPORTED",2514,2514,0,100.00,"",""
"benchmarks/xblock_wat/aksjdhruxbdj_30542977_140ab723a820.wat","SUPPORTED",2518,2518,0,100.00,"",""
"benchmarks/xblock_wat/aksjdhruxbdj_30546639_cf220ed76ab7.wat","SUPPORTED",2315,2315,0,100.00,"",""
"benchmarks/xblock_wat/aksjdhruxbdj_30869760_14eb16edf4ac.wat","SUPPORTED",2518,2518,0,100.00,"",""
"benchmarks/xblock_wat/aksjdhruxbdj_31045284_0271d10498e2.wat","SUPPORTED",7714,7714,0,100.00,"",""
"benchmarks/xblock_wat/aksjdhruxbdj_31078804_102fafaefe9a.wat","SUPPORTED",3437,3437,0,100.00,"",""
"benchmarks/xblock_wat/aksjdhruxbdj_31082186_1d41b4a5478d.wat","SUPPORTED",5402,5402,0,100.00,"",""
"benchmarks/xblock_wat/aksjdhruxbdj_31252474_47dcb9262b30.wat","SUPPORTED",3706,3706,0,100.00,"",""
"benchmarks/xblock_wat/aksjdhruxbdj_31254128_f06274e4bfc2.wat","SUPPORTED",4633,4633,0,100.00,"",""
"benchmarks/xblock_wat/aksjdhruxbdj_31254807_6afe19db4b0b.wat","SUPPORTED",4518,4518,0,100.00,"",""
"benchmarks/xblock_wat/aksjdhruxbdj_31258628_f6c7231c86cb.wat","SUPPORTED",2473,2473,0,100.00,"",""
"benchmarks/xblock_wat/aksjdhruxbdj_31932543_6e6f5d3a9908.wat","SUPPORTED",1426,1426,0,100.00,"",""
"benchmarks/xblock_wat/aksjdhruxbdj_32456208_0e8b92b0eadb.wat","SUPPORTED",2300,2300,0,100.00,"",""
"benchmarks/xblock_wat/aksjdhruxbdj_32761835_60c7e458fc6c.wat","SUPPORTED",2797,2797,0,100.00,"",""
"benchmarks/xblock_wat/aksjdhruxbdj_32779465_88f372180ea9.wat","SUPPORTED",2797,2797,0,100.00,"",""
"benchmarks/xblock_wat/aksjdhruxbdj_32789375_3f2ba96ff868.wat","SUPPORTED",2797,2797,0,100.00,"",""
"benchmarks/xblock_wat/aksjdhruxbdj_32801481_28e37de9eac4.wat","SUPPORTED",2843,2843,0,100.00,"",""
"benchmarks/xblock_wat/aksjdhruxbdj_32801703_98847d58e668.wat","SUPPORTED",3199,3199,0,100.00,"",""
"benchmarks/xblock_wat/aksjdhruxbdj_32802272_9543ccd9ad56.wat","SUPPORTED",3203,3203,0,100.00,"",""
"benchmarks/xblock_wat/aksjdhruxbdj_32803304_af0f46e96d74.wat","SUPPORTED",3199,3199,0,100.00,"",""
"benchmarks/xblock_wat/aksjdhruxbdj_32803846_dd5d1be8c110.wat","SUPPORTED",3199,3199,0,100.00,"",""
"benchmarks/xblock_wat/aksjdhruxbdj_32804530_2b176c649343.wat","SUPPORTED",3199,3199,0,100.00,"",""
"benchmarks/xblock_wat/aksjdhruxbdj_32804748_f72daba503a2.wat","SUPPORTED",3199,3199,0,100.00,"",""
"benchmarks/xblock_wat/aksjdhruxbdj_32806313_588460598988.wat","SUPPORTED",3174,3174,0,100.00,"",""
"benchmarks/xblock_wat/aksjdhruxbdj_32807683_f9a947bd9eef.wat","SUPPORTED",3174,3174,0,100.00,"",""
"benchmarks/xblock_wat/aksjdhruxbdj_32808389_814d82ff4224.wat","SUPPORTED",3174,3174,0,100.00,"",""
"benchmarks/xblock_wat/aksjdhruxbdj_32808898_c85ca9271337.wat","SUPPORTED",3174,3174,0,100.00,"",""
"benchmarks/xblock_wat/aksjdhruxbdj_32810145_d7bac6d5a004.wat","SUPPORTED",3174,3174,0,100.00,"",""
"benchmarks/xblock_wat/aksjdhruxbdj_32814058_1878f70c237b.wat","SUPPORTED",3174,3174,0,100.00,"",""
"benchmarks/xblock_wat/aksjdhruxbdj_32815785_5339a98cab23.wat","SUPPORTED",4235,4235,0,100.00,"",""
"benchmarks/xblock_wat/aksjdhruxbdj_32840166_127008bfea2b.wat","SUPPORTED",2469,2469,0,100.00,"",""
"benchmarks/xblock_wat/aksjdhruxbdj_32930637_70538e7c6a23.wat","SUPPORTED",1280,1280,0,100.00,"",""
"benchmarks/xblock_wat/aksjdhruxbdj_32954150_746c261f22dd.wat","SUPPORTED",3465,3465,0,100.00,"",""
"benchmarks/xblock_wat/aksjdhruxbdj_32954410_57e281dcb375.wat","SUPPORTED",3467,3467,0,100.00,"",""
"benchmarks/xblock_wat/aksjdhruxbdj_32961745_47434449d87c.wat","SUPPORTED",5520,5520,0,100.00,"",""
"benchmarks/xblock_wat/aksjdhruxbdj_32964054_41b867a59ad1.wat","SUPPORTED",5526,5526,0,100.00,"",""
"benchmarks/xblock_wat/aksjdhruxbdj_32964872_8e8e027b6b5e.wat","SUPPORTED",5526,5526,0,100.00,"",""
"benchmarks/xblock_wat/aksjdhruxbdj_32965132_bac9cbb9ade2.wat","SUPPORTED",5527,5527,0,100.00,"",""
"benchmarks/xblock_wat/aksjdhruxbdj_32965646_84da44e157dc.wat","SUPPORTED",5549,5549,0,100.00,"",""
"benchmarks/xblock_wat/aksjdhruxbdj_32966307_1846607edcd5.wat","SUPPORTED",5538,5538,0,100.00,"",""
"benchmarks/xblock_wat/aksjdhruxbdj_32966433_52b0bdae00c0.wat","SUPPORTED",5538,5538,0,100.00,"",""
"benchmarks/xblock_wat/aksjdhruxbdj_32966635_028b33ccfda1.wat","SUPPORTED",5540,5540,0,100.00,"",""
"benchmarks/xblock_wat/aksjdhruxbdj_32966999_4c2355d2a31f.wat","SUPPORTED",5538,5538,0,100.00,"",""
"benchmarks/xblock_wat/aksjdhruxbdj_32968244_ed5851ab4f60.wat","SUPPORTED",5528,5528,0,100.00,"",""
"benchmarks/xblock_wat/aksjdhruxbdj_32968998_44e2bf1ac187.wat","SUPPORTED",5545,5545,0,100.00,"",""
"benchmarks/xblock_wat/aksjdhruxbdj_32969178_e40d9a97b2a2.wat","SUPPORTED",5544,5544,0,100.00,"",""
"benchmarks/xblock_wat/aksjdhruxbdj_32975547_5b1695fa5c95.wat","SUPPORTED",5533,5533,0,100.00,"",""
"benchmarks/xblock_wat/aksjdhruxbdj_32975787_7a28fafc9278.wat","SUPPORTED",5532,5532,0,100.00,"",""
"benchmarks/xblock_wat/aksjdhruxbdj_32979752_bf008b311f33.wat","SUPPORTED",5518,5518,0,100.00,"",""
"benchmarks/xblock_wat/aksjdhruxbdj_32994820_51593274536c.wat","SUPPORTED",5658,5658,0,100.00,"",""
"benchmarks/xblock_wat/aksjdhruxbdj_32995859_4f4e06b6d942.wat","SUPPORTED",4289,4289,0,100.00,"",""
"benchmarks/xblock_wat/aksjdhruxbdj_32998274_5714c76cdb7c.wat","SUPPORTED",4289,4289,0,100.00,"",""
"benchmarks/xblock_wat/aksjdhruxbdj_33025156_c85c939c2750.wat","SUPPORTED",4308,4308,0,100.00,"",""
"benchmarks/xblock_wat/aksjdhruxbdj_33026455_87af1d511842.wat","SUPPORTED",4308,4308,0,100.00,"",""
"benchmarks/xblock_wat/aksjdhruxbdj_33027116_03cf73c86ec2.wat","SUPPORTED",4309,4309,0,100.00,"",""
"benchmarks/xblock_wat/aksjdhruxbdj_33028566_d1b058c97ad6.wat","SUPPORTED",4309,4309,0,100.00,"",""
"benchmarks/xblock_wat/aksjdhruxbdj_33028696_f64bd741cfa2.wat","SUPPORTED",4311,4311,0,100.00,"",""
"benchmarks/xblock_wat/aksjdhruxbdj_33028863_e222f31c8a79.wat","SUPPORTED",4311,4311,0,100.00,"",""
"benchmarks/xblock_wat/aksjdhruxbdj_33029285_4a8ea8a64924.wat","SUPPORTED",4309,4309,0,100.00,"",""
"benchmarks/xblock_wat/aksjdhruxbdj_33030162_2c93de848f91.wat","SUPPORTED",4313,4313,0,100.00,"",""
"benchmarks/xblock_wat/aksjdhruxbdj_33030332_891df3599bbd.wat","SUPPORTED",4313,4313,0,100.00,"",""
"benchmarks/xblock_wat/aksjdhruxbdj_33030584_f2374af75262.wat","SUPPORTED",4313,4313,0,100.00,"",""
"benchmarks/xblock_wat/aksjdhruxbdj_33033605_350f356d49b0.wat","SUPPORTED",4313,4313,0,100.00,"",""
"benchmarks/xblock_wat/aksjdhruxbdj_33034415_583f07049938.wat","SUPPORTED",4313,4313,0,100.00,"",""
"benchmarks/xblock_wat/aksjdhruxbdj_33034606_93f6d139110f.wat","SUPPORTED",4291,4291,0,100.00,"",""
"benchmarks/xblock_wat/aksjdhruxbdj_33037307_1d385f4779d1.wat","SUPPORTED",4313,4313,0,100.00,"",""
"benchmarks/xblock_wat/aksjdhruxbdj_33038888_004db6e545b0.wat","SUPPORTED",4313,4313,0,100.00,"",""
"benchmarks/xblock_wat/aksjdhruxbdj_33039959_7d0bf8bebce8.wat","SUPPORTED",4311,4311,0,100.00,"",""
"benchmarks/xblock_wat/aksjdhruxbdj_33112265_2b1900b26170.wat","SUPPORTED",4024,4024,0,100.00,"",""
"benchmarks/xblock_wat/aksjdhruxbdj_33112915_24b1aafd7eb0.wat","SUPPORTED",4024,4024,0,100.00,"",""
"benchmarks/xblock_wat/aksjdhruxbdj_33116071_d571719d3463.wat","SUPPORTED",2825,2825,0,100.00,"",""
"benchmarks/xblock_wat/aksjdhruxbdj_33117731_596f8c1dea04.wat","SUPPORTED",3031,3031,0,100.00,"",""
"benchmarks/xblock_wat/aksjdhruxbdj_33129761_98962736e8a6.wat","SUPPORTED",3449,3449,0,100.00,"",""
"benchmarks/xblock_wat/aksjdhruxbdj_33135521_900adbb89a7a.wat","SUPPORTED",3293,3293,0,100.00,"",""
"benchmarks/xblock_wat/aksjdhruxbdj_33144619_c38e09c850ae.wat","SUPPORTED",2564,2564,0,100.00,"",""
"benchmarks/xblock_wat/aksjdhruxbdj_33152418_8b8b9462a7f8.wat","SUPPORTED",2825,2825,0,100.00,"",""
"benchmarks/xblock_wat/aksjdhruxbdj_33157366_577832bcb11c.wat","SUPPORTED",3763,3763,0,100.00,"",""
"benchmarks/xblock_wat/aksjdhruxbdj_33286754_a2264e8d15f9.wat","SUPPORTED",2825,2825,0,100.00,"",""
"benchmarks/xblock_wat/aksjdhruxbdj_33297391_0bb951ffaca6.wat","SUPPORTED",3345,3345,0,100.00,"",""
"benchmarks/xblock_wat/aksjdhruxbdj_33298092_732b2237607a.wat","SUPPORTED",3197,3197,0,100.00,"",""
"benchmarks/xblock_wat/aksjdhruxbdj_33300577_40b293e17807.wat","SUPPORTED",3197,3197,0,100.00,"",""
"benchmarks/xblock_wat/aksjdhruxbdj_33300687_9c2502634c9c.wat","SUPPORTED",3323,3323,0,100.00,"",""
"benchmarks/xblock_wat/aksjdhruxbdj_33309702_4464c86a7147.wat","SUPPORTED",4307,4307,0,100.00,"",""
"benchmarks/xblock_wat/aksjdhruxbdj_33342635_78e3fcf1bdb7.wat","SUPPORTED",4306,4306,0,100.00,"",""
"benchmarks/xblock_wat/alanogoddess_32847578_00003c7b605d.wat","SUPPORTED",26227,26227,0,100.00,"",""
"benchmarks/xblock_wat/alanogoddess_32860447_f97fe65900c7.wat","SUPPORTED",26347,26347,0,100.00,"",""
"benchmarks/xblock_wat/alanogoddess_32860860_135b7ba2930d.wat","SUPPORTED",26189,26189,0,100.00,"",""
"benchmarks/xblock_wat/alanogoddess_33450174_6a7784d3d674.wat","SUPPORTED",26189,26189,0,100.00,"",""
"benchmarks/xblock_wat/alanogoddess_33759036_837cf8585b88.wat","SUPPORTED",24123,24123,0,100.00,"",""
"benchmarks/xblock_wat/alanogoddess_33762411_942c9c9e8347.wat","SUPPORTED",26411,26411,0,100.00,"",""
"benchmarks/xblock_wat/alanogoddess_36669167_3b59b67edef5.wat","SUPPORTED",26421,26421,0,100.00,"",""
"benchmarks/xblock_wat/alanogoddess_60685067_38a6fa6bde2f.wat","SUPPORTED",2889,2889,0,100.00,"",""
"benchmarks/xblock_wat/alanogoddess_60686720_391687cd90e4.wat","SUPPORTED",2906,2906,0,100.00,"",""
"benchmarks/xblock_wat/alanogoddess_60688726_4e0f7855b1c9.wat","SUPPORTED",11189,11189,0,100.00,"",""
"benchmarks/xblock_wat/albertstools_87826494_2edcb9ca6ce6.wat","SUPPORTED",8181,8181,0,100.00,"",""
"benchmarks/xblock_wat/albertstools_87826928_3a45b18aaed1.wat","SUPPORTED",8261,8261,0,100.00,"",""
"benchmarks/xblock_wat/albertstools_87827341_5b3a5f2f429d.wat","SUPPORTED",8257,8257,0,100.00,"",""
"benchmarks/xblock_wat/albertstools_87832968_7fb09ac5b55d.wat","SUPPORTED",8749,8749,0,100.00,"",""
"benchmarks/xblock_wat/albertstools_87834192_0d6446eb8fe9.wat","SUPPORTED",8953,8953,0,100.00,"",""
"benchmarks/xblock_wat/albertstools_87834350_6ff3b5b59287.wat","SUPPORTED",8935,8935,0,100.00,"",""
"benchmarks/xblock_wat/albertstools_87834828_33bacb619afb.wat","SUPPORTED",8923,8923,0,100.00,"",""
"benchmarks/xblock_wat/albertstools_87835098_cfad8fd47356.wat","SUPPORTED",8557,8557,0,100.00,"",""
"benchmarks/xblock_wat/albertstools_87912445_5e9737c801be.wat","SUPPORTED",9846,9846,0,100.00,"",""
"benchmarks/xblock_wat/albertstools_87912732_d6504c0a549e.wat","SUPPORTED",9846,9846,0,100.00,"",""
"benchmarks/xblock_wat/albertstools_87912839_b745b197598c.wat","SUPPORTED",9846,9846,0,100.00,"",""
"benchmarks/xblock_wat/albertstools_87913114_123bc1747f78.wat","SUPPORTED",9365,9365,0,100.00,"",""
"benchmarks/xblock_wat/albertstools_87913232_e46788a1a396.wat","SUPPORTED",8857,8857,0,100.00,"",""
"benchmarks/xblock_wat/albertstools_87913462_ac57e452706e.wat","SUPPORTED",9643,9643,0,100.00,"",""
"benchmarks/xblock_wat/albertstools_87914145_c233b5f9b026.wat","SUPPORTED",9958,9958,0,100.00,"",""
"benchmarks/xblock_wat/albertstools_87915168_d93b5c0f500d.wat","SUPPORTED",10062,10062,0,100.00,"",""
"benchmarks/xblock_wat/albertstools_87962884_ab28c50ea518.wat","SUPPORTED",10493,10493,0,100.00,"",""
"benchmarks/xblock_wat/albertstools_87965556_d9ea76159f3f.wat","SUPPORTED",10929,10929,0,100.00,"",""
"benchmarks/xblock_wat/albertstools_87966013_a423fdfdf72d.wat","SUPPORTED",10948,10948,0,100.00,"",""
"benchmarks/xblock_wat/albertstools_87966404_c08204d3e347.wat","SUPPORTED",11012,11012,0,100.00,"",""
"benchmarks/xblock_wat/albertstools_88047937_14e48f474153.wat","SUPPORTED",11024,11024,0,100.00,"",""
"benchmarks/xblock_wat/albertstools_88048407_7683d2696223.wat","SUPPORTED",11733,11733,0,100.00,"",""
"benchmarks/xblock_wat/albertstools_88096409_1046a8a375f8.wat","SUPPORTED",11894,11894,0,100.00,"",""
"benchmarks/xblock_wat/albertstools_88111653_0334f0ebfd02.wat","SUPPORTED",11894,11894,0,100.00,"",""
"benchmarks/xblock_wat/albertstools_88221993_83a1f6be09a9.wat","SUPPORTED",12028,12028,0,100.00,"",""
"benchmarks/xblock_wat/albertstools_88228870_1e96d1a9f3b9.wat","SUPPORTED",12025,12025,0,100.00,"",""
"benchmarks/xblock_wat/albertstools_88235303_bc22b0f70358.wat","SUPPORTED",12276,12276,0,100.00,"",""
"benchmarks/xblock_wat/albertstools_88592589_3173629bb255.wat","SUPPORTED",12292,12292,0,100.00,"",""
"benchmarks/xblock_wat/albertstools_88742620_6b259b5ffea7.wat","SUPPORTED",13480,13480,0,100.00,"",""
"benchmarks/xblock_wat/albertstools_89764524_b1b74f237b1f.wat","SUPPORTED",12779,12779,0,100.00,"",""
"benchmarks/xblock_wat/albertstools_89765418_527da761d37e.wat","SUPPORTED",13123,13123,0,100.00,"",""
"benchmarks/xblock_wat/aleksey11112_70300804_aa4a73560cad.wat","SUPPORTED",11005,11005,0,100.00,"",""
"benchmarks/xblock_wat/aleksey11112_70306703_f5f41676d6b8.wat","SUPPORTED",11007,11007,0,100.00,"",""
"benchmarks/xblock_wat/alert.x_21346006_4584e6f99791.wat","SUPPORTED",1686,1686,0,100.00,"",""
"benchmarks/xblock_wat/alert.x_21347068_ceeb5dd18e3a.wat","SUPPORTED",1684,1684,0,100.00,"",""
"benchmarks/xblock_wat/alert.x_26252748_ad2f650ed5f0.wat","SUPPORTED",3503,3503,0,100.00,"",""
"benchmarks/xblock_wat/alert.x_26253095_64b505a860b9.wat","SUPPORTED",3513,3513,0,100.00,"",""
"benchmarks/xblock_wat/alert.x_26253321_1b0047d5d5c7.wat","SUPPORTED",3513,3513,0,100.00,"",""
"benchmarks/xblock_wat/alert.x_26253595_501e2a6be07c.wat","SUPPORTED",3478,3478,0,100.00,"",""
"benchmarks/xblock_wat/alert.x_26254299_c3de8e70011b.wat","SUPPORTED",3528,3528,0,100.00,"",""
"benchmarks/xblock_wat/alex.game_12639412_efb2dfc54842.wat","SUPPORTED",10588,10588,0,100.00,"",""
"benchmarks/xblock_wat/alex.game_12645273_e95521a534a7.wat","SUPPORTED",10586,10586,0,100.00,"",""
"benchmarks/xblock_wat/alex.game_12648315_1debabfe2ff2.wat","SUPPORTED",10586,10586,0,100.00,"",""
"benchmarks/xblock_wat/alex.game_26873198_cf931f50959e.wat","SUPPORTED",3959,3959,0,100.00,"",""
"benchmarks/xblock_wat/alex.game_26873528_120c5796170f.wat","SUPPORTED",4302,4302,0,100.00,"",""
"benchmarks/xblock_wat/alex.game_26876058_8097d3b65c3a.wat","SUPPORTED",4480,4480,0,100.00,"",""
"benchmarks/xblock_wat/alex.game_26876507_c888bec2d8c5.wat","SUPPORTED",4474,4474,0,100.00,"",""
"benchmarks/xblock_wat/alex.game_26876629_3e663f4ed315.wat","SUPPORTED",3173,3173,0,100.00,"",""
"benchmarks/xblock_wat/alex.game_26878836_7c9beb42ce87.wat","SUPPORTED",4943,4943,0,100.00,"",""
"benchmarks/xblock_wat/alex.game_71857622_72c816bd25de.wat","SUPPORTED",3305,3305,0,100.00,"",""
"benchmarks/xblock_wat/alex.game_71860104_b4b8f67187c2.wat","SUPPORTED",4892,4892,0,100.00,"",""
"benchmarks/xblock_wat/alex.game_71861534_b49c1a3271ca.wat","SUPPORTED",5322,5322,0,100.00,"",""
"benchmarks/xblock_wat/alex.game_71862012_6f208fdd01a2.wat","SUPPORTED",5322,5322,0,100.00,"",""
"benchmarks/xblock_wat/alex.game_71862145_2286701b54e2.wat","SUPPORTED",4834,4834,0,100.00,"",""
"benchmarks/xblock_wat/alex.game_71862729_573d0954c122.wat","SUPPORTED",5552,5552,0,100.00,"",""
"benchmarks/xblock_wat/alex.game_71862871_963b0559f898.wat","SUPPORTED",5552,5552,0,100.00,"",""
"benchmarks/xblock_wat/alex.game_71862975_2e82bf56005d.wat","SUPPORTED",5553,5553,0,100.00,"",""
"benchmarks/xblock_wat/alex.game_71863712_d16639099af9.wat","SUPPORTED",5565,5565,0,100.00,"",""
"benchmarks/xblock_wat/alex.game_72077427_3d61bb3e5ff3.wat","SUPPORTED",5939,5939,0,100.00,"",""
"benchmarks/xblock_wat/alex.game_72078761_49a3038b2ca4.wat","SUPPORTED",6994,6994,0,100.00,"",""
"benchmarks/xblock_wat/alex.game_72369896_9b0f30e295cd.wat","SUPPORTED",7818,7818,0,100.00,"",""
"benchmarks/xblock_wat/alex.game_72901196_e99909f7448f.wat","SUPPORTED",9038,9038,0,100.00,"",""
"benchmarks/xblock_wat/alex.game_73057352_64cad5ac495e.wat","SUPPORTED",7638,7638,0,100.00,"",""
"benchmarks/xblock_wat/alex.game_73060162_fe69fa65ee00.wat","SUPPORTED",7597,7597,0,100.00,"",""
"benchmarks/xblock_wat/alexeynovich_53492496_37f0d170e0e3.wat","SUPPORTED",346,346,0,100.00,"",""
"benchmarks/xblock_wat/alibabahbank_31368721_fe5818f453c1.wat","SUPPORTED",48198,48198,0,100.00,"",""
"benchmarks/xblock_wat/alibabahbank_32368723_ad8cb1478434.wat","SUPPORTED",48198,48198,0,100.00,"",""
"benchmarks/xblock_wat/alibabahbank_33594662_12212dfae370.wat","SUPPORTED",48201,48201,0,100.00,"",""
"benchmarks/xblock_wat/alibabahbank_33594874_dc70a45058c1.wat","SUPPORTED",48201,48201,0,100.00,"",""
"benchmarks/xblock_wat/alibabahbank_33595107_5e14b67e52e1.wat","SUPPORTED",48201,48201,0,100.00,"",""
"benchmarks/xblock_wat/alibabahbank_33604118_f36dd9c5ceb0.wat","SUPPORTED",48257,48257,0,100.00,"",""
"benchmarks/xblock_wat/alibabahbank_33604681_5a7a6d70348f.wat","SUPPORTED",48257,48257,0,100.00,"",""
"benchmarks/xblock_wat/alibabahbank_33606974_e458eeb37ecd.wat","SUPPORTED",48629,48629,0,100.00,"",""
"benchmarks/xblock_wat/alibabahbank_34072697_3135ede971da.wat","SUPPORTED",48629,48629,0,100.00,"",""
"benchmarks/xblock_wat/alibabahbank_34073995_dfcb93312fa5.wat","SUPPORTED",48632,48632,0,100.00,"",""
"benchmarks/xblock_wat/alibabahbank_35960464_72d5c69ec6fc.wat","SUPPORTED",48632,48632,0,100.00,"",""
"benchmarks/xblock_wat/alibabahbank_35961945_2239543e7cc5.wat","SUPPORTED",48627,48627,0,100.00,"",""
"benchmarks/xblock_wat/alibabahbank_35962851_68fce8f449fb.wat","SUPPORTED",48635,48635,0,100.00,"",""
"benchmarks/xblock_wat/alibabahbank_35966287_18a2535413d3.wat","SUPPORTED",48631,48631,0,100.00,"",""
"benchmarks/xblock_wat/alibabahbank_35971003_5bd570283f14.wat","SUPPORTED",48627,48627,0,100.00,"",""
"benchmarks/xblock_wat/alibabahbank_35971288_d002a3ef1238.wat","SUPPORTED",48630,48630,0,100.00,"",""
"benchmarks/xblock_wat/alibabahbank_35971446_3098a3875644.wat","SUPPORTED",48627,48627,0,100.00,"",""
"benchmarks/xblock_wat/alibabahbank_35972405_39fab4badc25.wat","SUPPORTED",48635,48635,0,100.00,"",""
"benchmarks/xblock_wat/alibabahbank_35972699_d450a4251d6e.wat","SUPPORTED",48635,48635,0,100.00,"",""
"benchmarks/xblock_wat/alibabahbank_35972882_08178198580c.wat","SUPPORTED",48635,48635,0,100.00,"",""
"benchmarks/xblock_wat/alibabahbank_35982384_fc6affd823e3.wat","SUPPORTED",48205,48205,0,100.00,"",""
"benchmarks/xblock_wat/alibabahbank_35984132_18d03b0efb64.wat","SUPPORTED",48205,48205,0,100.00,"",""
"benchmarks/xblock_wat/alibabahbank_35985050_db15ea51cafd.wat","SUPPORTED",48219,48219,0,100.00,"",""
"benchmarks/xblock_wat/alibabahbank_35985388_30319c427200.wat","SUPPORTED",48219,48219,0,100.00,"",""
"benchmarks/xblock_wat/alibabahbank_35987969_a2e72357162e.wat","SUPPORTED",48216,48216,0,100.00,"",""
"benchmarks/xblock_wat/alibabahbank_36003216_4ce5a9dc94b2.wat","SUPPORTED",48214,48214,0,100.00,"",""
"benchmarks/xblock_wat/alibabapool1_17422422_c77eba8593e1.wat","SUPPORTED",12481,12481,0,100.00,"",""
"benchmarks/xblock_wat/alibabapool1_17432280_161f5a3c918f.wat","SUPPORTED",12571,12571,0,100.00,"",""
"benchmarks/xblock_wat/alibabapool1_17432616_b89df93675b3.wat","SUPPORTED",12571,12571,0,100.00,"",""
"benchmarks/xblock_wat/alibabapool1_31363966_c113dd07cf82.wat","SUPPORTED",12571,12571,0,100.00,"",""
"benchmarks/xblock_wat/alibabapoole_26864493_170e3132ed8e.wat","SUPPORTED",8451,8451,0,100.00,"",""
"benchmarks/xblock_wat/alibabapoole_26865781_418210215d31.wat","SUPPORTED",8223,8223,0,100.00,"",""
"benchmarks/xblock_wat/alibabapoole_26871449_9882b3386e6b.wat","SUPPORTED",8378,8378,0,100.00,"",""
"benchmarks/xblock_wat/alibabapoole_28073178_95443dd667dc.wat","SUPPORTED",8611,8611,0,100.00,"",""
"benchmarks/xblock_wat/alibabapoole_28085455_7e411e5ba658.wat","SUPPORTED",8531,8531,0,100.00,"",""
"benchmarks/xblock_wat/alibabapoole_28226129_2a45670b98a7.wat","SUPPORTED",8531,8531,0,100.00,"",""
"benchmarks/xblock_wat/alibabapoole_28227603_4a0c26287ce9.wat","SUPPORTED",8210,8210,0,100.00,"",""
"benchmarks/xblock_wat/alibabapoole_28228093_ba73de86fec7.wat","SUPPORTED",8532,8532,0,100.00,"",""
"benchmarks/xblock_wat/alibabapoole_29099768_718e3f1e08be.wat","SUPPORTED",8612,8612,0,100.00,"",""
"benchmarks/xblock_wat/alibabapoole_30072705_9ab157148169.wat","SUPPORTED",8612,8612,0,100.00,"",""
"benchmarks/xblock_wat/alibabapoole_30445747_45f486835491.wat","SUPPORTED",8877,8877,0,100.00,"",""
"benchmarks/xblock_wat/alibabapoolo_31008536_234f9f77fc3a.wat","SUPPORTED",13398,13398,0,100.00,"",""
"benchmarks/xblock_wat/alibabapoolo_31008836_3aa9468d50d2.wat","SUPPORTED",13398,13398,0,100.00,"",""
"benchmarks/xblock_wat/alibabapoolo_31036396_410aa22f3345.wat","SUPPORTED",16783,16783,0,100.00,"",""
"benchmarks/xblock_wat/alibabapoolo_31185947_e98d585850a7.wat","SUPPORTED",17105,17105,0,100.00,"",""
"benchmarks/xblock_wat/alibabapoolo_31202923_5d6bfcd66882.wat","SUPPORTED",16517,16517,0,100.00,"",""
"benchmarks/xblock_wat/alibabapoolo_31203341_00444913ba70.wat","SUPPORTED",16712,16712,0,100.00,"",""
"benchmarks/xblock_wat/alibabapoolo_31204329_6f465775e01d.wat","SUPPORTED",16496,16496,0,100.00,"",""
"benchmarks/xblock_wat/alibabapoolo_31204513_61d760219c38.wat","SUPPORTED",16901,16901,0,100.00,"",""
"benchmarks/xblock_wat/alibabapoolo_31272228_f7cccf7b4c1e.wat","SUPPORTED",16901,16901,0,100.00,"",""
"benchmarks/xblock_wat/alibabapoolo_31732710_de32c01d344a.wat","SUPPORTED",17290,17290,0,100.00,"",""
"benchmarks/xblock_wat/alibabapoolo_31733055_a41bff23c859.wat","SUPPORTED",16968,16968,0,100.00,"",""
"benchmarks/xblock_wat/alibabapoolo_31733437_d52154c9b152.wat","SUPPORTED",17060,17060,0,100.00,"",""
"benchmarks/xblock_wat/alibabapoolo_31734848_5f44cb838379.wat","SUPPORTED",17087,17087,0,100.00,"",""
"benchmarks/xblock_wat/alibabapoolo_31837118_aea2ef3de317.wat","SUPPORTED",17030,17030,0,100.00,"",""
"benchmarks/xblock_wat/alibabapoolo_33108228_3c552fcc3135.wat","SUPPORTED",17038,17038,0,100.00,"",""
"benchmarks/xblock_wat/alibabapools_17360753_b7f739988cfc.wat","SUPPORTED",12479,12479,0,100.00,"",""
"benchmarks/xblock_wat/alibabapools_19164876_e7e85a141cb9.wat","SUPPORTED",1215,1215,0,100.00,"",""
"benchmarks/xblock_wat/alibabapools_19165090_fa83def4c5b0.wat","SUPPORTED",1215,1215,0,100.00,"",""
"benchmarks/xblock_wat/alibabapools_19165223_08255bfdc13b.wat","SUPPORTED",1215,1215,0,100.00,"",""
"benchmarks/xblock_wat/alibabapools_19166860_d1f3796289a7.wat","SUPPORTED",1211,1211,0,100.00,"",""
"benchmarks/xblock_wat/alibabapools_19168427_f21cf0e87e81.wat","SUPPORTED",9725,9725,0,100.00,"",""
"benchmarks/xblock_wat/alibabapools_21039388_6dfe79dae5f2.wat","SUPPORTED",7591,7591,0,100.00,"",""
"benchmarks/xblock_wat/alibabapools_21041149_f32ece36e627.wat","SUPPORTED",7690,7690,0,100.00,"",""
"benchmarks/xblock_wat/alibabapools_21047553_bd0d2d6fa13f.wat","SUPPORTED",7709,7709,0,100.00,"",""
"benchmarks/xblock_wat/alibabapools_21048704_ccb2dd6a559e.wat","SUPPORTED",7667,7667,0,100.00,"",""
"benchmarks/xblock_wat/alibabapools_21050465_2545967c6f32.wat","SUPPORTED",7673,7673,0,100.00,"",""
"benchmarks/xblock_wat/alibabapools_21051265_c920a16c6645.wat","SUPPORTED",7595,7595,0,100.00,"",""
"benchmarks/xblock_wat/alibabapools_21051555_edc9e11ba5dc.wat","SUPPORTED",7616,7616,0,100.00,"",""
"benchmarks/xblock_wat/alibabapools_21053522_394346dd3273.wat","SUPPORTED",6102,6102,0,100.00,"",""
"benchmarks/xblock_wat/alibabapools_21054432_ac0479d67489.wat","SUPPORTED",6102,6102,0,100.00,"",""
"benchmarks/xblock_wat/alibabapools_21055131_f4d709769cae.wat","SUPPORTED",6386,6386,0,100.00,"",""
"benchmarks/xblock_wat/alibabapools_21055814_47d4c988ad9d.wat","SUPPORTED",4742,4742,0,100.00,"",""
"benchmarks/xblock_wat/alibabapools_21219861_353c27af0b25.wat","SUPPORTED",5505,5505,0,100.00,"",""
"benchmarks/xblock_wat/alibabapools_21221045_c4cb99dbeb8d.wat","SUPPORTED",5457,5457,0,100.00,"",""
"benchmarks/xblock_wat/alibabapools_21222615_203f43a116d6.wat","SUPPORTED",4883,4883,0,100.00,"",""
"benchmarks/xblock_wat/alibabapools_21223952_39ebb8d5529b.wat","SUPPORTED",4929,4929,0,100.00,"",""
"benchmarks/xblock_wat/alibabapools_21224881_bad45ac64bd5.wat","SUPPORTED",4815,4815,0,100.00,"",""
"benchmarks/xblock_wat/alibabapools_21225074_8fb490f99714.wat","SUPPORTED",4866,4866,0,100.00,"",""
"benchmarks/xblock_wat/alibabapools_21225734_1deee035bfd9.wat","SUPPORTED",4866,4866,0,100.00,"",""
"benchmarks/xblock_wat/alibabapools_21226213_d1ca460cd607.wat","SUPPORTED",4965,4965,0,100.00,"",""
"benchmarks/xblock_wat/alibabapools_21226474_1df87fd2ab31.wat","SUPPORTED",4896,4896,0,100.00,"",""
"benchmarks/xblock_wat/alibabapools_21227467_f5408afb4047.wat","SUPPORTED",5235,5235,0,100.00,"",""
"benchmarks/xblock_wat/alibabapools_21227638_f713cc823a18.wat","SUPPORTED",5479,5479,0,100.00,"",""
"benchmarks/xblock_wat/alibabapools_21346224_6cba8367f1ac.wat","SUPPORTED",14130,14130,0,100.00,"",""
"benchmarks/xblock_wat/alibabapools_21347313_3dbeba5e8a73.wat","SUPPORTED",14009,14009,0,100.00,"",""
"benchmarks/xblock_wat/alibabapools_21348610_eda81de2fde5.wat","SUPPORTED",13489,13489,0,100.00,"",""
"benchmarks/xblock_wat/alibabapools_21348767_4e51e0506902.wat","SUPPORTED",13489,13489,0,100.00,"",""
"benchmarks/xblock_wat/alibabapools_21349030_66491a2c18f1.wat","SUPPORTED",4743,4743,0,100.00,"",""
"benchmarks/xblock_wat/alibabapools_21353925_b2761791d4bc.wat","SUPPORTED",14130,14130,0,100.00,"",""
"benchmarks/xblock_wat/alibabapools_21355900_fa2dc7d0df1d.wat","SUPPORTED",14130,14130,0,100.00,"",""
"benchmarks/xblock_wat/alibabapools_21356225_1a62c538cba5.wat","SUPPORTED",14130,14130,0,100.00,"",""
"benchmarks/xblock_wat/alibabapools_21357837_f79ce51cf1cb.wat","SUPPORTED",14489,14489,0,100.00,"",""
"benchmarks/xblock_wat/alibabapools_21358250_25c3bdc8e5cf.wat","SUPPORTED",14489,14489,0,100.00,"",""
"benchmarks/xblock_wat/alibabapools_21363335_a12b3deb1190.wat","SUPPORTED",14914,14914,0,100.00,"",""
"benchmarks/xblock_wat/alibabapools_21363545_27ad84f94af5.wat","SUPPORTED",14839,14839,0,100.00,"",""
"benchmarks/xblock_wat/alibabapools_21363676_657ff0f1de5a.wat","SUPPORTED",14833,14833,0,100.00,"",""
"benchmarks/xblock_wat/alibabapools_21371547_d004dc6590ac.wat","SUPPORTED",14922,14922,0,100.00,"",""
"benchmarks/xblock_wat/alibabapools_21372871_680a14e1154b.wat","SUPPORTED",14845,14845,0,100.00,"",""
"benchmarks/xblock_wat/alibabapools_21373717_9b93d22fe686.wat","SUPPORTED",14845,14845,0,100.00,"",""
"benchmarks/xblock_wat/alibabapools_21378442_1918b2b10404.wat","SUPPORTED",17767,17767,0,100.00,"",""
"benchmarks/xblock_wat/alibabapools_21378591_bf439f1ac4e4.wat","SUPPORTED",17767,17767,0,100.00,"",""
"benchmarks/xblock_wat/alibabapools_21382098_4d75d1997286.wat","SUPPORTED",17759,17759,0,100.00,"",""
"benchmarks/xblock_wat/alibabapools_21382764_e9dc37594c47.wat","SUPPORTED",17764,17764,0,100.00,"",""
"benchmarks/xblock_wat/alibabapools_21387201_5d7d7651a34a.wat","SUPPORTED",18418,18418,0,100.00,"",""
"benchmarks/xblock_wat/alibabapools_21390785_ed26f002bb0c.wat","SUPPORTED",18430,18430,0,100.00,"",""
"benchmarks/xblock_wat/alibabapools_21392542_1dabd565d8dc.wat","SUPPORTED",18430,18430,0,100.00,"",""
"benchmarks/xblock_wat/alibabapools_21393061_ac72041bd6f4.wat","SUPPORTED",18430,18430,0,100.00,"",""
"benchmarks/xblock_wat/alibabapools_21394529_c3981380e63a.wat","SUPPORTED",18430,18430,0,100.00,"",""
"benchmarks/xblock_wat/alibabapools_21398037_852410a4b24e.wat","SUPPORTED",18430,18430,0,100.00,"",""
"benchmarks/xblock_wat/alibabapools_22008513_61374fce0033.wat","SUPPORTED",18430,18430,0,100.00,"",""
"benchmarks/xblock_wat/alibabapools_22020411_bf30e553a401.wat","SUPPORTED",18418,18418,0,100.00,"",""
"benchmarks/xblock_wat/alibabapools_22437388_c03122646bb2.wat","SUPPORTED",19897,19897,0,100.00,"",""
"benchmarks/xblock_wat/alibabapools_22437716_d240ac0eb26b.wat","SUPPORTED",19951,19951,0,100.00,"",""
"benchmarks/xblock_wat/alibabapools_22438714_0391f5f7faa3.wat","SUPPORTED",19942,19942,0,100.00,"",""
"benchmarks/xblock_wat/alibabapools_22438831_a8bd64f35104.wat","SUPPORTED",19944,19944,0,100.00,"",""
"benchmarks/xblock_wat/alibabapools_22439682_baf8d310762f.wat","SUPPORTED",19953,19953,0,100.00,"",""
"benchmarks/xblock_wat/alibabapools_22440629_e93db5d2d789.wat","SUPPORTED",19958,19958,0,100.00,"",""
"benchmarks/xblock_wat/alibabapools_22442624_5963d612d808.wat","SUPPORTED",19951,19951,0,100.00,"",""
"benchmarks/xblock_wat/alibabapools_22514335_af0eea8d8635.wat","SUPPORTED",19946,19946,0,100.00,"",""
"benchmarks/xblock_wat/alibabapools_22550657_98383ecb8bde.wat","SUPPORTED",19948,19948,0,100.00,"",""
"benchmarks/xblock_wat/alibabapools_22553458_e532bb332584.wat","SUPPORTED",18369,18369,0,100.00,"",""
"benchmarks/xblock_wat/alibabapools_22557233_024329b00023.wat","SUPPORTED",18256,18256,0,100.00,"",""
"benchmarks/xblock_wat/alibabapools_22578791_6f0e43fc7c88.wat","SUPPORTED",18256,18256,0,100.00,"",""
"benchmarks/xblock_wat/alibabapools_22582352_a1eb5c9c8bce.wat","SUPPORTED",18268,18268,0,100.00,"",""
"benchmarks/xblock_wat/alibabapools_22592572_93f15f797945.wat","SUPPORTED",18268,18268,0,100.00,"",""
"benchmarks/xblock_wat/alibabapools_22593050_e7298f7a06d8.wat","SUPPORTED",18259,18259,0,100.00,"",""
"benchmarks/xblock_wat/alibabapools_22593342_2be17254870b.wat","SUPPORTED",18272,18272,0,100.00,"",""
"benchmarks/xblock_wat/alibabapools_22593707_8c48045bc435.wat","SUPPORTED",18272,18272,0,100.00,"",""
"benchmarks/xblock_wat/alibabapools_22597157_6ca2b8794178.wat","SUPPORTED",19835,19835,0,100.00,"",""
"benchmarks/xblock_wat/alibabapools_22597782_3a0a12ae9908.wat","SUPPORTED",19826,19826,0,100.00,"",""
"benchmarks/xblock_wat/alibabapools_22601516_78d6301986c6.wat","SUPPORTED",21561,21561,0,100.00,"",""
"benchmarks/xblock_wat/alibabapools_22601656_1c331e2e02ea.wat","SUPPORTED",19939,19939,0,100.00,"",""
"benchmarks/xblock_wat/alibabapools_22603097_9cdab1ee163c.wat","SUPPORTED",19939,19939,0,100.00,"",""
"benchmarks/xblock_wat/alibabapools_22681153_cc263b069a47.wat","SUPPORTED",19948,19948,0,100.00,"",""
"benchmarks/xblock_wat/alibabapools_22743580_20ce560424b8.wat","SUPPORTED",20096,20096,0,100.00,"",""
"benchmarks/xblock_wat/alibabapools_24336554_dbdadd3681c0.wat","SUPPORTED",25572,25572,0,100.00,"",""
"benchmarks/xblock_wat/alibabapools_24637180_5f2efeb2bb33.wat","SUPPORTED",25613,25613,0,100.00,"",""
"benchmarks/xblock_wat/alibabapools_24637374_bc3dd25aeeb7.wat","SUPPORTED",25582,25582,0,100.00,"",""
"benchmarks/xblock_wat/alibabapools_26037182_2396b8cd74ec.wat","SUPPORTED",4373,4373,0,100.00,"",""
"benchmarks/xblock_wat/alibabapools_26999241_bf4fa5c5bd1d.wat","SUPPORTED",25476,25476,0,100.00,"",""
"benchmarks/xblock_wat/alibabapools_27017665_a23881d92977.wat","SUPPORTED",25486,25486,0,100.00,"",""
"benchmarks/xblock_wat/alibabapools_27018951_497d66055c55.wat","SUPPORTED",25489,25489,0,100.00,"",""
"benchmarks/xblock_wat/alibabapools_27021901_72323f30d466.wat","SUPPORTED",24570,24570,0,100.00,"",""
"benchmarks/xblock_wat/alibabapools_27231126_a2a17b3de4b4.wat","SUPPORTED",24660,24660,0,100.00,"",""
"benchmarks/xblock_wat/alibabapools_31840765_874ed3213126.wat","SUPPORTED",4436,4436,0,100.00,"",""
"benchmarks/xblock_wat/alibabapoolt_27756209_62a2519b66b2.wat","SUPPORTED",42365,42365,0,100.00,"",""
"benchmarks/xblock_wat/alibabapoolt_28098059_b8d8de202f9d.wat","SUPPORTED",40685,40685,0,100.00,"",""
"benchmarks/xblock_wat/alibabapoolt_28106256_c758d7d48d70.wat","SUPPORTED",40531,40531,0,100.00,"",""
"benchmarks/xblock_wat/alibabapoolt_28111335_f4accd2af1ad.wat","SUPPORTED",40552,40552,0,100.00,"",""
"benchmarks/xblock_wat/alibabapoolt_28211758_f03e499d1304.wat","SUPPORTED",41369,41369,0,100.00,"",""
"benchmarks/xblock_wat/alibabapoolt_28257295_d1196e68ebc6.wat","SUPPORTED",41325,41325,0,100.00,"",""
"benchmarks/xblock_wat/alibabapoolt_28257735_9c07148c6dd4.wat","SUPPORTED",41325,41325,0,100.00,"",""
"benchmarks/xblock_wat/alibabapoolt_28262477_9b5b8462805f.wat","SUPPORTED",39696,39696,0,100.00,"",""
"benchmarks/xblock_wat/alibabapoolt_28373644_51d07dd401f2.wat","SUPPORTED",39706,39706,0,100.00,"",""
"benchmarks/xblock_wat/alibabapoolt_28376659_c12d2d9ed94f.wat","SUPPORTED",39468,39468,0,100.00,"",""
"benchmarks/xblock_wat/alibabapoolt_28378135_0a71cea1c2f8.wat","SUPPORTED",39223,39223,0,100.00,"",""
"benchmarks/xblock_wat/alibabapoolt_28378928_a149607c68f9.wat","SUPPORTED",39481,39481,0,100.00,"",""
"benchmarks/xblock_wat/alibabapoolt_28379032_95b115bf66e2.wat","SUPPORTED",39727,39727,0,100.00,"",""
"benchmarks/xblock_wat/alibabapoolt_28379285_cb26d45a84d6.wat","SUPPORTED",39729,39729,0,100.00,"",""
"benchmarks/xblock_wat/alibabapoolt_28393090_6c5a9b940d20.wat","SUPPORTED",39727,39727,0,100.00,"",""
"benchmarks/xblock_wat/alibabapoolt_28393553_be9e2c70cace.wat","SUPPORTED",39727,39727,0,100.00,"",""
"benchmarks/xblock_wat/alibabapoolt_28397104_ba1286cdfada.wat","SUPPORTED",37942,37942,0,100.00,"",""
"benchmarks/xblock_wat/alibabapoolt_28397815_4035c3fdcc83.wat","SUPPORTED",37942,37942,0,100.00,"",""
"benchmarks/xblock_wat/alibabapoolt_28482751_440b2acf60cd.wat","SUPPORTED",40181,40181,0,100.00,"",""
"benchmarks/xblock_wat/alibabapoolt_28548387_7d5010d2c411.wat","SUPPORTED",40581,40581,0,100.00,"",""
"benchmarks/xblock_wat/alibabapoolt_28550904_b9e9adf040b1.wat","SUPPORTED",40205,40205,0,100.00,"",""
"benchmarks/xblock_wat/alibabapoolt_28569385_9a6d0b30dd8e.wat","SUPPORTED",40390,40390,0,100.00,"",""
"benchmarks/xblock_wat/alibabapoolt_28574103_428eb9ace08c.wat","SUPPORTED",40617,40617,0,100.00,"",""
"benchmarks/xblock_wat/alibabapoolt_28589542_4b1457e0d07b.wat","SUPPORTED",40618,40618,0,100.00,"",""
"benchmarks/xblock_wat/alibabapoolt_28627038_aec8addc4de6.wat","SUPPORTED",40892,40892,0,100.00,"",""
"benchmarks/xblock_wat/alibabapoolt_28627618_ba1c773327b0.wat","SUPPORTED",40897,40897,0,100.00,"",""
"benchmarks/xblock_wat/alibabapoolt_28635193_f34d0fec7d10.wat","SUPPORTED",40880,40880,0,100.00,"",""
"benchmarks/xblock_wat/alibabapoolt_28648094_f24b19d1d3a6.wat","SUPPORTED",40821,40821,0,100.00,"",""
"benchmarks/xblock_wat/alibabapoolt_28655480_fdaf0716c916.wat","SUPPORTED",40833,40833,0,100.00,"",""
"benchmarks/xblock_wat/alibabapoolt_28713435_6e4d5e640fdd.wat","SUPPORTED",41126,41126,0,100.00,"",""
"benchmarks/xblock_wat/alibabapoolt_28713780_45fbf95b4972.wat","SUPPORTED",41126,41126,0,100.00,"",""
"benchmarks/xblock_wat/alibabapoolt_28721245_4bb6abe3444f.wat","SUPPORTED",41144,41144,0,100.00,"",""
"benchmarks/xblock_wat/alibabapoolt_29003536_3a9b9eca292c.wat","SUPPORTED",41476,41476,0,100.00,"",""
"benchmarks/xblock_wat/alibabapoolt_29106048_dabe845e3377.wat","SUPPORTED",43045,43045,0,100.00,"",""
"benchmarks/xblock_wat/alibabapoolt_29107373_01a9b538b014.wat","SUPPORTED",43009,43009,0,100.00,"",""
"benchmarks/xblock_wat/alibabapoolt_29108222_8f638c2b9705.wat","SUPPORTED",43501,43501,0,100.00,"",""
"benchmarks/xblock_wat/alibabapoolt_29112022_47b450345f46.wat","SUPPORTED",43501,43501,0,100.00,"",""
"benchmarks/xblock_wat/alibabapoolt_29112118_008f86e61374.wat","SUPPORTED",43498,43498,0,100.00,"",""
"benchmarks/xblock_wat/alibabapoolt_29184172_2c503988dd65.wat","SUPPORTED",43493,43493,0,100.00,"",""
"benchmarks/xblock_wat/alibabapoolt_29228377_0a4f52e22886.wat","SUPPORTED",43493,43493,0,100.00,"",""
"benchmarks/xblock_wat/alibabapoolt_29231633_050b5d919a13.wat","SUPPORTED",43457,43457,0,100.00,"",""
"benchmarks/xblock_wat/alibabapoolt_29234268_1e144d6fbdd2.wat","SUPPORTED",43389,43389,0,100.00,"",""
"benchmarks/xblock_wat/alibabapoolt_29614028_cfec82efa1eb.wat","SUPPORTED",46388,46388,0,100.00,"",""
"benchmarks/xblock_wat/alibabapoolt_29842201_85554dfc1067.wat","SUPPORTED",47031,47031,0,100.00,"",""
"benchmarks/xblock_wat/alibabapoolt_29923125_aee25ef2d7ef.wat","SUPPORTED",47043,47043,0,100.00,"",""
"benchmarks/xblock_wat/alibabapoolt_30070958_9b2d0f5bde96.wat","SUPPORTED",47867,47867,0,100.00,"",""
"benchmarks/xblock_wat/alibabapoolt_30072304_467e9a27015b.wat","SUPPORTED",47305,47305,0,100.00,"",""
"benchmarks/xblock_wat/alibabapoolt_30099242_1eee1a0c5c26.wat","SUPPORTED",44690,44690,0,100.00,"",""
"benchmarks/xblock_wat/alibabapoolt_30103552_47fd88bd7240.wat","SUPPORTED",47638,47638,0,100.00,"",""
"benchmarks/xblock_wat/alibabapoolt_30292586_50776819a288.wat","SUPPORTED",47339,47339,0,100.00,"",""
"benchmarks/xblock_wat/alibabapoolt_30294873_1a61eeef8a27.wat","SUPPORTED",47476,47476,0,100.00,"",""
"benchmarks/xblock_wat/alibabapoolt_30295088_28cc913fc30e.wat","SUPPORTED",47257,47257,0,100.00,"",""
"benchmarks/xblock_wat/alibabapoolt_30316134_13a910586b91.wat","SUPPORTED",47261,47261,0,100.00,"",""
"benchmarks/xblock_wat/alibabapoolt_30318061_69073bd9fbba.wat","SUPPORTED",47265,47265,0,100.00,"",""
"benchmarks/xblock_wat/alibabapoolt_30319153_b7971a2d8bf7.wat","SUPPORTED",47260,47260,0,100.00,"",""
"benchmarks/xblock_wat/alibabapoolt_30323538_89640f8ab423.wat","SUPPORTED",47264,47264,0,100.00,"",""
"benchmarks/xblock_wat/alibabapoolt_30329941_b7dbf18637f5.wat","SUPPORTED",47272,47272,0,100.00,"",""
"benchmarks/xblock_wat/alibabapoolt_30331710_9382358b796e.wat","SUPPORTED",47251,47251,0,100.00,"",""
"benchmarks/xblock_wat/alibabapoolt_30348359_68652cb3343e.wat","SUPPORTED",47272,47272,0,100.00,"",""
"benchmarks/xblock_wat/alibabapoolt_30349098_bcad14b71a3d.wat","SUPPORTED",47276,47276,0,100.00,"",""
"benchmarks/xblock_wat/alibabapoolt_30501360_838a21217fee.wat","SUPPORTED",48206,48206,0,100.00,"",""
"benchmarks/xblock_wat/alibabapoolt_30609088_a4616b54b95f.wat","SUPPORTED",48206,48206,0,100.00,"",""
"benchmarks/xblock_wat/alibabapoolt_30610534_046b2c39301e.wat","SUPPORTED",48210,48210,0,100.00,"",""
"benchmarks/xblock_wat/alibabapoolt_30644981_51cef7fa24aa.wat","SUPPORTED",48167,48167,0,100.00,"",""
"benchmarks/xblock_wat/alibabapoolt_30771086_b1b87ddf9625.wat","SUPPORTED",48216,48216,0,100.00,"",""
"benchmarks/xblock_wat/alibabapoolt_31174554_ee96d4f15782.wat","SUPPORTED",48052,48052,0,100.00,"",""
"benchmarks/xblock_wat/alibabapoolt_31837018_457db5a4dc49.wat","SUPPORTED",48617,48617,0,100.00,"",""
"benchmarks/xblock_wat/alibabapoolt_33770660_d4f5c41df7cf.wat","SUPPORTED",49333,49333,0,100.00,"",""
"benchmarks/xblock_wat/alibabapoolt_33771171_3929ec7f445e.wat","SUPPORTED",49382,49382,0,100.00,"",""
"benchmarks/xblock_wat/alibabapoolt_33781786_35fc0f1e5464.wat","SUPPORTED",49382,49382,0,100.00,"",""
"benchmarks/xblock_wat/alibabapoolt_33782146_41857158b40a.wat","SUPPORTED",49382,49382,0,100.00,"",""
"benchmarks/xblock_wat/alibabapoolt_33782454_50763146ec5d.wat","SUPPORTED",49382,49382,0,100.00,"",""
"benchmarks/xblock_wat/alibabapoolt_33782796_1ad4624872b1.wat","SUPPORTED",49382,49382,0,100.00,"",""
"benchmarks/xblock_wat/alibabapoolt_33881454_4b275bb960ff.wat","SUPPORTED",49382,49382,0,100.00,"",""
"benchmarks/xblock_wat/alibabapoolt_33936805_48487e3f45bc.wat","SUPPORTED",49382,49382,0,100.00,"",""
"benchmarks/xblock_wat/alibabapoolt_33936860_d157d2bec4e4.wat","SUPPORTED",49382,49382,0,100.00,"",""
"benchmarks/xblock_wat/alibabapoolt_33937125_7fe03da85cc6.wat","SUPPORTED",49303,49303,0,100.00,"",""
"benchmarks/xblock_wat/alibabapoolt_33937692_4d1ff03627ea.wat","SUPPORTED",49382,49382,0,100.00,"",""
"benchmarks/xblock_wat/alibabapoolt_33944186_796d1c869845.wat","SUPPORTED",49382,49382,0,100.00,"",""
"benchmarks/xblock_wat/alibabapoolt_34082878_950495993fc7.wat","SUPPORTED",49382,49382,0,100.00,"",""
"benchmarks/xblock_wat/alibabapoolt_34089542_2f8b7a741f95.wat","SUPPORTED",49382,49382,0,100.00,"",""
"benchmarks/xblock_wat/alibabapoolt_34090361_2827469ed795.wat","SUPPORTED",49382,49382,0,100.00,"",""
"benchmarks/xblock_wat/alibabapoolt_34234695_b90d8a708740.wat","SUPPORTED",49382,49382,0,100.00,"",""
"benchmarks/xblock_wat/alibabapoolt_34297445_5e1fbfc3cb6a.wat","SUPPORTED",49382,49382,0,100.00,"",""
"benchmarks/xblock_wat/alimama55555_32866435_5352fc72f345.wat","SUPPORTED",10103,10103,0,100.00,"",""
"benchmarks/xblock_wat/alimama55555_33694427_c500d0e547de.wat","SUPPORTED",9205,9205,0,100.00,"",""
"benchmarks/xblock_wat/alleosiswode_88422052_6e0b9f28b1d5.wat","SUPPORTED",3409,3409,0,100.00,"",""
"benchmarks/xblock_wat/alliance1111_49485352_a747e7c36ff4.wat","SUPPORTED",12859,12859,0,100.00,"",""
"benchmarks/xblock_wat/alliance1111_49485872_79e6539f774a.wat","SUPPORTED",12861,12861,0,100.00,"",""
"benchmarks/xblock_wat/aloveanrui22_34998161_73b28ced8add.wat","SUPPORTED",9302,9302,0,100.00,"",""
"benchmarks/xblock_wat/aloveanrui22_35180261_7af0608b521d.wat","SUPPORTED",56156,56156,0,100.00,"",""
"benchmarks/xblock_wat/amperdrtoken_63099478_0a3909584b92.wat","SUPPORTED",11691,11691,0,100.00,"",""
"benchmarks/xblock_wat/ampervstoken_63312013_33241bfd7249.wat","SUPPORTED",27124,27124,0,100.00,"",""
"benchmarks/xblock_wat/anchorwallet_18883206_30743afe6fb4.wat","SUPPORTED",4212,4212,0,100.00,"",""
"benchmarks/xblock_wat/angeliumseed_45134461_f01047954723.wat","SUPPORTED",9997,9997,0,100.00,"",""
"benchmarks/xblock_wat/angeliumsoul_65306588_51b1dccfcba7.wat","SUPPORTED",9567,9567,0,100.00,"",""
"benchmarks/xblock_wat/angeliumsoul_68811280_93a3d225577b.wat","SUPPORTED",9486,9486,0,100.00,"",""
"benchmarks/xblock_wat/angeliumsoul_81893850_d66d62ea1d58.wat","SUPPORTED",8816,8816,0,100.00,"",""
"benchmarks/xblock_wat/animalbattle_67910230_1c56e14b477f.wat","SUPPORTED",35130,35130,0,100.00,"",""
"benchmarks/xblock_wat/animalbattle_78560618_ed808b1c783d.wat","SUPPORTED",35633,35633,0,100.00,"",""
"benchmarks/xblock_wat/animalbattle_78561105_35bc93399296.wat","SUPPORTED",35607,35607,0,100.00,"",""
"benchmarks/xblock_wat/animaltokenb_44247453_dd3275562cdf.wat","SUPPORTED",4560,4560,0,100.00,"",""
"benchmarks/xblock_wat/anonymousorg_16660157_871e932c16b2.wat","SUPPORTED",1684,1684,0,100.00,"",""
"benchmarks/xblock_wat/anonymousorg_16661850_4f918788907f.wat","SUPPORTED",1632,1632,0,100.00,"",""
"benchmarks/xblock_wat/anonymousorg_16663899_c625e2a400fa.wat","SUPPORTED",3681,3681,0,100.00,"",""
"benchmarks/xblock_wat/anonymousorg_21718699_d435300ca741.wat","SUPPORTED",3550,3550,0,100.00,"",""
"benchmarks/xblock_wat/anonymousorg_24680410_fbd9cb50f725.wat","SUPPORTED",84,84,0,100.00,"",""
"benchmarks/xblock_wat/anonymousorg_24681664_e3c3c696d95a.wat","SUPPORTED",84,84,0,100.00,"",""
"benchmarks/xblock_wat/anonymousorg_24683145_4bf6aa9a1d47.wat","SUPPORTED",84,84,0,100.00,"",""
"benchmarks/xblock_wat/anonymousorg_24684093_b9054836136e.wat","SUPPORTED",84,84,0,100.00,"",""
"benchmarks/xblock_wat/anonymousorg_24758897_671a22a24c68.wat","SUPPORTED",84,84,0,100.00,"",""
"benchmarks/xblock_wat/anonymousorg_24759855_5516c5c08afa.wat","SUPPORTED",84,84,0,100.00,"",""
"benchmarks/xblock_wat/anonymousorg_24788547_0a99bbec574f.wat","SUPPORTED",84,84,0,100.00,"",""
"benchmarks/xblock_wat/anonymousorg_24790298_fc3ff70d710b.wat","SUPPORTED",84,84,0,100.00,"",""
"benchmarks/xblock_wat/anonymousorg_24793035_1fc6b09a7967.wat","SUPPORTED",84,84,0,100.00,"",""
"benchmarks/xblock_wat/anonymousorg_25023984_202b71a5a22d.wat","SUPPORTED",84,84,0,100.00,"",""
"benchmarks/xblock_wat/anonymousorg_25162725_5b1cf0a1a259.wat","SUPPORTED",84,84,0,100.00,"",""
"benchmarks/xblock_wat/anonymousorg_26707111_bd7d1aeb8823.wat","SUPPORTED",84,84,0,100.00,"",""
"benchmarks/xblock_wat/anonymousreg_10534885_4ce907a73418.wat","SUPPORTED",19610,19610,0,100.00,"",""
"benchmarks/xblock_wat/anonymousreg_10537281_5611d7212e73.wat","SUPPORTED",19610,19610,0,100.00,"",""
"benchmarks/xblock_wat/anonymousreg_10632604_394706952cff.wat","SUPPORTED",22144,22144,0,100.00,"",""
"benchmarks/xblock_wat/anonymousreg_10633880_d96d141713c8.wat","SUPPORTED",22293,22293,0,100.00,"",""
"benchmarks/xblock_wat/anonymousreg_10640316_f7a234162906.wat","SUPPORTED",23386,23386,0,100.00,"",""
"benchmarks/xblock_wat/anonymousreg_10640793_47b4b8d23e08.wat","SUPPORTED",23399,23399,0,100.00,"",""
"benchmarks/xblock_wat/anonymousreg_10641504_bed4909f66ee.wat","SUPPORTED",23397,23397,0,100.00,"",""
"benchmarks/xblock_wat/anonymousreg_10641622_073528c208c1.wat","SUPPORTED",23397,23397,0,100.00,"",""
"benchmarks/xblock_wat/anonymousreg_10743441_9180aea37441.wat","SUPPORTED",22848,22848,0,100.00,"",""
"benchmarks/xblock_wat/anonymousreg_11453753_da71bf69b648.wat","SUPPORTED",22202,22202,0,100.00,"",""
"benchmarks/xblock_wat/anonymousreg_11463103_b58c6a80dc17.wat","SUPPORTED",22526,22526,0,100.00,"",""
"benchmarks/xblock_wat/anonymousreg_11463235_cc13674a40a9.wat","SUPPORTED",22526,22526,0,100.00,"",""
"benchmarks/xblock_wat/anonymousreg_11624243_62dedd260e7c.wat","SUPPORTED",21669,21669,0,100.00,"",""
"benchmarks/xblock_wat/anonymousreg_11753193_2c08733107c4.wat","SUPPORTED",21669,21669,0,100.00,"",""
"benchmarks/xblock_wat/anonymousreg_11877142_c66eb4a29b76.wat","SUPPORTED",23858,23858,0,100.00,"",""
"benchmarks/xblock_wat/anonymousreg_11878986_8dc192c2740d.wat","SUPPORTED",24903,24903,0,100.00,"",""
"benchmarks/xblock_wat/anonymousreg_11879238_f3a3087605bd.wat","SUPPORTED",25126,25126,0,100.00,"",""
"benchmarks/xblock_wat/anonymousreg_11881844_8b3d32a330b4.wat","SUPPORTED",25843,25843,0,100.00,"",""
"benchmarks/xblock_wat/anonymousreg_11885195_d3f7902950ab.wat","SUPPORTED",25843,25843,0,100.00,"",""
"benchmarks/xblock_wat/anonymousreg_12619505_6a4c3ff29347.wat","SUPPORTED",24147,24147,0,100.00,"",""
"benchmarks/xblock_wat/anonymousreg_13648704_4fa4c7e4bea4.wat","SUPPORTED",26598,26598,0,100.00,"",""
"benchmarks/xblock_wat/anonymousreg_13805160_19296c7d513a.wat","SUPPORTED",26240,26240,0,100.00,"",""
"benchmarks/xblock_wat/anonymousreg_13806455_bc918af2b691.wat","SUPPORTED",27239,27239,0,100.00,"",""
"benchmarks/xblock_wat/anonymousreg_13821091_631f5b68fc65.wat","SUPPORTED",34746,34746,0,100.00,"",""
"benchmarks/xblock_wat/anonymousreg_13822070_31df3c2d704b.wat","SUPPORTED",34850,34850,0,100.00,"",""
"benchmarks/xblock_wat/anonymousreg_13954994_3eaeec533410.wat","SUPPORTED",41048,41048,0,100.00,"",""
"benchmarks/xblock_wat/anonymousreg_13957261_a9f2c7ce2142.wat","SUPPORTED",41040,41040,0,100.00,"",""
"benchmarks/xblock_wat/anonymousreg_13960028_8eca4cb1b5de.wat","SUPPORTED",40809,40809,0,100.00,"",""
"benchmarks/xblock_wat/anonymousreg_13961542_c11e3147dc67.wat","SUPPORTED",40733,40733,0,100.00,"",""
"benchmarks/xblock_wat/anonymousreg_13963013_9bfe9c267b5c.wat","SUPPORTED",40595,40595,0,100.00,"",""
"benchmarks/xblock_wat/anonymousreg_13964573_7228735e9488.wat","SUPPORTED",40519,40519,0,100.00,"",""
"benchmarks/xblock_wat/anonymousreg_13991026_a365bda13349.wat","SUPPORTED",40523,40523,0,100.00,"",""
"benchmarks/xblock_wat/anonymousreg_13993743_41c8336e099d.wat","SUPPORTED",40523,40523,0,100.00,"",""
"benchmarks/xblock_wat/anonymousreg_14346823_dd8930fca3be.wat","SUPPORTED",28263,28263,0,100.00,"",""
"benchmarks/xblock_wat/anonymousreg_14520585_268b7da43ed9.wat","SUPPORTED",28883,28883,0,100.00,"",""
"benchmarks/xblock_wat/anonymousreg_14521710_18ce1d6c5e08.wat","SUPPORTED",28803,28803,0,100.00,"",""
"benchmarks/xblock_wat/anonymousreg_14522025_317f4c2b2666.wat","SUPPORTED",28803,28803,0,100.00,"",""
"benchmarks/xblock_wat/anonymousreg_14522391_3089b555ab25.wat","SUPPORTED",28803,28803,0,100.00,"",""
"benchmarks/xblock_wat/anonymousreg_14557402_9f958171070a.wat","SUPPORTED",28807,28807,0,100.00,"",""
"benchmarks/xblock_wat/anonymousreg_15151472_32516c07166c.wat","SUPPORTED",30395,30395,0,100.00,"",""
"benchmarks/xblock_wat/anonymousreg_24143854_d670d6eaf980.wat","SUPPORTED",32498,32498,0,100.00,"",""
"benchmarks/xblock_wat/anonymousreg_9937153_8513d3039e74.wat","SUPPORTED",16223,16223,0,100.00,"",""
"benchmarks/xblock_wat/anonymousxxx_23389265_c0b5c1f702ca.wat","SUPPORTED",2376,2376,0,100.00,"",""
"benchmarks/xblock_wat/anonymousxxx_23389491_e5af41aa88e9.wat","SUPPORTED",2283,2283,0,100.00,"",""
"benchmarks/xblock_wat/anonymousyyy_21714802_86b1150ee5f0.wat","SUPPORTED",2374,2374,0,100.00,"",""
"benchmarks/xblock_wat/anonymousyyy_21718277_d550a0fc288b.wat","SUPPORTED",2374,2374,0,100.00,"",""
"benchmarks/xblock_wat/anonymousyyy_21816521_ac73fdf89cbf.wat","SUPPORTED",2386,2386,0,100.00,"",""
"benchmarks/xblock_wat/anonymousyyy_21817666_7d6df8ec8ccb.wat","SUPPORTED",2380,2380,0,100.00,"",""
"benchmarks/xblock_wat/anonymousyyy_21817798_318dddb5738f.wat","SUPPORTED",2296,2296,0,100.00,"",""
"benchmarks/xblock_wat/anonymousyyy_21817959_5109f1bcb263.wat","SUPPORTED",2380,2380,0,100.00,"",""
"benchmarks/xblock_wat/anonymousyyy_21818045_a703e42d3ff4.wat","SUPPORTED",2380,2380,0,100.00,"",""
"benchmarks/xblock_wat/anonymousyyy_22069910_6e0e7b192ffc.wat","SUPPORTED",2380,2380,0,100.00,"",""
"benchmarks/xblock_wat/anonymousyyy_22094312_0962e687eb58.wat","SUPPORTED",8327,8327,0,100.00,"",""
"benchmarks/xblock_wat/anonymousyyy_22094406_4b52d25a4492.wat","SUPPORTED",8318,8318,0,100.00,"",""
"benchmarks/xblock_wat/anonymousyyy_22095417_c059e8aeadc1.wat","SUPPORTED",2380,2380,0,100.00,"",""
"benchmarks/xblock_wat/anonymousyyy_22210357_be336445c20d.wat","SUPPORTED",2304,2304,0,100.00,"",""
"benchmarks/xblock_wat/anonymousyyy_22211890_7e4de2483a04.wat","SUPPORTED",2298,2298,0,100.00,"",""
"benchmarks/xblock_wat/anonymousyyy_22719839_1e7a0432b419.wat","SUPPORTED",2374,2374,0,100.00,"",""
"benchmarks/xblock_wat/anonymousyyy_22720369_273c31e7c49e.wat","SUPPORTED",2376,2376,0,100.00,"",""
"benchmarks/xblock_wat/anonymousyyy_22720519_4c2b896fe2fc.wat","SUPPORTED",2465,2465,0,100.00,"",""
"benchmarks/xblock_wat/anonymousyyy_22720713_b256c9277df9.wat","SUPPORTED",2452,2452,0,100.00,"",""
"benchmarks/xblock_wat/anonymousyyy_22728339_a1f1872b4a98.wat","SUPPORTED",2374,2374,0,100.00,"",""
"benchmarks/xblock_wat/anonymousyyy_23384001_b4c4943483b8.wat","SUPPORTED",2374,2374,0,100.00,"",""
"benchmarks/xblock_wat/anonymousyyy_23561763_8a5a0046928f.wat","SUPPORTED",6838,6838,0,100.00,"",""
"benchmarks/xblock_wat/anonymousyyy_23562705_cfa829a4f147.wat","SUPPORTED",6827,6827,0,100.00,"",""
"benchmarks/xblock_wat/anonymousyyy_23562857_3964aaf0acf4.wat","SUPPORTED",6830,6830,0,100.00,"",""
"benchmarks/xblock_wat/anonymousyyy_23571688_c370fa723091.wat","SUPPORTED",6832,6832,0,100.00,"",""
"benchmarks/xblock_wat/anonymousyyy_23572806_f64b39671004.wat","SUPPORTED",7170,7170,0,100.00,"",""
"benchmarks/xblock_wat/anonymousyyy_23573189_c07fa2275951.wat","SUPPORTED",6810,6810,0,100.00,"",""
"benchmarks/xblock_wat/anonymousyyy_23573503_cea705c3b6d5.wat","SUPPORTED",6800,6800,0,100.00,"",""
"benchmarks/xblock_wat/anonymousyyy_23573889_9e05ccee30ac.wat","SUPPORTED",6800,6800,0,100.00,"",""
"benchmarks/xblock_wat/anonymousyyy_23577095_bcf3efd7b214.wat","SUPPORTED",6800,6800,0,100.00,"",""
"benchmarks/xblock_wat/anonymousyyy_23577721_f1a6c9e4ce8d.wat","SUPPORTED",7245,7245,0,100.00,"",""
"benchmarks/xblock_wat/anonymousyyy_23578083_1eaa1c4cb809.wat","SUPPORTED",7245,7245,0,100.00,"",""
"benchmarks/xblock_wat/anonymousyyy_23578144_97b2d53e3275.wat","SUPPORTED",7246,7246,0,100.00,"",""
"benchmarks/xblock_wat/anonymousyyy_23587075_86c661f989c3.wat","SUPPORTED",7239,7239,0,100.00,"",""
"benchmarks/xblock_wat/anonymousyyy_23595492_a6e7c56d85a7.wat","SUPPORTED",7239,7239,0,100.00,"",""
"benchmarks/xblock_wat/anonymousyyy_24772569_c2cd4e21e013.wat","SUPPORTED",2281,2281,0,100.00,"",""
"benchmarks/xblock_wat/anonymousyyy_25689390_74a95cd2f91e.wat","SUPPORTED",2281,2281,0,100.00,"",""
"benchmarks/xblock_wat/anonymousyyy_25826820_1423b8438d9f.wat","SUPPORTED",7239,7239,0,100.00,"",""
"benchmarks/xblock_wat/anonymousyyy_25827720_2f82dd106717.wat","SUPPORTED",7239,7239,0,100.00,"",""
"benchmarks/xblock_wat/anonymousyyy_25829140_90775bb278ec.wat","SUPPORTED",7239,7239,0,100.00,"",""
"benchmarks/xblock_wat/anonymousyyy_25849495_4d89ca1c1ac0.wat","SUPPORTED",7927,7927,0,100.00,"",""
"benchmarks/xblock_wat/anonymousyyy_25849989_6d4aa702540c.wat","SUPPORTED",7927,7927,0,100.00,"",""
"benchmarks/xblock_wat/anonymousyyy_26873255_4a0d0711f153.wat","SUPPORTED",7529,7529,0,100.00,"",""
"benchmarks/xblock_wat/anonymousyyy_26873332_15bbd6d34c75.wat","SUPPORTED",8582,8582,0,100.00,"",""
"benchmarks/xblock_wat/anonymousyyy_26873681_07483ab7e533.wat","SUPPORTED",8582,8582,0,100.00,"",""
"benchmarks/xblock_wat/anonymousyyy_26874006_fcae7283b24a.wat","SUPPORTED",8582,8582,0,100.00,"",""
"benchmarks/xblock_wat/anonymousyyy_26874405_ff3626005711.wat","SUPPORTED",8582,8582,0,100.00,"",""
"benchmarks/xblock_wat/anonymousyyy_26874836_1a00bd8f583d.wat","SUPPORTED",8582,8582,0,100.00,"",""
"benchmarks/xblock_wat/anonymousyyy_26874893_440ade65a7f7.wat","SUPPORTED",8582,8582,0,100.00,"",""
"benchmarks/xblock_wat/anonymousyyy_26875376_88305312fbe7.wat","SUPPORTED",8582,8582,0,100.00,"",""
"benchmarks/xblock_wat/anonymousyyy_26876006_43f1636ae576.wat","SUPPORTED",7368,7368,0,100.00,"",""
"benchmarks/xblock_wat/anonymousyyy_26876355_9fbe59932124.wat","SUPPORTED",7774,7774,0,100.00,"",""
"benchmarks/xblock_wat/anonymousyyy_26876704_a063ec9578d1.wat","SUPPORTED",6841,6841,0,100.00,"",""
"benchmarks/xblock_wat/anonymousyyy_26877087_e11ff423ec33.wat","SUPPORTED",6798,6798,0,100.00,"",""
"benchmarks/xblock_wat/anonymousyyy_26877585_0de805396db9.wat","SUPPORTED",6823,6823,0,100.00,"",""
"benchmarks/xblock_wat/anonymousyyy_26877706_17999a7dcaf0.wat","SUPPORTED",6823,6823,0,100.00,"",""
"benchmarks/xblock_wat/anonymousyyy_26878400_595b0cb16213.wat","SUPPORTED",7334,7334,0,100.00,"",""
"benchmarks/xblock_wat/answerandeos_26388682_557f057d26c3.wat","SUPPORTED",22390,22390,0,100.00,"",""
"benchmarks/xblock_wat/answerandeos_26389343_5221d7cf15d0.wat","SUPPORTED",22390,22390,0,100.00,"",""
"benchmarks/xblock_wat/antireplayio_49689414_1632fe0f46e4.wat","SUPPORTED",1695,1695,0,100.00,"",""
"benchmarks/xblock_wat/anyaeosgener_76316434_a7bdf87ded97.wat","SUPPORTED",24002,24002,0,100.00,"",""
"benchmarks/xblock_wat/anyaeosgener_76554209_c50d8add0ae9.wat","SUPPORTED",24002,24002,0,100.00,"",""
"benchmarks/xblock_wat/anyaeosgener_77797268_65351ab8c458.wat","SUPPORTED",23679,23679,0,100.00,"",""
"benchmarks/xblock_wat/anyaeosgener_78095977_428c8dd67c00.wat","SUPPORTED",23043,23043,0,100.00,"",""
"benchmarks/xblock_wat/apibenchmark_82562234_0198a51bd0e5.wat","SUPPORTED",1398,1398,0,100.00,"",""
"benchmarks/xblock_wat/apibenchmark_82590233_9fbfb0b921f6.wat","SUPPORTED",10780,10780,0,100.00,"",""
"benchmarks/xblock_wat/apibenchmark_82599743_04284f62902f.wat","SUPPORTED",11331,11331,0,100.00,"",""
"benchmarks/xblock_wat/apibenchmark_82600141_2ec12eee0197.wat","SUPPORTED",11447,11447,0,100.00,"",""
"benchmarks/xblock_wat/apibenchmark_82600822_9cf31086ee72.wat","SUPPORTED",11462,11462,0,100.00,"",""
"benchmarks/xblock_wat/apibenchmark_82747334_91b347a856f5.wat","SUPPORTED",12527,12527,0,100.00,"",""
"benchmarks/xblock_wat/apidirectory_46907666_0932ac3a9027.wat","SUPPORTED",22803,22803,0,100.00,"",""
"benchmarks/xblock_wat/apidirectory_46958586_d873ca6885fd.wat","SUPPORTED",22811,22811,0,100.00,"",""
"benchmarks/xblock_wat/apidirectory_47749688_a956e49541f6.wat","SUPPORTED",24665,24665,0,100.00,"",""
"benchmarks/xblock_wat/appicsappics_69577703_8cb575951c48.wat","SUPPORTED",13125,13125,0,100.00,"",""
"benchmarks/xblock_wat/appicsappics_71551302_bbdc48cc2acb.wat","SUPPORTED",13998,13998,0,100.00,"",""
"benchmarks/xblock_wat/apptokendoco_13126054_cb8c2f2e3676.wat","SUPPORTED",2381,2381,0,100.00,"",""
"benchmarks/xblock_wat/apptokendoco_15792182_c23046f959cf.wat","SUPPORTED",2381,2381,0,100.00,"",""
"benchmarks/xblock_wat/apptokendoco_7108791_b7e79f2a9102.wat","SUPPORTED",2357,2357,0,100.00,"",""
"benchmarks/xblock_wat/aqsensordata_5383798_1b13b72b9e54.wat","SUPPORTED",3408,3408,0,100.00,"",""
"benchmarks/xblock_wat/aqsensordata_5384752_f66d5e168065.wat","SUPPORTED",3408,3408,0,100.00,"",""
"benchmarks/xblock_wat/aqsensordata_5386548_f16772ff7ee7.wat","SUPPORTED",3418,3418,0,100.00,"",""
"benchmarks/xblock_wat/aqsensordata_5398992_23ae9104f2b0.wat","SUPPORTED",3414,3414,0,100.00,"",""
"benchmarks/xblock_wat/aqsensordata_5399714_266729928cf9.wat","SUPPORTED",3413,3413,0,100.00,"",""
"benchmarks/xblock_wat/aqsensordata_5400539_7ec1e3968a40.wat","SUPPORTED",3416,3416,0,100.00,"",""
"benchmarks/xblock_wat/aqsensordata_5403257_12ea18c4b54a.wat","SUPPORTED",3416,3416,0,100.00,"",""
"benchmarks/xblock_wat/aqsensordata_5403706_e5f0184ac5a5.wat","SUPPORTED",3427,3427,0,100.00,"",""
"benchmarks/xblock_wat/aqsensordata_5423692_2d58f0f82da5.wat","SUPPORTED",2277,2277,0,100.00,"",""
"benchmarks/xblock_wat/aqsensordata_5423881_fa838f124892.wat","SUPPORTED",2276,2276,0,100.00,"",""
"benchmarks/xblock_wat/aqsensordata_5426050_0486b3271280.wat","SUPPORTED",3794,3794,0,100.00,"",""
"benchmarks/xblock_wat/aqsensordata_5428599_715255521932.wat","SUPPORTED",3884,3884,0,100.00,"",""
"benchmarks/xblock_wat/arbarotokenn_49394450_4cb575e7b912.wat","SUPPORTED",9657,9657,0,100.00,"",""
"benchmarks/xblock_wat/arbarotokenn_49403595_42aee73706e5.wat","SUPPORTED",9654,9654,0,100.00,"",""
"benchmarks/xblock_wat/arbarotokenn_54410076_297d82c6a680.wat","SUPPORTED",14254,14254,0,100.00,"",""
"benchmarks/xblock_wat/arbarotokenn_54410852_032991ad5e08.wat","SUPPORTED",10052,10052,0,100.00,"",""
"benchmarks/xblock_wat/arbarotokenn_54411045_15821e020e01.wat","SUPPORTED",10054,10054,0,100.00,"",""
"benchmarks/xblock_wat/arbarotokenn_54411459_1881318ffc4d.wat","SUPPORTED",9920,9920,0,100.00,"",""
"benchmarks/xblock_wat/arbarotokenn_54411614_93cd0ab5c9e6.wat","SUPPORTED",10264,10264,0,100.00,"",""
"benchmarks/xblock_wat/arbarotokenn_54411666_df4f98571369.wat","SUPPORTED",10264,10264,0,100.00,"",""
"benchmarks/xblock_wat/arbarotokenn_55808127_33bba7b3e6cd.wat","SUPPORTED",14264,14264,0,100.00,"",""
"benchmarks/xblock_wat/arbarotokenn_57202117_80f7e1bce740.wat","SUPPORTED",14742,14742,0,100.00,"",""
"benchmarks/xblock_wat/areyouokeoss_89453039_af337fc6083f.wat","SUPPORTED",4954,4954,0,100.00,"",""
"benchmarks/xblock_wat/areyouokeoss_89472715_b205eeb23d83.wat","SUPPORTED",4423,4423,0,100.00,"",""
"benchmarks/xblock_wat/armysuper123_76032275_81b7fe1124e7.wat","SUPPORTED",36355,36355,0,100.00,"",""
"benchmarks/xblock_wat/armysuper123_76553812_22e38081ad1b.wat","SUPPORTED",36363,36363,0,100.00,"",""
"benchmarks/xblock_wat/artfintechpe_38808737_a4dcbffa2a64.wat","SUPPORTED",7109,7109,0,100.00,"",""
"benchmarks/xblock_wat/artfintecppe_41397079_148403577ab9.wat","SUPPORTED",6517,6517,0,100.00,"",""
"benchmarks/xblock_wat/artpassidnet_38234181_ac6f2d8cbd9f.wat","SUPPORTED",8488,8488,0,100.00,"",""
"benchmarks/xblock_wat/artpassidnet_38261973_8f6f812ac49b.wat","SUPPORTED",6579,6579,0,100.00,"",""
"benchmarks/xblock_wat/asas123123ee_43906375_b46b6dae9099.wat","SUPPORTED",13309,13309,0,100.00,"",""
"benchmarks/xblock_wat/asclepiusmv1_19394885_20ac00bf06b4.wat","SUPPORTED",17742,17742,0,100.00,"",""
"benchmarks/xblock_wat/asctokenbank_50968165_2dfbc0fdfc61.wat","SUPPORTED",10648,10648,0,100.00,"",""
"benchmarks/xblock_wat/asyouallhave_84503047_557f933d5f77.wat","SUPPORTED",8865,8865,0,100.00,"",""
"benchmarks/xblock_wat/asyouallknow_87021247_cd4300c9401d.wat","SUPPORTED",17379,17379,0,100.00,"",""
"benchmarks/xblock_wat/asyouallknow_87060115_9bc0bf91c534.wat","SUPPORTED",17690,17690,0,100.00,"",""
"benchmarks/xblock_wat/atdcommunity_8081185_03f742e854c5.wat","SUPPORTED",8483,8483,0,100.00,"",""
"benchmarks/xblock_wat/atdcommunity_8131596_34f31ea34df0.wat","SUPPORTED",4484,4484,0,100.00,"",""
"benchmarks/xblock_wat/atdcommunity_8134264_41d5fc755a76.wat","SUPPORTED",8713,8713,0,100.00,"",""
"benchmarks/xblock_wat/athenaexpect_64650032_829a24611a21.wat","SUPPORTED",7230,7230,0,100.00,"",""
"benchmarks/xblock_wat/atidiumpay4u_59981957_d182b47678ea.wat","SUPPORTED",10396,10396,0,100.00,"",""
"benchmarks/xblock_wat/atidiumpay4u_60277128_5eab0ea50db2.wat","SUPPORTED",16170,16170,0,100.00,"",""
"benchmarks/xblock_wat/atidiumpay4u_61936088_165fdf31db89.wat","SUPPORTED",12296,12296,0,100.00,"",""
"benchmarks/xblock_wat/atidiumpay4u_64442843_fee46737d7ae.wat","SUPPORTED",13518,13518,0,100.00,"",""
"benchmarks/xblock_wat/attacker1234_68090129_221c36f07172.wat","SUPPORTED",2852,2852,0,100.00,"",""
"benchmarks/xblock_wat/attacker1234_68091207_9967e7c19e9e.wat","SUPPORTED",879,879,0,100.00,"",""
"benchmarks/xblock_wat/auaglobalcom_48533216_8623b58dab36.wat","SUPPORTED",22640,22640,0,100.00,"",""
"benchmarks/xblock_wat/auaglobalcom_59442681_2e8b18228958.wat","SUPPORTED",24221,24221,0,100.00,"",""
"benchmarks/xblock_wat/aussiehamper_30482632_96369948e644.wat","SUPPORTED",10877,10877,0,100.00,"",""
"benchmarks/xblock_wat/aussiehamper_31958872_016b498dd2a6.wat","SUPPORTED",10877,10877,0,100.00,"",""
"benchmarks/xblock_wat/aussiehamper_33913105_c1ec9263bfcc.wat","SUPPORTED",10883,10883,0,100.00,"",""
"benchmarks/xblock_wat/autobotprime_50784144_6a2eecaadcf7.wat","SUPPORTED",2568,2568,0,100.00,"",""
"benchmarks/xblock_wat/autobotprime_82367403_ce5a022b905b.wat","SUPPORTED",4491,4491,0,100.00,"",""
"benchmarks/xblock_wat/automatedres_57311243_569f54f4b9fb.wat","SUPPORTED",20775,20775,0,100.00,"",""
"benchmarks/xblock_wat/automatedres_58154538_5fa4daaf5ad9.wat","SUPPORTED",22685,22685,0,100.00,"",""
"benchmarks/xblock_wat/automatedres_59659453_13a71f1ca1c0.wat","SUPPORTED",28485,28485,0,100.00,"",""
"benchmarks/xblock_wat/automatedres_59824010_5115bdb9d18e.wat","SUPPORTED",21141,21141,0,100.00,"",""
"benchmarks/xblock_wat/automatedres_60522702_3261b9066b38.wat","SUPPORTED",32187,32187,0,100.00,"",""
"benchmarks/xblock_wat/automatedres_60524206_5ad207206e42.wat","SUPPORTED",32185,32185,0,100.00,"",""
"benchmarks/xblock_wat/automatedres_60528397_644c22287640.wat","SUPPORTED",25502,25502,0,100.00,"",""
"benchmarks/xblock_wat/automatedres_60538624_e4340fc68863.wat","SUPPORTED",29515,29515,0,100.00,"",""
"benchmarks/xblock_wat/automatedres_60549479_ddd38226ec26.wat","SUPPORTED",29912,29912,0,100.00,"",""
"benchmarks/xblock_wat/automatedres_60700551_5b78d7cf5ad7.wat","SUPPORTED",33990,33990,0,100.00,"",""
"benchmarks/xblock_wat/automatedres_60701198_d39dc76196a0.wat","SUPPORTED",33990,33990,0,100.00,"",""
"benchmarks/xblock_wat/automatedres_60701392_525b0712ecf0.wat","SUPPORTED",34197,34197,0,100.00,"",""
"benchmarks/xblock_wat/automatedres_60701460_07ed81fe4bfb.wat","SUPPORTED",34197,34197,0,100.00,"",""
"benchmarks/xblock_wat/automatedres_60701598_55cf8d2c0b58.wat","SUPPORTED",34194,34194,0,100.00,"",""
"benchmarks/xblock_wat/automatedres_60701648_068326c9ea6c.wat","SUPPORTED",34194,34194,0,100.00,"",""
"benchmarks/xblock_wat/automatedres_61036805_6d0c491fa666.wat","SUPPORTED",34200,34200,0,100.00,"",""
"benchmarks/xblock_wat/automatedres_61037059_a398d1e8f0b2.wat","SUPPORTED",34231,34231,0,100.00,"",""
"benchmarks/xblock_wat/automatedres_61037404_b34413f9b2d4.wat","SUPPORTED",34200,34200,0,100.00,"",""
"benchmarks/xblock_wat/automatedres_61040405_0143fa8e3d87.wat","SUPPORTED",34337,34337,0,100.00,"",""
"benchmarks/xblock_wat/automatedres_61045052_04e0fed0f349.wat","SUPPORTED",34637,34637,0,100.00,"",""
"benchmarks/xblock_wat/automatedres_61045216_9838bd93815d.wat","SUPPORTED",34640,34640,0,100.00,"",""
"benchmarks/xblock_wat/automatedres_61045547_5caf20c45bbd.wat","SUPPORTED",34638,34638,0,100.00,"",""
"benchmarks/xblock_wat/automatedres_61045626_bd9ac3d56e9b.wat","SUPPORTED",34664,34664,0,100.00,"",""
"benchmarks/xblock_wat/automatedres_61047746_59e336249162.wat","SUPPORTED",34674,34674,0,100.00,"",""
"benchmarks/xblock_wat/automatedres_61049743_b3538901c0c4.wat","SUPPORTED",34675,34675,0,100.00,"",""
"benchmarks/xblock_wat/automatedres_61062000_d0dbfb3dc1f9.wat","SUPPORTED",35212,35212,0,100.00,"",""
"benchmarks/xblock_wat/automatedres_61063823_e4bbf0da41c6.wat","SUPPORTED",35213,35213,0,100.00,"",""
"benchmarks/xblock_wat/automatedres_61407044_81aede9033ff.wat","SUPPORTED",30962,30962,0,100.00,"",""
"benchmarks/xblock_wat/automatedres_61407681_28209b197573.wat","SUPPORTED",30940,30940,0,100.00,"",""
"benchmarks/xblock_wat/automatedres_61407726_2dce600ec16d.wat","SUPPORTED",30914,30914,0,100.00,"",""
"benchmarks/xblock_wat/automatedres_61407841_eaab73dd16cb.wat","SUPPORTED",30940,30940,0,100.00,"",""
"benchmarks/xblock_wat/automatedres_61407876_1b7663dd547b.wat","SUPPORTED",30932,30932,0,100.00,"",""
"benchmarks/xblock_wat/automatedres_61407921_ec988e2c0a80.wat","SUPPORTED",30940,30940,0,100.00,"",""
"benchmarks/xblock_wat/automatedres_61408012_fbc1dc68d807.wat","SUPPORTED",30941,30941,0,100.00,"",""
"benchmarks/xblock_wat/automatedres_61408053_4b7dfe6c8f97.wat","SUPPORTED",30940,30940,0,100.00,"",""
"benchmarks/xblock_wat/automatedres_61408089_bff5cdfac933.wat","SUPPORTED",30940,30940,0,100.00,"",""
"benchmarks/xblock_wat/automatedres_61408123_9f21c8e064a8.wat","SUPPORTED",30940,30940,0,100.00,"",""
"benchmarks/xblock_wat/automatedres_61409711_5723b3b4aa62.wat","SUPPORTED",30951,30951,0,100.00,"",""
"benchmarks/xblock_wat/automatedres_61409825_13c5e7ed50a6.wat","SUPPORTED",30951,30951,0,100.00,"",""
"benchmarks/xblock_wat/automatedres_61409946_ba5921012950.wat","SUPPORTED",30932,30932,0,100.00,"",""
"benchmarks/xblock_wat/automatedres_61410065_e845be8e213c.wat","SUPPORTED",30932,30932,0,100.00,"",""
"benchmarks/xblock_wat/automatedres_61412291_dd4d5fdaeb4f.wat","SUPPORTED",30935,30935,0,100.00,"",""
"benchmarks/xblock_wat/automatedres_61412687_7ed3151e7803.wat","SUPPORTED",30915,30915,0,100.00,"",""
"benchmarks/xblock_wat/automatedres_61412982_bbc1da02bd87.wat","SUPPORTED",30912,30912,0,100.00,"",""
"benchmarks/xblock_wat/automatedres_61413257_a7bb608a9af1.wat","SUPPORTED",30943,30943,0,100.00,"",""
"benchmarks/xblock_wat/automatedres_61413435_bd5d37a88578.wat","SUPPORTED",30943,30943,0,100.00,"",""
"benchmarks/xblock_wat/automatedres_63979931_56f4d03435f9.wat","SUPPORTED",31246,31246,0,100.00,"",""
"benchmarks/xblock_wat/automatedres_64512775_32f1511a42cc.wat","SUPPORTED",36284,36284,0,100.00,"",""
"benchmarks/xblock_wat/automatedres_64665251_cd668e489540.wat","SUPPORTED",34743,34743,0,100.00,"",""
"benchmarks/xblock_wat/automatedres_64671752_0865abda53f6.wat","SUPPORTED",34888,34888,0,100.00,"",""
"benchmarks/xblock_wat/automatedres_64672709_37ae8d83ffaf.wat","SUPPORTED",34972,34972,0,100.00,"",""
"benchmarks/xblock_wat/automatedres_65343257_1ca187254a80.wat","SUPPORTED",41015,41015,0,100.00,"",""
"benchmarks/xblock_wat/automatedres_65344207_935c37689ca8.wat","SUPPORTED",41018,41018,0,100.00,"",""
"benchmarks/xblock_wat/automatedres_65344247_128e5af30b63.wat","SUPPORTED",41015,41015,0,100.00,"",""
"benchmarks/xblock_wat/automatedres_65344456_0933238e3028.wat","SUPPORTED",41024,41024,0,100.00,"",""
"benchmarks/xblock_wat/automatedres_65344518_15eee3a929b8.wat","SUPPORTED",41018,41018,0,100.00,"",""
"benchmarks/xblock_wat/automatedres_65344668_33c1e334cd10.wat","SUPPORTED",41023,41023,0,100.00,"",""
"benchmarks/xblock_wat/automatedres_65344931_f38b1e8a2df5.wat","SUPPORTED",40970,40970,0,100.00,"",""
"benchmarks/xblock_wat/automatedres_65402046_766aea09e06f.wat","SUPPORTED",42268,42268,0,100.00,"",""
"benchmarks/xblock_wat/automatedres_65404649_f63905c5bcfc.wat","SUPPORTED",42260,42260,0,100.00,"",""
"benchmarks/xblock_wat/automatedres_65404880_04ac9df399ef.wat","SUPPORTED",42411,42411,0,100.00,"",""
"benchmarks/xblock_wat/automatedres_65404980_d14f6e6f1a8f.wat","SUPPORTED",40962,40962,0,100.00,"",""
"benchmarks/xblock_wat/automatedres_65414696_dbda5ddb34d8.wat","SUPPORTED",40954,40954,0,100.00,"",""
"benchmarks/xblock_wat/automatedres_65475449_8313aa793db2.wat","SUPPORTED",37466,37466,0,100.00,"",""
"benchmarks/xblock_wat/automatedres_65475724_b824e29369f5.wat","SUPPORTED",37686,37686,0,100.00,"",""
"benchmarks/xblock_wat/automatedres_65478849_3219407a8a14.wat","SUPPORTED",38010,38010,0,100.00,"",""
"benchmarks/xblock_wat/automatedres_65479263_a48e2f05deab.wat","SUPPORTED",38048,38048,0,100.00,"",""
"benchmarks/xblock_wat/automatedres_65479489_11ce89d21465.wat","SUPPORTED",38076,38076,0,100.00,"",""
"benchmarks/xblock_wat/automatedres_65480281_f899d7ac5ecd.wat","SUPPORTED",38098,38098,0,100.00,"",""
"benchmarks/xblock_wat/automatedres_65480454_d56095f9e0b4.wat","SUPPORTED",38104,38104,0,100.00,"",""
"benchmarks/xblock_wat/automatedres_65480640_291c3de267fd.wat","SUPPORTED",37144,37144,0,100.00,"",""
"benchmarks/xblock_wat/automatedres_65493581_639e941789e3.wat","SUPPORTED",36880,36880,0,100.00,"",""
"benchmarks/xblock_wat/automatedres_68460690_68d4367f2131.wat","SUPPORTED",37353,37353,0,100.00,"",""
"benchmarks/xblock_wat/automatedres_68460899_4c50d1b74d69.wat","SUPPORTED",37072,37072,0,100.00,"",""
"benchmarks/xblock_wat/automatedres_68461073_160290657610.wat","SUPPORTED",37073,37073,0,100.00,"",""
"benchmarks/xblock_wat/automatedres_68461149_5781addf7250.wat","SUPPORTED",37286,37286,0,100.00,"",""
"benchmarks/xblock_wat/automatedres_68461215_2a389b69ce9e.wat","SUPPORTED",37286,37286,0,100.00,"",""
"benchmarks/xblock_wat/automatedres_68461333_224f2d0cd6e3.wat","SUPPORTED",37559,37559,0,100.00,"",""
"benchmarks/xblock_wat/automatedres_68461400_78f50dcf293b.wat","SUPPORTED",37555,37555,0,100.00,"",""
"benchmarks/xblock_wat/automatedres_68461461_1cd4f671739d.wat","SUPPORTED",37551,37551,0,100.00,"",""
"benchmarks/xblock_wat/automatedres_68461517_211590e5992e.wat","SUPPORTED",37551,37551,0,100.00,"",""
"benchmarks/xblock_wat/automatedres_68461697_3928457e30e4.wat","SUPPORTED",37672,37672,0,100.00,"",""
"benchmarks/xblock_wat/automatedres_68461876_3bee62afc1fc.wat","SUPPORTED",38206,38206,0,100.00,"",""
"benchmarks/xblock_wat/automatedres_68462148_5c211dafde75.wat","SUPPORTED",38068,38068,0,100.00,"",""
"benchmarks/xblock_wat/automatedres_68462251_120f834a1f95.wat","SUPPORTED",37277,37277,0,100.00,"",""
"benchmarks/xblock_wat/automatedres_68462372_dd5109c70453.wat","SUPPORTED",38069,38069,0,100.00,"",""
"benchmarks/xblock_wat/automatedres_68462525_10bc2a5cdb00.wat","SUPPORTED",38323,38323,0,100.00,"",""
"benchmarks/xblock_wat/automatedres_68476254_9eaf4f8d2200.wat","SUPPORTED",36880,36880,0,100.00,"",""
"benchmarks/xblock_wat/automatedres_73624790_bd3bab3a92a7.wat","SUPPORTED",36902,36902,0,100.00,"",""
"benchmarks/xblock_wat/automatedres_82424472_d3514dd9ce0e.wat","SUPPORTED",45189,45189,0,100.00,"",""
"benchmarks/xblock_wat/automatedres_82429092_19d7af03e9ec.wat","SUPPORTED",50628,50628,0,100.00,"",""
"benchmarks/xblock_wat/automatedres_82429707_020ba92db00c.wat","SUPPORTED",51497,51497,0,100.00,"",""
"benchmarks/xblock_wat/automatedres_82429961_427670f9315b.wat","SUPPORTED",51500,51500,0,100.00,"",""
"benchmarks/xblock_wat/automatedres_82430135_b240669b68b1.wat","SUPPORTED",51112,51112,0,100.00,"",""
"benchmarks/xblock_wat/automatedres_82430255_560954f439a3.wat","SUPPORTED",50175,50175,0,100.00,"",""
"benchmarks/xblock_wat/automatedres_82430387_de3b3e2dab5c.wat","SUPPORTED",50178,50178,0,100.00,"",""
"benchmarks/xblock_wat/automatedres_82605293_9f6f11759059.wat","SUPPORTED",50189,50189,0,100.00,"",""
"benchmarks/xblock_wat/automatedres_82609933_3662db4f8612.wat","SUPPORTED",53739,53739,0,100.00,"",""
"benchmarks/xblock_wat/automatedres_82610196_409f14e781c2.wat","SUPPORTED",53739,53739,0,100.00,"",""
"benchmarks/xblock_wat/automatedres_82617231_c88ee42339cf.wat","SUPPORTED",52921,52921,0,100.00,"",""
"benchmarks/xblock_wat/automatedres_82758201_c9895552be5f.wat","SUPPORTED",52935,52935,0,100.00,"",""
"benchmarks/xblock_wat/automatedres_82758799_96f5ca0ec9d6.wat","SUPPORTED",55704,55704,0,100.00,"",""
"benchmarks/xblock_wat/automatedres_83278299_702b94ce6e47.wat","SUPPORTED",65338,65338,0,100.00,"",""
"benchmarks/xblock_wat/automatedres_83278831_1415af7b3dd6.wat","SUPPORTED",65363,65363,0,100.00,"",""
"benchmarks/xblock_wat/automatedres_83279006_21a3f3dd2e15.wat","SUPPORTED",65363,65363,0,100.00,"",""
"benchmarks/xblock_wat/automatedres_83279104_42e59c94f5c5.wat","SUPPORTED",65363,65363,0,100.00,"",""
"benchmarks/xblock_wat/automatedres_83279334_e44882467bab.wat","SUPPORTED",65363,65363,0,100.00,"",""
"benchmarks/xblock_wat/automatedres_83346972_058afcf50f23.wat","SUPPORTED",65422,65422,0,100.00,"",""
"benchmarks/xblock_wat/autoscale.x_71649474_1732061e0444.wat","SUPPORTED",6490,6490,0,100.00,"",""
"benchmarks/xblock_wat/autoscale.x_73056420_2f9dcf9bdbcc.wat","SUPPORTED",4559,4559,0,100.00,"",""
"benchmarks/xblock_wat/autoscale.x_73057854_e77f83f3bfce.wat","SUPPORTED",4911,4911,0,100.00,"",""
"benchmarks/xblock_wat/autoscale.x_73060499_fc1c601264f6.wat","SUPPORTED",4911,4911,0,100.00,"",""
"benchmarks/xblock_wat/autoscale.x_73063078_1e161001ec0b.wat","SUPPORTED",5474,5474,0,100.00,"",""
"benchmarks/xblock_wat/autoscale.x_73070140_e09dfdd87d95.wat","SUPPORTED",5474,5474,0,100.00,"",""
"benchmarks/xblock_wat/autoscale.x_74584796_b78d21a40f4e.wat","SUPPORTED",5535,5535,0,100.00,"",""
"benchmarks/xblock_wat/autoscale.x_75274854_329c4a657664.wat","SUPPORTED",5535,5535,0,100.00,"",""
"benchmarks/xblock_wat/autostakecpu_12948642_73d4d6cc02ed.wat","SUPPORTED",3621,3621,0,100.00,"",""
"benchmarks/xblock_wat/autostakenet_12948656_cb44c21d480c.wat","SUPPORTED",3621,3621,0,100.00,"",""
"benchmarks/xblock_wat/av111service_46280432_d976ed60dd10.wat","SUPPORTED",19010,19010,0,100.00,"",""
"benchmarks/xblock_wat/av222service_46115389_097924bd8279.wat","SUPPORTED",19010,19010,0,100.00,"",""
"benchmarks/xblock_wat/awesomeeosio_17396437_d3126d3e48bb.wat","SUPPORTED",40221,40221,0,100.00,"",""
"benchmarks/xblock_wat/awesomeeosio_17419528_91ba13812461.wat","SUPPORTED",40468,40468,0,100.00,"",""
"benchmarks/xblock_wat/awesomeeosio_17420671_32c884812c2f.wat","SUPPORTED",40468,40468,0,100.00,"",""
"benchmarks/xblock_wat/babulalakaka_31414811_5d4ff1851c28.wat","SUPPORTED",4359,4359,0,100.00,"",""
"benchmarks/xblock_wat/babulalakaka_31416967_11a403fbcca3.wat","SUPPORTED",4414,4414,0,100.00,"",""
"benchmarks/xblock_wat/babulalakaka_31421419_5d8d551bd44a.wat","SUPPORTED",6133,6133,0,100.00,"",""
"benchmarks/xblock_wat/babulalakaka_31422119_36203f04c76c.wat","SUPPORTED",6948,6948,0,100.00,"",""
"benchmarks/xblock_wat/babulalakaka_31422395_16f086882a3d.wat","SUPPORTED",6948,6948,0,100.00,"",""
"benchmarks/xblock_wat/baccarat.e_38563746_c933c01f6f9d.wat","SUPPORTED",29934,29934,0,100.00,"",""
"benchmarks/xblock_wat/baccarat.e_38942125_9b544a68afcf.wat","SUPPORTED",29926,29926,0,100.00,"",""
"benchmarks/xblock_wat/baccarat.e_38943424_511571cf78b0.wat","SUPPORTED",29926,29926,0,100.00,"",""
"benchmarks/xblock_wat/baccarat.e_38992222_241469ae811f.wat","SUPPORTED",29932,29932,0,100.00,"",""
"benchmarks/xblock_wat/baccarat.e_39047632_f7e2d5741949.wat","SUPPORTED",29926,29926,0,100.00,"",""
"benchmarks/xblock_wat/baccarat.e_39081649_fc6d2f9d4bbd.wat","SUPPORTED",29933,29933,0,100.00,"",""
"benchmarks/xblock_wat/baccarat.e_39207678_965bc5beb722.wat","SUPPORTED",29933,29933,0,100.00,"",""
"benchmarks/xblock_wat/baccarat.e_39220025_5f566281ecbe.wat","SUPPORTED",31329,31329,0,100.00,"",""
"benchmarks/xblock_wat/baccarat.e_43747139_e539ba20ff30.wat","SUPPORTED",35480,35480,0,100.00,"",""
"benchmarks/xblock_wat/baccarat.e_43919794_d8fdfb01671f.wat","SUPPORTED",35491,35491,0,100.00,"",""
"benchmarks/xblock_wat/baccarat.e_44077302_1cf58254336a.wat","SUPPORTED",35503,35503,0,100.00,"",""
"benchmarks/xblock_wat/baccarat.e_44915724_7295f811eeed.wat","SUPPORTED",35712,35712,0,100.00,"",""
"benchmarks/xblock_wat/baccarat.e_44960507_a356e36a8164.wat","SUPPORTED",34487,34487,0,100.00,"",""
"benchmarks/xblock_wat/baccarat.e_44967157_8a37a608e935.wat","SUPPORTED",34578,34578,0,100.00,"",""
"benchmarks/xblock_wat/baccarat.e_45090761_76aa2f869e27.wat","SUPPORTED",34613,34613,0,100.00,"",""
"benchmarks/xblock_wat/baccarat.e_45304471_1b800b01e3c6.wat","SUPPORTED",34613,34613,0,100.00,"",""
"benchmarks/xblock_wat/baccarat.e_54682294_27bdaf9cb21d.wat","SUPPORTED",34610,34610,0,100.00,"",""
"benchmarks/xblock_wat/baccarat.e_54683758_42c952bec912.wat","SUPPORTED",34610,34610,0,100.00,"",""
"benchmarks/xblock_wat/baccarat.e_56843803_50ae7d1b64bd.wat","SUPPORTED",34610,34610,0,100.00,"",""
"benchmarks/xblock_wat/baccarateos1_44070233_07e8b711ea29.wat","SUPPORTED",26404,26404,0,100.00,"",""
"benchmarks/xblock_wat/baccarateos1_46326432_dbf64d98bafa.wat","SUPPORTED",33504,33504,0,100.00,"",""
"benchmarks/xblock_wat/baccarateos1_46985280_ca0c44058e25.wat","SUPPORTED",34726,34726,0,100.00,"",""
"benchmarks/xblock_wat/baccarateos1_46985907_734b6ce5c46d.wat","SUPPORTED",34726,34726,0,100.00,"",""
"benchmarks/xblock_wat/baccaratlogs_43573027_6c5901b8802c.wat","SUPPORTED",5209,5209,0,100.00,"",""
"benchmarks/xblock_wat/baccaratlogs_43730858_81c4566dfb62.wat","SUPPORTED",5322,5322,0,100.00,"",""
"benchmarks/xblock_wat/baccaratlogs_43745082_177bdcc3f5b1.wat","SUPPORTED",5362,5362,0,100.00,"",""
"benchmarks/xblock_wat/backintime11_69420537_bb65ed170ab4.wat","SUPPORTED",34394,34394,0,100.00,"",""
"benchmarks/xblock_wat/backintime11_70453750_6e4d22547e4a.wat","SUPPORTED",35599,35599,0,100.00,"",""
"benchmarks/xblock_wat/backintime11_70499347_3b37e835ae64.wat","SUPPORTED",37222,37222,0,100.00,"",""
"benchmarks/xblock_wat/backintime11_70507057_338f2c2d324b.wat","SUPPORTED",37224,37224,0,100.00,"",""
"benchmarks/xblock_wat/backintime11_70507645_4e524c594d9e.wat","SUPPORTED",37211,37211,0,100.00,"",""
"benchmarks/xblock_wat/backintime11_71344710_f7f2fc7a816e.wat","SUPPORTED",38572,38572,0,100.00,"",""
"benchmarks/xblock_wat/backintime11_71344989_a227708ff053.wat","SUPPORTED",38331,38331,0,100.00,"",""
"benchmarks/xblock_wat/backintime11_71345518_005020447ece.wat","SUPPORTED",37855,37855,0,100.00,"",""
"benchmarks/xblock_wat/backintime11_71345841_94a85615289c.wat","SUPPORTED",38331,38331,0,100.00,"",""
"benchmarks/xblock_wat/backintime11_71346023_b9a59de9a654.wat","SUPPORTED",37960,37960,0,100.00,"",""
"benchmarks/xblock_wat/backintime11_71699600_d2cd89d90aec.wat","SUPPORTED",38081,38081,0,100.00,"",""
"benchmarks/xblock_wat/backintime11_71831707_ede92d34858e.wat","SUPPORTED",38081,38081,0,100.00,"",""
"benchmarks/xblock_wat/backintime11_74765180_01592cc56b2d.wat","SUPPORTED",40971,40971,0,100.00,"",""
"benchmarks/xblock_wat/backintime11_74812519_6ce6c9bc6075.wat","SUPPORTED",41265,41265,0,100.00,"",""
"benchmarks/xblock_wat/bairenniuniu_51141990_bc0aee4f93cc.wat","SUPPORTED",36571,36571,0,100.00,"",""
"benchmarks/xblock_wat/bairenniuniu_51162099_21bdca049b9f.wat","SUPPORTED",36689,36689,0,100.00,"",""
"benchmarks/xblock_wat/bairenniuniu_52190925_2c6e0f489ff4.wat","SUPPORTED",36540,36540,0,100.00,"",""
"benchmarks/xblock_wat/bairenniuniu_54682652_611975a557d5.wat","SUPPORTED",36547,36547,0,100.00,"",""
"benchmarks/xblock_wat/bairenniuniu_54684075_778249c2c96d.wat","SUPPORTED",36547,36547,0,100.00,"",""
"benchmarks/xblock_wat/bancleanblue_54921373_d75562f946fc.wat","SUPPORTED",31697,31697,0,100.00,"",""
"benchmarks/xblock_wat/bancleanblue_54927490_789596d12f65.wat","SUPPORTED",31697,31697,0,100.00,"",""
"benchmarks/xblock_wat/bancleanblue_57197675_1fc7c4e56c4d.wat","SUPPORTED",31697,31697,0,100.00,"",""
"benchmarks/xblock_wat/bancor3dcode_18931641_242c1db7f347.wat","SUPPORTED",15838,15838,0,100.00,"",""
"benchmarks/xblock_wat/bancor3dcode_19060255_a62507645782.wat","SUPPORTED",15526,15526,0,100.00,"",""
"benchmarks/xblock_wat/bancor3dcode_19462902_dc8d1d47eb99.wat","SUPPORTED",15535,15535,0,100.00,"",""
"benchmarks/xblock_wat/bancor3dcode_21015817_fcd3c79d8aca.wat","SUPPORTED",19141,19141,0,100.00,"",""
"benchmarks/xblock_wat/bancor3dcode_21041127_992cc943a6f0.wat","SUPPORTED",19141,19141,0,100.00,"",""
"benchmarks/xblock_wat/bancor3dcode_21732272_0dbba5a3b267.wat","SUPPORTED",23775,23775,0,100.00,"",""
"benchmarks/xblock_wat/bancor3dcode_21986192_0284c1f7ab40.wat","SUPPORTED",25109,25109,0,100.00,"",""
"benchmarks/xblock_wat/bancor3dcode_21988428_2b10b43dd6a7.wat","SUPPORTED",25323,25323,0,100.00,"",""
"benchmarks/xblock_wat/bancor3dcode_22426649_043c2fb18f60.wat","SUPPORTED",25323,25323,0,100.00,"",""
"benchmarks/xblock_wat/bancor3dcode_22431327_eeb1374b8e81.wat","SUPPORTED",25323,25323,0,100.00,"",""
"benchmarks/xblock_wat/bancor3dcode_22511371_7880b846a959.wat","SUPPORTED",25323,25323,0,100.00,"",""
"benchmarks/xblock_wat/bancor3dcode_22513388_0988b034c1c4.wat","SUPPORTED",25791,25791,0,100.00,"",""
"benchmarks/xblock_wat/bancor3dcode_22517759_c2620443c5fa.wat","SUPPORTED",25664,25664,0,100.00,"",""
"benchmarks/xblock_wat/bancor3dcode_22570502_d002add7a166.wat","SUPPORTED",25791,25791,0,100.00,"",""
"benchmarks/xblock_wat/bancor3dcode_22753131_49c6e957d027.wat","SUPPORTED",25791,25791,0,100.00,"",""
"benchmarks/xblock_wat/bancor3dcode_22763869_d06efaeb8ee1.wat","SUPPORTED",25803,25803,0,100.00,"",""
"benchmarks/xblock_wat/bancor3dcode_22869248_62832376e6d8.wat","SUPPORTED",25803,25803,0,100.00,"",""
"benchmarks/xblock_wat/bancor3dcode_22931675_574075ca6bf5.wat","SUPPORTED",25803,25803,0,100.00,"",""
"benchmarks/xblock_wat/bancor3dcode_22953827_710e3c5c0ecc.wat","SUPPORTED",25803,25803,0,100.00,"",""
"benchmarks/xblock_wat/bancor3dcode_23265686_b75e3fe2869e.wat","SUPPORTED",25807,25807,0,100.00,"",""
"benchmarks/xblock_wat/bancor3dcode_23273854_17a65f2e2429.wat","SUPPORTED",25583,25583,0,100.00,"",""
"benchmarks/xblock_wat/bancor3dcode_23373420_4b4dcd157943.wat","SUPPORTED",25427,25427,0,100.00,"",""
"benchmarks/xblock_wat/bancor3dcode_23429293_4301e971de2c.wat","SUPPORTED",26309,26309,0,100.00,"",""
"benchmarks/xblock_wat/bancor3dcode_23431901_5686d15d928a.wat","SUPPORTED",26030,26030,0,100.00,"",""
"benchmarks/xblock_wat/bancor3dcode_23440845_5662872fdae6.wat","SUPPORTED",25931,25931,0,100.00,"",""
"benchmarks/xblock_wat/bancor3dcode_23534887_1a8ab00808c2.wat","SUPPORTED",26030,26030,0,100.00,"",""
"benchmarks/xblock_wat/bancor3dcode_23627198_cd74345db119.wat","SUPPORTED",26629,26629,0,100.00,"",""
"benchmarks/xblock_wat/bancor3dcode_24488897_fec1a9c54bc9.wat","SUPPORTED",25625,25625,0,100.00,"",""
"benchmarks/xblock_wat/bancor3dcode_25454203_8d1cae1ff906.wat","SUPPORTED",27173,27173,0,100.00,"",""
"benchmarks/xblock_wat/bancor3dcode_28603601_26b4a27eb111.wat","SUPPORTED",17597,17597,0,100.00,"",""
"benchmarks/xblock_wat/bancor3dcode_28634969_c8d5f473967c.wat","SUPPORTED",17597,17597,0,100.00,"",""
"benchmarks/xblock_wat/bancor3dcode_29400318_7def6b6e4c43.wat","SUPPORTED",17607,17607,0,100.00,"",""
"benchmarks/xblock_wat/bancor3dcode_38015713_b40c9cf80585.wat","SUPPORTED",18075,18075,0,100.00,"",""
"benchmarks/xblock_wat/bancor3dcode_38017451_2b23444e6670.wat","SUPPORTED",18140,18140,0,100.00,"",""
"benchmarks/xblock_wat/bancor3dcode_38037625_3f4b4f4271b9.wat","SUPPORTED",18141,18141,0,100.00,"",""
"benchmarks/xblock_wat/bancor3dcode_38546798_ef61ae3f540e.wat","SUPPORTED",17519,17519,0,100.00,"",""
"benchmarks/xblock_wat/bancor3dcode_38548357_d4839724fd81.wat","SUPPORTED",18525,18525,0,100.00,"",""
"benchmarks/xblock_wat/bancor3dcode_38555423_9507ab7f4c35.wat","SUPPORTED",18525,18525,0,100.00,"",""
"benchmarks/xblock_wat/bancor3dcode_39098125_b91943d6257a.wat","SUPPORTED",19019,19019,0,100.00,"",""
"benchmarks/xblock_wat/bancor3dcode_39103476_f704e885f0a2.wat","SUPPORTED",19004,19004,0,100.00,"",""
"benchmarks/xblock_wat/bancor3dcode_39797479_db4750d07ade.wat","SUPPORTED",19773,19773,0,100.00,"",""
"benchmarks/xblock_wat/bancor3dcode_39804015_ebed378eb383.wat","SUPPORTED",19715,19715,0,100.00,"",""
"benchmarks/xblock_wat/bancor3dcode_41530365_50e3e60c4e57.wat","SUPPORTED",20360,20360,0,100.00,"",""
"benchmarks/xblock_wat/bancor3dcode_41901134_672669703579.wat","SUPPORTED",20588,20588,0,100.00,"",""
"benchmarks/xblock_wat/bancor3dcode_43874635_811cc49361f3.wat","SUPPORTED",21556,21556,0,100.00,"",""
"benchmarks/xblock_wat/bancor3dcode_43880819_05aa806f4f20.wat","SUPPORTED",21559,21559,0,100.00,"",""
"benchmarks/xblock_wat/bancorc11111_66398925_6fbf42ff2e0a.wat","SUPPORTED",21450,21450,0,100.00,"",""
"benchmarks/xblock_wat/bancorc11111_72448528_30a1cf61661a.wat","SUPPORTED",24264,24264,0,100.00,"",""
"benchmarks/xblock_wat/bancorc11133_24296951_68517c528525.wat","SUPPORTED",20139,20139,0,100.00,"",""
"benchmarks/xblock_wat/bancorc11151_42578034_4d7a1ca568ba.wat","SUPPORTED",20072,20072,0,100.00,"",""
"benchmarks/xblock_wat/bancordexapi_12240481_87860180ebb6.wat","SUPPORTED",30457,30457,0,100.00,"",""
"benchmarks/xblock_wat/bancordexapi_12245139_951271332676.wat","SUPPORTED",30385,30385,0,100.00,"",""
"benchmarks/xblock_wat/bancordexapi_12246101_1881ea536946.wat","SUPPORTED",30391,30391,0,100.00,"",""
"benchmarks/xblock_wat/bancordexapi_12247646_b8faa0823b54.wat","SUPPORTED",30069,30069,0,100.00,"",""
"benchmarks/xblock_wat/bancordexapi_13251596_b0c74cbdb516.wat","SUPPORTED",30869,30869,0,100.00,"",""
"benchmarks/xblock_wat/bancordexapi_14832414_2235ef9bad9f.wat","SUPPORTED",31396,31396,0,100.00,"",""
"benchmarks/xblock_wat/bancordexapi_14990075_f9b7821bc315.wat","SUPPORTED",31396,31396,0,100.00,"",""
"benchmarks/xblock_wat/bancorr11134_25322536_46adb434734d.wat","SUPPORTED",9926,9926,0,100.00,"",""
"benchmarks/xblock_wat/bancorusdcdp_58832447_225a719f4f70.wat","SUPPORTED",21447,21447,0,100.00,"",""
"benchmarks/xblock_wat/bancorusdcdp_58833426_e01c34b1e2a5.wat","SUPPORTED",21998,21998,0,100.00,"",""
"benchmarks/xblock_wat/bancorusdcdp_58994275_2228032049b8.wat","SUPPORTED",21447,21447,0,100.00,"",""
"benchmarks/xblock_wat/bancorusdcdp_58995550_417a4841f089.wat","SUPPORTED",21447,21447,0,100.00,"",""
"benchmarks/xblock_wat/bancorusdcdp_58996354_cd45d9cac502.wat","SUPPORTED",21998,21998,0,100.00,"",""
"benchmarks/xblock_wat/bancorxoneos_23548429_a2ce95f2500d.wat","SUPPORTED",15999,15999,0,100.00,"",""
"benchmarks/xblock_wat/bancorxoneos_25200069_fef48d1ca0e1.wat","SUPPORTED",15953,15953,0,100.00,"",""
"benchmarks/xblock_wat/bancorxoneos_38967592_6de496e33da7.wat","SUPPORTED",18248,18248,0,100.00,"",""
"benchmarks/xblock_wat/bancorxpetex_24638292_d0daa61ca333.wat","SUPPORTED",18236,18236,0,100.00,"",""
"benchmarks/xblock_wat/bancorxpetex_25351821_10d6bd3c485a.wat","SUPPORTED",24345,24345,0,100.00,"",""
"benchmarks/xblock_wat/bancorxpetex_32593844_339886ab3bb7.wat","SUPPORTED",34901,34901,0,100.00,"",""
"benchmarks/xblock_wat/bancorxroute_25319634_4aab9fa17387.wat","SUPPORTED",3578,3578,0,100.00,"",""
"benchmarks/xblock_wat/bank.m_43553446_363c8653d159.wat","SUPPORTED",13086,13086,0,100.00,"",""
"benchmarks/xblock_wat/bank.m_43737579_6204161afdcf.wat","SUPPORTED",13644,13644,0,100.00,"",""
"benchmarks/xblock_wat/bank.wal_88492465_8721cf1271d7.wat","SUPPORTED",48629,48629,0,100.00,"",""
"benchmarks/xblock_wat/bank.wal_88500585_50de26ded2b2.wat","SUPPORTED",49036,49036,0,100.00,"",""
"benchmarks/xblock_wat/bank.wal_88501791_eff42dbe9cd6.wat","SUPPORTED",49659,49659,0,100.00,"",""
"benchmarks/xblock_wat/bank.wal_88682058_04aa45569588.wat","SUPPORTED",51257,51257,0,100.00,"",""
"benchmarks/xblock_wat/bank.wal_88684082_e215728de3a9.wat","SUPPORTED",51295,51295,0,100.00,"",""
"benchmarks/xblock_wat/bankagentsf1_48083285_30a361976fda.wat","SUPPORTED",3814,3814,0,100.00,"",""
"benchmarks/xblock_wat/bankcoinfund_27869751_60db7d28e2b8.wat","SUPPORTED",23104,23104,0,100.00,"",""
"benchmarks/xblock_wat/bankcoinfund_27870724_0c9d9e6391d0.wat","SUPPORTED",23110,23110,0,100.00,"",""
"benchmarks/xblock_wat/bankcoinfund_27872063_f331e27a92f3.wat","SUPPORTED",23112,23112,0,100.00,"",""
"benchmarks/xblock_wat/bankcoinfund_28225593_1061112474c0.wat","SUPPORTED",23111,23111,0,100.00,"",""
"benchmarks/xblock_wat/bankcoinfund_28935996_ed470a6bfb84.wat","SUPPORTED",23125,23125,0,100.00,"",""
"benchmarks/xblock_wat/bankcoinfund_28937558_803ba198e195.wat","SUPPORTED",23123,23123,0,100.00,"",""
"benchmarks/xblock_wat/bankcoinfund_31669211_56462827d9cf.wat","SUPPORTED",23124,23124,0,100.00,"",""
"benchmarks/xblock_wat/bankcoinfund_31840025_00710406d179.wat","SUPPORTED",23128,23128,0,100.00,"",""
"benchmarks/xblock_wat/bankcoinfund_32089824_b33cde33fd35.wat","SUPPORTED",25030,25030,0,100.00,"",""
"benchmarks/xblock_wat/bankcoinfund_32674444_01228f6e9735.wat","SUPPORTED",25022,25022,0,100.00,"",""
"benchmarks/xblock_wat/bankcoinfund_33886098_9a6d5a1c6b44.wat","SUPPORTED",25227,25227,0,100.00,"",""
"benchmarks/xblock_wat/bankcoinfund_34058866_9dde6da9734b.wat","SUPPORTED",25231,25231,0,100.00,"",""
"benchmarks/xblock_wat/bankcoinfund_42921526_e08cdc4b46f9.wat","SUPPORTED",24943,24943,0,100.00,"",""
"benchmarks/xblock_wat/bankcoinfund_42926131_7d48a9e74d97.wat","SUPPORTED",24674,24674,0,100.00,"",""
"benchmarks/xblock_wat/bankcoinfund_89323609_491b2a5581ff.wat","SUPPORTED",24688,24688,0,100.00,"",""
"benchmarks/xblock_wat/bankerbet111_59665551_0af236e877ef.wat","SUPPORTED",58221,58221,0,100.00,"",""
"benchmarks/xblock_wat/bankerbet111_60360971_4fb15361b993.wat","SUPPORTED",58278,58278,0,100.00,"",""
"benchmarks/xblock_wat/bankerbet111_60518802_9e78dd7dfb5b.wat","SUPPORTED",59309,59309,0,100.00,"",""
"benchmarks/xblock_wat/bankerbet111_60699590_d74c1ce11dbe.wat","SUPPORTED",62636,62636,0,100.00,"",""
"benchmarks/xblock_wat/bankerbet111_60704450_b2364024319a.wat","SUPPORTED",61535,61535,0,100.00,"",""
"benchmarks/xblock_wat/bankerbet111_60706551_8ea4e6f298ab.wat","SUPPORTED",62643,62643,0,100.00,"",""
"benchmarks/xblock_wat/bankerbet111_60879905_1f2131808b19.wat","SUPPORTED",63050,63050,0,100.00,"",""
"benchmarks/xblock_wat/bankerbet111_60880105_c2dfa5d1919b.wat","SUPPORTED",63239,63239,0,100.00,"",""
"benchmarks/xblock_wat/bankerbet111_61622292_20a439efe627.wat","SUPPORTED",63434,63434,0,100.00,"",""
"benchmarks/xblock_wat/bankerbet111_61622694_04117b1b5c98.wat","SUPPORTED",63367,63367,0,100.00,"",""
"benchmarks/xblock_wat/bankerbet111_61625632_825b728ae60d.wat","SUPPORTED",63434,63434,0,100.00,"",""
"benchmarks/xblock_wat/bankerbet111_61626074_670b7af7f851.wat","SUPPORTED",63626,63626,0,100.00,"",""
"benchmarks/xblock_wat/bankerbet111_61629359_bb1753d316da.wat","SUPPORTED",63745,63745,0,100.00,"",""
"benchmarks/xblock_wat/bankerbet111_61629531_d80d48105f09.wat","SUPPORTED",63759,63759,0,100.00,"",""
"benchmarks/xblock_wat/bankerbet111_61724444_2288389370e6.wat","SUPPORTED",63921,63921,0,100.00,"",""
"benchmarks/xblock_wat/bankerbet111_61725160_ad79a7c32322.wat","SUPPORTED",63944,63944,0,100.00,"",""
"benchmarks/xblock_wat/bankerbet111_62085218_d4261e676dc6.wat","SUPPORTED",66776,66776,0,100.00,"",""
"benchmarks/xblock_wat/bankerbet111_62441657_759716b2a782.wat","SUPPORTED",68219,68219,0,100.00,"",""
"benchmarks/xblock_wat/bankerbet111_62557398_7265dd1405c3.wat","SUPPORTED",68969,68969,0,100.00,"",""
"benchmarks/xblock_wat/bankofstaked_15689082_5acb57ff14ab.wat","SUPPORTED",36062,36062,0,100.00,"",""
"benchmarks/xblock_wat/bankofstaked_15692330_ab0853b4193f.wat","SUPPORTED",36045,36045,0,100.00,"",""
"benchmarks/xblock_wat/bankofstaked_15693154_193a58e5ee7f.wat","SUPPORTED",36045,36045,0,100.00,"",""
"benchmarks/xblock_wat/bankofstaked_15726079_89e430b14270.wat","SUPPORTED",36016,36016,0,100.00,"",""
"benchmarks/xblock_wat/bankofstaked_17361145_133abddb28e2.wat","SUPPORTED",36625,36625,0,100.00,"",""
"benchmarks/xblock_wat/bankofstaked_17362479_4998790d3358.wat","SUPPORTED",36217,36217,0,100.00,"",""
"benchmarks/xblock_wat/bankofstaked_17363614_947ed88c31d6.wat","SUPPORTED",38592,38592,0,100.00,"",""
"benchmarks/xblock_wat/bankofstaked_17366449_e8f29f4c572e.wat","SUPPORTED",39275,39275,0,100.00,"",""
"benchmarks/xblock_wat/bankofstaked_17383191_c62e3f41a2e9.wat","SUPPORTED",39706,39706,0,100.00,"",""
"benchmarks/xblock_wat/bankofstaked_17619535_8bcb68ead29a.wat","SUPPORTED",40570,40570,0,100.00,"",""
"benchmarks/xblock_wat/bankofstaked_17911568_d20748e56393.wat","SUPPORTED",40620,40620,0,100.00,"",""
"benchmarks/xblock_wat/bankofstaked_18550482_b77a5a6560d0.wat","SUPPORTED",40047,40047,0,100.00,"",""
"benchmarks/xblock_wat/bankofstaked_18629565_425b07944b18.wat","SUPPORTED",39537,39537,0,100.00,"",""
"benchmarks/xblock_wat/bankofstaked_18630971_63491765b07b.wat","SUPPORTED",39540,39540,0,100.00,"",""
"benchmarks/xblock_wat/bankofstaked_18631156_774af5e9dad8.wat","SUPPORTED",40062,40062,0,100.00,"",""
"benchmarks/xblock_wat/bankofstaked_18978113_c83b45c03ffb.wat","SUPPORTED",41738,41738,0,100.00,"",""
"benchmarks/xblock_wat/bankofstaked_21755448_d6d54865145a.wat","SUPPORTED",42134,42134,0,100.00,"",""
"benchmarks/xblock_wat/bankofstaked_21756878_a335a319d4d7.wat","SUPPORTED",42145,42145,0,100.00,"",""
"benchmarks/xblock_wat/bankofstaked_22053664_cfbb4a05b3e7.wat","SUPPORTED",42195,42195,0,100.00,"",""
"benchmarks/xblock_wat/bankofstaked_22166141_7ce869a514fe.wat","SUPPORTED",42197,42197,0,100.00,"",""
"benchmarks/xblock_wat/bankofstaked_22594308_beef27586029.wat","SUPPORTED",42622,42622,0,100.00,"",""
"benchmarks/xblock_wat/bankofstaked_22748711_5b9b9582d5e7.wat","SUPPORTED",42617,42617,0,100.00,"",""
"benchmarks/xblock_wat/bankofstaked_22781759_318a82e7d1e2.wat","SUPPORTED",42086,42086,0,100.00,"",""
"benchmarks/xblock_wat/bankofstaked_22796205_b2e2213110ad.wat","SUPPORTED",42117,42117,0,100.00,"",""
"benchmarks/xblock_wat/bankofstaked_24433565_6ebc6ee02e70.wat","SUPPORTED",42127,42127,0,100.00,"",""
"benchmarks/xblock_wat/bankofstaked_24436508_4732a1384525.wat","SUPPORTED",42131,42131,0,100.00,"",""
"benchmarks/xblock_wat/bankofstaked_24459805_04ebd4ae8a16.wat","SUPPORTED",42711,42711,0,100.00,"",""
"benchmarks/xblock_wat/bankofstaked_24626918_d8f7148ec5d7.wat","SUPPORTED",44700,44700,0,100.00,"",""
"benchmarks/xblock_wat/bankofstaked_25202774_400e26322e56.wat","SUPPORTED",45037,45037,0,100.00,"",""
"benchmarks/xblock_wat/bankofstaked_26066141_8b45d07d9777.wat","SUPPORTED",45037,45037,0,100.00,"",""
"benchmarks/xblock_wat/bankofstaked_26852264_fe1ab44e64c0.wat","SUPPORTED",45037,45037,0,100.00,"",""
"benchmarks/xblock_wat/bankofstaked_29262256_32fca0ac89f4.wat","SUPPORTED",46270,46270,0,100.00,"",""
"benchmarks/xblock_wat/bankofstaked_30649802_fff342de068f.wat","SUPPORTED",48142,48142,0,100.00,"",""
"benchmarks/xblock_wat/bankofstaked_32714141_ae40973f6624.wat","SUPPORTED",48149,48149,0,100.00,"",""
"benchmarks/xblock_wat/bankofstaked_39429073_fbdb119b1b06.wat","SUPPORTED",49667,49667,0,100.00,"",""
"benchmarks/xblock_wat/bankofstaked_47858629_e3ec1185c9e2.wat","SUPPORTED",44563,44563,0,100.00,"",""
"benchmarks/xblock_wat/bankofstaked_49401993_b3cb6774b94f.wat","SUPPORTED",46802,46802,0,100.00,"",""
"benchmarks/xblock_wat/bankofstaked_49469402_b908607f8346.wat","SUPPORTED",47311,47311,0,100.00,"",""
"benchmarks/xblock_wat/bankofstaked_67747474_b1744a480bb4.wat","SUPPORTED",47601,47601,0,100.00,"",""
"benchmarks/xblock_wat/bankproducts_25825790_9a6bafe5ffcd.wat","SUPPORTED",16666,16666,0,100.00,"",""
"benchmarks/xblock_wat/bankproducts_28223373_702b7fa610c4.wat","SUPPORTED",16664,16664,0,100.00,"",""
"benchmarks/xblock_wat/bankreserves_17198042_c769517d679e.wat","SUPPORTED",6158,6158,0,100.00,"",""
"benchmarks/xblock_wat/bankreserves_17201009_b51064e6a969.wat","SUPPORTED",6841,6841,0,100.00,"",""
"benchmarks/xblock_wat/bankreserves_17203595_43e760dd7caf.wat","SUPPORTED",8187,8187,0,100.00,"",""
"benchmarks/xblock_wat/bankreserves_17206422_66092170f331.wat","SUPPORTED",8265,8265,0,100.00,"",""
"benchmarks/xblock_wat/bankreserves_21857394_90efd67270cc.wat","SUPPORTED",13047,13047,0,100.00,"",""
"benchmarks/xblock_wat/bankreserves_22613998_f7b910aeff18.wat","SUPPORTED",13047,13047,0,100.00,"",""
"benchmarks/xblock_wat/bankreserves_24432382_c0409e39fa22.wat","SUPPORTED",14095,14095,0,100.00,"",""
"benchmarks/xblock_wat/bankreserves_24454305_b07636edd203.wat","SUPPORTED",14103,14103,0,100.00,"",""
"benchmarks/xblock_wat/bankreserves_24466557_19793089ff7a.wat","SUPPORTED",14160,14160,0,100.00,"",""
"benchmarks/xblock_wat/bankreserves_30103196_e9cba3b4a622.wat","SUPPORTED",11435,11435,0,100.00,"",""
"benchmarks/xblock_wat/bankreserves_31750617_e73a2823cca0.wat","SUPPORTED",12817,12817,0,100.00,"",""
"benchmarks/xblock_wat/bankreserves_31759936_b937a0c26970.wat","SUPPORTED",14157,14157,0,100.00,"",""
"benchmarks/xblock_wat/bankreserves_31762129_e4bf104d1a3a.wat","SUPPORTED",14672,14672,0,100.00,"",""
"benchmarks/xblock_wat/bankreserves_31910230_f4b61a159832.wat","SUPPORTED",14673,14673,0,100.00,"",""
"benchmarks/xblock_wat/bankreserves_32408023_8a505bd72975.wat","SUPPORTED",14691,14691,0,100.00,"",""
"benchmarks/xblock_wat/bankreserves_43383788_e24747ca813f.wat","SUPPORTED",16745,16745,0,100.00,"",""
"benchmarks/xblock_wat/bankreserves_48208185_9b2b6c2dd54c.wat","SUPPORTED",19672,19672,0,100.00,"",""
"benchmarks/xblock_wat/bankreserves_53376625_8a0fc3230259.wat","SUPPORTED",21022,21022,0,100.00,"",""
"benchmarks/xblock_wat/bankreserves_88602089_94983459e55b.wat","SUPPORTED",20359,20359,0,100.00,"",""
"benchmarks/xblock_wat/bankreserves_88603362_ced8bac949ea.wat","SUPPORTED",20458,20458,0,100.00,"",""
"benchmarks/xblock_wat/bankreserves_88603439_6944236d7633.wat","SUPPORTED",20445,20445,0,100.00,"",""
"benchmarks/xblock_wat/bankreserves_88604834_2f50adcc7d01.wat","SUPPORTED",20708,20708,0,100.00,"",""
"benchmarks/xblock_wat/bankreserves_88605313_8a219bee666b.wat","SUPPORTED",20700,20700,0,100.00,"",""
"benchmarks/xblock_wat/bankreserves_89152088_3f40158c8c65.wat","SUPPORTED",21494,21494,0,100.00,"",""
"benchmarks/xblock_wat/banksofworld_14025129_bf7ee9c9b141.wat","SUPPORTED",4352,4352,0,100.00,"",""
"benchmarks/xblock_wat/banksofworld_17231869_127fd3f844c0.wat","SUPPORTED",4313,4313,0,100.00,"",""
"benchmarks/xblock_wat/banksofworld_17944990_f08fea318709.wat","SUPPORTED",7352,7352,0,100.00,"",""
"benchmarks/xblock_wat/banksofworld_20444119_78f502f81f84.wat","SUPPORTED",1187,1187,0,100.00,"",""
"benchmarks/xblock_wat/banksofworld_31207676_6850ca26f6d1.wat","SUPPORTED",1187,1187,0,100.00,"",""
"benchmarks/xblock_wat/banksofworld_4933006_618155754968.wat","SUPPORTED",15224,15224,0,100.00,"",""
"benchmarks/xblock_wat/banksofworld_5066613_5f53b20c99ed.wat","SUPPORTED",31710,31710,0,100.00,"",""
"benchmarks/xblock_wat/banksofworld_8820141_4ed5904dc4f7.wat","SUPPORTED",1199,1199,0,100.00,"",""
"benchmarks/xblock_wat/banmemodates_38541829_2a2600f99760.wat","SUPPORTED",22924,22924,0,100.00,"",""
"benchmarks/xblock_wat/banmemodream_40449904_b6ba270211e6.wat","SUPPORTED",27702,27702,0,100.00,"",""
"benchmarks/xblock_wat/baroservices_14379275_b51c84f1a091.wat","SUPPORTED",8005,8005,0,100.00,"",""
"benchmarks/xblock_wat/batbaccarat1_43740638_750174a4fe6f.wat","SUPPORTED",43953,43953,0,100.00,"",""
"benchmarks/xblock_wat/batbaccarat1_44931985_3bb38c7274bf.wat","SUPPORTED",44038,44038,0,100.00,"",""
"benchmarks/xblock_wat/batbatpledge_65295477_d9f860bd2479.wat","SUPPORTED",19391,19391,0,100.00,"",""
"benchmarks/xblock_wat/batbatpledge_65841012_c9566db8db30.wat","SUPPORTED",20647,20647,0,100.00,"",""
"benchmarks/xblock_wat/batcbatcbatc_87234877_e4cdd2adcd65.wat","SUPPORTED",48246,48246,0,100.00,"",""
"benchmarks/xblock_wat/batdappboomx_69256952_715ff2d849ec.wat","SUPPORTED",21713,21713,0,100.00,"",""
"benchmarks/xblock_wat/batdappboomx_69973977_bfcefa65a1f2.wat","SUPPORTED",21728,21728,0,100.00,"",""
"benchmarks/xblock_wat/batdappboomx_70312874_1327c04cf4b5.wat","SUPPORTED",21792,21792,0,100.00,"",""
"benchmarks/xblock_wat/batdapptoken_52542844_e9d558160f85.wat","SUPPORTED",10294,10294,0,100.00,"",""
"benchmarks/xblock_wat/batdapptoken_52543458_0082fb285be1.wat","SUPPORTED",8324,8324,0,100.00,"",""
"benchmarks/xblock_wat/batdapptoken_52546568_a59e0be6ee5c.wat","SUPPORTED",8267,8267,0,100.00,"",""
"benchmarks/xblock_wat/batdice12345_43734233_770736767d8b.wat","SUPPORTED",23994,23994,0,100.00,"",""
"benchmarks/xblock_wat/batdice12345_44605146_506d796a1f65.wat","SUPPORTED",25718,25718,0,100.00,"",""
"benchmarks/xblock_wat/batdice12345_44605845_22ec04acc9ed.wat","SUPPORTED",25725,25725,0,100.00,"",""
"benchmarks/xblock_wat/batdice12345_44735249_4886d6e16f41.wat","SUPPORTED",24822,24822,0,100.00,"",""
"benchmarks/xblock_wat/batdice12345_44740038_f4fe6734e9b0.wat","SUPPORTED",25062,25062,0,100.00,"",""
"benchmarks/xblock_wat/bathouseedge_43738196_4aa054e19e88.wat","SUPPORTED",11735,11735,0,100.00,"",""
"benchmarks/xblock_wat/batsicbo1234_43737647_4d753f59bc39.wat","SUPPORTED",47555,47555,0,100.00,"",""
"benchmarks/xblock_wat/batsicbo1234_44931902_178972095f5e.wat","SUPPORTED",47644,47644,0,100.00,"",""
"benchmarks/xblock_wat/battlebricks_73064822_a1976996106c.wat","SUPPORTED",226065,226065,0,100.00,"",""
"benchmarks/xblock_wat/battlebricks_73756804_7772e6f4a9db.wat","SUPPORTED",226120,226120,0,100.00,"",""
"benchmarks/xblock_wat/battlebricks_75006349_4b6df62cfe3f.wat","SUPPORTED",226116,226116,0,100.00,"",""
"benchmarks/xblock_wat/battlebricks_77713903_a1f4c4bec421.wat","SUPPORTED",226028,226028,0,100.00,"",""
"benchmarks/xblock_wat/battlebricks_78426202_6cd0daec4210.wat","SUPPORTED",226030,226030,0,100.00,"",""
"benchmarks/xblock_wat/battlebricks_81398385_9b951a407883.wat","SUPPORTED",174585,174585,0,100.00,"",""
"benchmarks/xblock_wat/battlebricks_84768556_0dda360a96e4.wat","SUPPORTED",173318,173318,0,100.00,"",""
"benchmarks/xblock_wat/battlebricks_84792342_9f4edbc9e2c5.wat","SUPPORTED",172975,172975,0,100.00,"",""
"benchmarks/xblock_wat/battlebricks_84794639_6422be169939.wat","SUPPORTED",172981,172981,0,100.00,"",""
"benchmarks/xblock_wat/battlebricks_84833793_8a042e946b81.wat","SUPPORTED",174414,174414,0,100.00,"",""
"benchmarks/xblock_wat/battlebrkccr_72939461_df01ddb3867c.wat","SUPPORTED",2245,2245,0,100.00,"",""
"benchmarks/xblock_wat/battletrivia_51969327_bc3a6233d434.wat","SUPPORTED",8249,8249,0,100.00,"",""
"benchmarks/xblock_wat/battletrivia_51975802_70e610ffae1b.wat","SUPPORTED",8271,8271,0,100.00,"",""
"benchmarks/xblock_wat/battletrivia_54524427_3a748656aba7.wat","SUPPORTED",7791,7791,0,100.00,"",""
"benchmarks/xblock_wat/battletrivia_54870577_4459d9e7994c.wat","SUPPORTED",7589,7589,0,100.00,"",""
"benchmarks/xblock_wat/battletrivia_56121836_af306eb06c77.wat","SUPPORTED",8517,8517,0,100.00,"",""
"benchmarks/xblock_wat/battletrivia_56124524_589762d0bea7.wat","SUPPORTED",9700,9700,0,100.00,"",""
"benchmarks/xblock_wat/battletrivia_59528032_1ce657e146ca.wat","SUPPORTED",11230,11230,0,100.00,"",""
"benchmarks/xblock_wat/battletrivia_59902698_97277a955ce9.wat","SUPPORTED",12621,12621,0,100.00,"",""
"benchmarks/xblock_wat/battletrivia_63086433_48014f89f762.wat","SUPPORTED",12412,12412,0,100.00,"",""
"benchmarks/xblock_wat/bbbaaannn111_29956731_d950350beef0.wat","SUPPORTED",2786,2786,0,100.00,"",""
"benchmarks/xblock_wat/bbcttokenapp_81354303_e079d7d9f7d8.wat","SUPPORTED",8278,8278,0,100.00,"",""
"benchmarks/xblock_wat/bbgamehouses_34626262_e632d54ca54b.wat","SUPPORTED",25537,25537,0,100.00,"",""
"benchmarks/xblock_wat/bbgamehouses_35431177_e0ddd32875c8.wat","SUPPORTED",25548,25548,0,100.00,"",""
"benchmarks/xblock_wat/bbgamehouses_35454902_6c77f982a5e8.wat","SUPPORTED",25552,25552,0,100.00,"",""
"benchmarks/xblock_wat/bbgamehouses_35456132_ecbcd0fddad9.wat","SUPPORTED",25569,25569,0,100.00,"",""
"benchmarks/xblock_wat/bbgamehouses_35462316_17189ce3ed28.wat","SUPPORTED",25560,25560,0,100.00,"",""
"benchmarks/xblock_wat/bbgamehouses_36318318_29c566f5abff.wat","SUPPORTED",26125,26125,0,100.00,"",""
"benchmarks/xblock_wat/bbgamehouses_36319739_5e790baf23ed.wat","SUPPORTED",26125,26125,0,100.00,"",""
"benchmarks/xblock_wat/bbgamehouses_36326212_5efe3e292ec2.wat","SUPPORTED",25987,25987,0,100.00,"",""
"benchmarks/xblock_wat/bbgamehouses_36329860_6b80f442d396.wat","SUPPORTED",25987,25987,0,100.00,"",""
"benchmarks/xblock_wat/bbgamehouses_36332334_4d7941b4cf87.wat","SUPPORTED",25989,25989,0,100.00,"",""
"benchmarks/xblock_wat/bbgamehouses_36332537_eba17209f5fe.wat","SUPPORTED",25991,25991,0,100.00,"",""
"benchmarks/xblock_wat/bbgamehouses_36332749_ebf7381d0955.wat","SUPPORTED",25994,25994,0,100.00,"",""
"benchmarks/xblock_wat/bbgamehouses_36332904_7951c54f399e.wat","SUPPORTED",25987,25987,0,100.00,"",""
"benchmarks/xblock_wat/bbgamehouses_36333230_0ab360a97e75.wat","SUPPORTED",25992,25992,0,100.00,"",""
"benchmarks/xblock_wat/bbgamehouses_36333463_801dfe35af54.wat","SUPPORTED",25992,25992,0,100.00,"",""
"benchmarks/xblock_wat/bbgamehouses_37824769_62a7c840eab8.wat","SUPPORTED",27170,27170,0,100.00,"",""
"benchmarks/xblock_wat/bbgamehouses_39787549_be6774f68e52.wat","SUPPORTED",27170,27170,0,100.00,"",""
"benchmarks/xblock_wat/bbgamehouses_42495900_fb8b703ee690.wat","SUPPORTED",27182,27182,0,100.00,"",""
"benchmarks/xblock_wat/bbgamehouses_42496484_6ff1bab7f49a.wat","SUPPORTED",27012,27012,0,100.00,"",""
"benchmarks/xblock_wat/bbgameoneeos_36318595_f6cb76115491.wat","SUPPORTED",19170,19170,0,100.00,"",""
"benchmarks/xblock_wat/bbgameoneeos_36349321_62fca33b20c1.wat","SUPPORTED",19176,19176,0,100.00,"",""
"benchmarks/xblock_wat/bbgameoneeos_36349904_f37766589272.wat","SUPPORTED",19188,19188,0,100.00,"",""
"benchmarks/xblock_wat/bbgameoneeos_36660961_324a69a41db8.wat","SUPPORTED",19170,19170,0,100.00,"",""
"benchmarks/xblock_wat/bbgameoneeos_36661305_44e1b2824351.wat","SUPPORTED",19173,19173,0,100.00,"",""
"benchmarks/xblock_wat/bbgameoneeos_36678016_c4dc9113bc9a.wat","SUPPORTED",18843,18843,0,100.00,"",""
"benchmarks/xblock_wat/bbgameoneeos_36793590_29a307f3363f.wat","SUPPORTED",18862,18862,0,100.00,"",""
"benchmarks/xblock_wat/bbgameoneeos_36797486_abd38347c993.wat","SUPPORTED",18891,18891,0,100.00,"",""
"benchmarks/xblock_wat/bbgameoneeos_36798934_7157d2a5046b.wat","SUPPORTED",18893,18893,0,100.00,"",""
"benchmarks/xblock_wat/bbgameoneeos_36799573_5d0ee8810080.wat","SUPPORTED",18842,18842,0,100.00,"",""
"benchmarks/xblock_wat/bbgameoneeos_36800992_72a575cbc82f.wat","SUPPORTED",18841,18841,0,100.00,"",""
"benchmarks/xblock_wat/bbgameoneeos_36801338_30d51f57c3df.wat","SUPPORTED",18869,18869,0,100.00,"",""
"benchmarks/xblock_wat/bbgameoneeos_36803050_3985f4e8b9cf.wat","SUPPORTED",18845,18845,0,100.00,"",""
"benchmarks/xblock_wat/bbgameoneeos_36803945_09c56c19f6e2.wat","SUPPORTED",18839,18839,0,100.00,"",""
"benchmarks/xblock_wat/bbgameoneeos_36845184_ca9d10e30a77.wat","SUPPORTED",18654,18654,0,100.00,"",""
"benchmarks/xblock_wat/bbgamepkboss_38858607_bfb635b3f17f.wat","SUPPORTED",22474,22474,0,100.00,"",""
"benchmarks/xblock_wat/bbgamepkboss_40064961_3cc856861dcc.wat","SUPPORTED",22662,22662,0,100.00,"",""
"benchmarks/xblock_wat/bbgamesadmin_31478129_b72194398e80.wat","SUPPORTED",24428,24428,0,100.00,"",""
"benchmarks/xblock_wat/bbgamesadmin_34116407_12567c5c2440.wat","SUPPORTED",27944,27944,0,100.00,"",""
"benchmarks/xblock_wat/bbgamesadmin_34402788_9c1e696542d1.wat","SUPPORTED",30594,30594,0,100.00,"",""
"benchmarks/xblock_wat/bbgamesadmin_35307968_ac2adc38bb79.wat","SUPPORTED",31714,31714,0,100.00,"",""
"benchmarks/xblock_wat/bbgamesadmin_35432980_db651cbec51e.wat","SUPPORTED",32814,32814,0,100.00,"",""
"benchmarks/xblock_wat/bbgametokens_34622056_b7778016357f.wat","SUPPORTED",21221,21221,0,100.00,"",""
"benchmarks/xblock_wat/bbgametokens_34666588_9ac21b117e89.wat","SUPPORTED",18039,18039,0,100.00,"",""
"benchmarks/xblock_wat/bbgametokens_36317767_cb9418db4ecd.wat","SUPPORTED",18039,18039,0,100.00,"",""
"benchmarks/xblock_wat/bbgametokens_36339015_e2edcad75ecd.wat","SUPPORTED",18039,18039,0,100.00,"",""
"benchmarks/xblock_wat/bbgametokens_36339551_ccb595074872.wat","SUPPORTED",18010,18010,0,100.00,"",""
"benchmarks/xblock_wat/bbgamewedice_34627758_f3fb3c790d12.wat","SUPPORTED",14754,14754,0,100.00,"",""
"benchmarks/xblock_wat/bbgamewedice_34631945_6f4246b6d7ec.wat","SUPPORTED",14756,14756,0,100.00,"",""
"benchmarks/xblock_wat/bbgamewedice_35446100_c40fbc8d194f.wat","SUPPORTED",16517,16517,0,100.00,"",""
"benchmarks/xblock_wat/bbgamewedice_35454114_b9addacf0dea.wat","SUPPORTED",14854,14854,0,100.00,"",""
"benchmarks/xblock_wat/bbgamewedice_35464502_d52cb0e63b05.wat","SUPPORTED",14912,14912,0,100.00,"",""
"benchmarks/xblock_wat/bbgamewedice_36331533_84c4b436e517.wat","SUPPORTED",15433,15433,0,100.00,"",""
"benchmarks/xblock_wat/bbgamewedice_36334518_2fb8236d9105.wat","SUPPORTED",14912,14912,0,100.00,"",""
"benchmarks/xblock_wat/bbgamewedice_36334622_fd0847b85da5.wat","SUPPORTED",14929,14929,0,100.00,"",""
"benchmarks/xblock_wat/bbgamewedice_36458921_d9e9c90ffd92.wat","SUPPORTED",15423,15423,0,100.00,"",""
"benchmarks/xblock_wat/bbheasxtlatd_89292511_76019fd4cd2a.wat","SUPPORTED",15890,15890,0,100.00,"",""
"benchmarks/xblock_wat/bbheasxtlatd_89316437_5b89fb60faaf.wat","SUPPORTED",15456,15456,0,100.00,"",""
"benchmarks/xblock_wat/bbheasxtlatd_89355434_2356609e7dc3.wat","SUPPORTED",15686,15686,0,100.00,"",""
"benchmarks/xblock_wat/bbheasxtlatd_89510934_78ade4476c7e.wat","SUPPORTED",15847,15847,0,100.00,"",""
"benchmarks/xblock_wat/bbheasxtlatd_89688433_1a9756a94db2.wat","SUPPORTED",16514,16514,0,100.00,"",""
"benchmarks/xblock_wat/bbqbbq4bonus_38867948_3496368b3f5f.wat","SUPPORTED",9037,9037,0,100.00,"",""
"benchmarks/xblock_wat/bbqbbq4bonus_39913568_852d1a4fcf92.wat","SUPPORTED",9037,9037,0,100.00,"",""
"benchmarks/xblock_wat/bbqbbq4dice1_32495206_649c68076b96.wat","SUPPORTED",35333,35333,0,100.00,"",""
"benchmarks/xblock_wat/bbqbbq4dice1_32537844_e90173cb1dc0.wat","SUPPORTED",35333,35333,0,100.00,"",""
"benchmarks/xblock_wat/bbqbbq4dice1_32740038_df00f21fab5c.wat","SUPPORTED",35333,35333,0,100.00,"",""
"benchmarks/xblock_wat/bbqbbq4dice1_32746625_98777f68a41b.wat","SUPPORTED",35414,35414,0,100.00,"",""
"benchmarks/xblock_wat/bbqbbq4dice1_32914695_60d293249635.wat","SUPPORTED",35333,35333,0,100.00,"",""
"benchmarks/xblock_wat/bbqbbq4dice1_33243923_39636dbadd21.wat","SUPPORTED",35333,35333,0,100.00,"",""
"benchmarks/xblock_wat/bbqbbq4dice1_33876262_b3e1deaaa234.wat","SUPPORTED",35333,35333,0,100.00,"",""
"benchmarks/xblock_wat/bbqbbq4dice1_38047298_07e8e5e650d5.wat","SUPPORTED",39163,39163,0,100.00,"",""
"benchmarks/xblock_wat/bbqbbq4dice1_38233306_badec43c98ed.wat","SUPPORTED",39165,39165,0,100.00,"",""
"benchmarks/xblock_wat/bbqbbq4dice1_38559680_817650d00e11.wat","SUPPORTED",39158,39158,0,100.00,"",""
"benchmarks/xblock_wat/bbqbbq4dice1_38891071_d2e1b416089b.wat","SUPPORTED",40315,40315,0,100.00,"",""
"benchmarks/xblock_wat/bbqbbq4dice1_39762380_4f019e366720.wat","SUPPORTED",41226,41226,0,100.00,"",""
"benchmarks/xblock_wat/bbqbbq4dice1_39798847_ab6e5be7e09e.wat","SUPPORTED",41154,41154,0,100.00,"",""
"benchmarks/xblock_wat/bbqbbq4dice1_39802626_f15e439b5e59.wat","SUPPORTED",41159,41159,0,100.00,"",""
"benchmarks/xblock_wat/bbqbbq4logs1_32496552_8dee7cb9cf6f.wat","SUPPORTED",1838,1838,0,100.00,"",""
"benchmarks/xblock_wat/bbqbbq4logs1_82047814_72a3047676c7.wat","SUPPORTED",335,335,0,100.00,"",""
"benchmarks/xblock_wat/bbqbbq4rank1_38055520_6f071428f29e.wat","SUPPORTED",8013,8013,0,100.00,"",""
"benchmarks/xblock_wat/bbqbbq4rank1_38194983_e0b39015ee3c.wat","SUPPORTED",8013,8013,0,100.00,"",""
"benchmarks/xblock_wat/bbqbbq4stake_38867396_ac3746fda671.wat","SUPPORTED",23154,23154,0,100.00,"",""
"benchmarks/xblock_wat/bbqbbqchange_32195226_351ba8e73ec5.wat","SUPPORTED",4840,4840,0,100.00,"",""
"benchmarks/xblock_wat/bbqbbqchange_32197802_952119d7aa1f.wat","SUPPORTED",4840,4840,0,100.00,"",""
"benchmarks/xblock_wat/bbqbbqchange_32538639_2b12bff40ee6.wat","SUPPORTED",4829,4829,0,100.00,"",""
"benchmarks/xblock_wat/bbqbbqchange_33910189_fb86ac405034.wat","SUPPORTED",4829,4829,0,100.00,"",""
"benchmarks/xblock_wat/bbqbbqchange_34650998_310ddc9fd5fd.wat","SUPPORTED",7621,7621,0,100.00,"",""
"benchmarks/xblock_wat/bbqbbqwallet_32384996_523ad221b205.wat","SUPPORTED",8738,8738,0,100.00,"",""
"benchmarks/xblock_wat/bbqbbqwallet_32500739_9d5263f07835.wat","SUPPORTED",8734,8734,0,100.00,"",""
"benchmarks/xblock_wat/bbqbbqwallet_38901349_461a023fad7b.wat","SUPPORTED",10497,10497,0,100.00,"",""
"benchmarks/xblock_wat/bbqgamewheel_35831162_df1cf3b6f517.wat","SUPPORTED",39322,39322,0,100.00,"",""
"benchmarks/xblock_wat/bbqgamewheel_36320433_e24389e2aff0.wat","SUPPORTED",39056,39056,0,100.00,"",""
"benchmarks/xblock_wat/bbqgamewheel_36345949_b5ff4d40a37c.wat","SUPPORTED",39295,39295,0,100.00,"",""
"benchmarks/xblock_wat/bbqgamewheel_36485801_b3d64a47ebf5.wat","SUPPORTED",38774,38774,0,100.00,"",""
"benchmarks/xblock_wat/bbqgamewheel_37685573_1f926ff9d8c6.wat","SUPPORTED",39154,39154,0,100.00,"",""
"benchmarks/xblock_wat/bcashbcash11_81362264_a1b725c8f6c0.wat","SUPPORTED",47598,47598,0,100.00,"",""
"benchmarks/xblock_wat/bcgameeoswin_56885766_58e9ed79525e.wat","SUPPORTED",7746,7746,0,100.00,"",""
"benchmarks/xblock_wat/bcgameeoswin_57881765_d82b1174a814.wat","SUPPORTED",5978,5978,0,100.00,"",""
"benchmarks/xblock_wat/bcgameeoswin_58065590_0029eecdfd45.wat","SUPPORTED",5887,5887,0,100.00,"",""
"benchmarks/xblock_wat/bcgameeoswin_58067223_5ad72cb8b907.wat","SUPPORTED",5721,5721,0,100.00,"",""
"benchmarks/xblock_wat/bchaincuties_24142747_afc168ee627d.wat","SUPPORTED",46856,46856,0,100.00,"",""
"benchmarks/xblock_wat/bchaincuties_24314376_20d00181d8f2.wat","SUPPORTED",48257,48257,0,100.00,"",""
"benchmarks/xblock_wat/bchaincuties_25347033_6656c58c89b1.wat","SUPPORTED",50345,50345,0,100.00,"",""
"benchmarks/xblock_wat/bchaincuties_25347113_fefc017ef572.wat","SUPPORTED",50371,50371,0,100.00,"",""
"benchmarks/xblock_wat/bchaincuties_25347246_4fbb6cf153b7.wat","SUPPORTED",50411,50411,0,100.00,"",""
"benchmarks/xblock_wat/bchaincuties_25347423_ea27bf5fd681.wat","SUPPORTED",50700,50700,0,100.00,"",""
"benchmarks/xblock_wat/bchaincuties_26247574_7df18a84ea65.wat","SUPPORTED",54000,54000,0,100.00,"",""
"benchmarks/xblock_wat/bchaincuties_26755072_a13a0912a4a6.wat","SUPPORTED",57385,57385,0,100.00,"",""
"benchmarks/xblock_wat/bchaincuties_26755494_3161e056075d.wat","SUPPORTED",51859,51859,0,100.00,"",""
"benchmarks/xblock_wat/bchaincuties_26755666_b74b9f16b707.wat","SUPPORTED",51941,51941,0,100.00,"",""
"benchmarks/xblock_wat/bchaincuties_26755794_12db07277d4c.wat","SUPPORTED",51953,51953,0,100.00,"",""
"benchmarks/xblock_wat/bchaincuties_28510691_03fb1fa3b915.wat","SUPPORTED",55181,55181,0,100.00,"",""
"benchmarks/xblock_wat/bchaincuties_40162808_855246af477a.wat","SUPPORTED",77886,77886,0,100.00,"",""
"benchmarks/xblock_wat/bchaincuties_46159770_7baee17a7d96.wat","SUPPORTED",77918,77918,0,100.00,"",""
"benchmarks/xblock_wat/bchaincuties_63169464_94fc5bfa04ca.wat","SUPPORTED",87007,87007,0,100.00,"",""
"benchmarks/xblock_wat/bchaincuties_63176470_d34782cb1ada.wat","SUPPORTED",87011,87011,0,100.00,"",""
"benchmarks/xblock_wat/bchaincuties_69204969_dcc88a5032dc.wat","SUPPORTED",89206,89206,0,100.00,"",""
"benchmarks/xblock_wat/bchaincuties_71594417_99803c7f37fb.wat","SUPPORTED",90004,90004,0,100.00,"",""
"benchmarks/xblock_wat/bctphuoxinio_13490810_c1a0aa1bfaae.wat","SUPPORTED",13187,13187,0,100.00,"",""
"benchmarks/xblock_wat/bctphuoxinio_13638487_e3303eeefcfe.wat","SUPPORTED",13275,13275,0,100.00,"",""
"benchmarks/xblock_wat/bctphuoxinio_13639002_b11e1add20b9.wat","SUPPORTED",13265,13265,0,100.00,"",""
"benchmarks/xblock_wat/bcyangguang5_42845910_ca40aff1c565.wat","SUPPORTED",3547,3547,0,100.00,"",""
"benchmarks/xblock_wat/bcyangguang5_42867802_764137b13599.wat","SUPPORTED",3550,3550,0,100.00,"",""
"benchmarks/xblock_wat/bdexcontract_66283576_51a0237c4c65.wat","SUPPORTED",70729,70729,0,100.00,"",""
"benchmarks/xblock_wat/bdexcontract_66299656_34885fec4b40.wat","SUPPORTED",70731,70731,0,100.00,"",""
"benchmarks/xblock_wat/bdsesmart111_46001676_d0bd5e202fe4.wat","SUPPORTED",19568,19568,0,100.00,"",""
"benchmarks/xblock_wat/bdsesmart111_46341055_9ad7f29b81a1.wat","SUPPORTED",19884,19884,0,100.00,"",""
"benchmarks/xblock_wat/bdsesmart111_47714706_95f66ae021ac.wat","SUPPORTED",20516,20516,0,100.00,"",""
"benchmarks/xblock_wat/beautybyebye_36221329_e4a524ecf363.wat","SUPPORTED",3261,3261,0,100.00,"",""
"benchmarks/xblock_wat/beautybyebye_36223709_8f978b0c3b51.wat","SUPPORTED",3261,3261,0,100.00,"",""
"benchmarks/xblock_wat/beautybyebye_36477975_6fe644bf5e02.wat","SUPPORTED",3266,3266,0,100.00,"",""
"benchmarks/xblock_wat/beautybyebye_36482058_f1138bf59c44.wat","SUPPORTED",3269,3269,0,100.00,"",""
"benchmarks/xblock_wat/beebaybancor_9900628_7d7fd889cec3.wat","SUPPORTED",20942,20942,0,100.00,"",""
"benchmarks/xblock_wat/beebaybancor_9909317_6c0069a6f963.wat","SUPPORTED",21202,21202,0,100.00,"",""
"benchmarks/xblock_wat/beechainmemo_57071733_b3aee77034f2.wat","SUPPORTED",1679,1679,0,100.00,"",""
"benchmarks/xblock_wat/beeeeeeeeee1_89353331_097c62261a98.wat","SUPPORTED",4443,4443,0,100.00,"",""
"benchmarks/xblock_wat/beeeeeeeeee1_89362306_ea549f6116d5.wat","SUPPORTED",3896,3896,0,100.00,"",""
"benchmarks/xblock_wat/beeeeeeeeee1_89363026_6cfa86272658.wat","SUPPORTED",1957,1957,0,100.00,"",""
"benchmarks/xblock_wat/beeeeeeeeee1_89366175_b8b40197fea5.wat","SUPPORTED",4488,4488,0,100.00,"",""
"benchmarks/xblock_wat/beeeeeeeeee1_89368688_1dd836ade96b.wat","SUPPORTED",3921,3921,0,100.00,"",""
"benchmarks/xblock_wat/beeeeeeeeee1_89411075_ab64d9cf8e48.wat","SUPPORTED",3278,3278,0,100.00,"",""
"benchmarks/xblock_wat/beeeeeeeeee1_89413496_85d83fe72f6c.wat","SUPPORTED",3791,3791,0,100.00,"",""
"benchmarks/xblock_wat/beeeeeeeeee1_89414388_7382ae5ac08d.wat","SUPPORTED",3410,3410,0,100.00,"",""
"benchmarks/xblock_wat/beeeeeeeeee2_89360709_c76a0a951817.wat","SUPPORTED",4488,4488,0,100.00,"",""
"benchmarks/xblock_wat/beeeeeeeeee2_89367935_4e525b1d47e7.wat","SUPPORTED",4490,4490,0,100.00,"",""
"benchmarks/xblock_wat/beeeeeeeeee2_89369831_8a67e1c5f011.wat","SUPPORTED",4666,4666,0,100.00,"",""
"benchmarks/xblock_wat/beeeeeeeeee2_89409566_f687303c30b6.wat","SUPPORTED",4642,4642,0,100.00,"",""
"benchmarks/xblock_wat/been55555555_70120212_1420293fc6c1.wat","SUPPORTED",3480,3480,0,100.00,"",""
"benchmarks/xblock_wat/beetrootbase_71773551_aea708b0f4b1.wat","SUPPORTED",36191,36191,0,100.00,"",""
"benchmarks/xblock_wat/beetrootbase_75015183_4c160fa5017c.wat","SUPPORTED",35589,35589,0,100.00,"",""
"benchmarks/xblock_wat/beetrootbase_75015354_3bf4cc25b260.wat","SUPPORTED",32867,32867,0,100.00,"",""
"benchmarks/xblock_wat/beetrootbase_75111630_8732fac52451.wat","SUPPORTED",31995,31995,0,100.00,"",""
"benchmarks/xblock_wat/beetrootbase_75113938_58c97fb46d76.wat","SUPPORTED",32169,32169,0,100.00,"",""
"benchmarks/xblock_wat/beetrootbase_75114805_0d8db8a709c1.wat","SUPPORTED",33609,33609,0,100.00,"",""
"benchmarks/xblock_wat/beetrootbase_75391729_55d331c23132.wat","SUPPORTED",35471,35471,0,100.00,"",""
"benchmarks/xblock_wat/beetrootbase_75391804_ffdc7f7159ad.wat","SUPPORTED",35226,35226,0,100.00,"",""
"benchmarks/xblock_wat/beetrootbase_75399269_c219d3f247ae.wat","SUPPORTED",36191,36191,0,100.00,"",""
"benchmarks/xblock_wat/beetrootbase_75401300_3f26f6db7c95.wat","SUPPORTED",28495,28495,0,100.00,"",""
"benchmarks/xblock_wat/beetrootbase_75401869_36bf2c3ae9bd.wat","SUPPORTED",35318,35318,0,100.00,"",""
"benchmarks/xblock_wat/beetrootbase_75821671_a7ddebe82702.wat","SUPPORTED",35436,35436,0,100.00,"",""
"benchmarks/xblock_wat/beetrootbase_75840057_c8980b4dba6c.wat","SUPPORTED",32024,32024,0,100.00,"",""
"benchmarks/xblock_wat/beetrootbase_75840367_b8787338f11a.wat","SUPPORTED",31856,31856,0,100.00,"",""
"benchmarks/xblock_wat/beetrootbase_75843481_9bde06087575.wat","SUPPORTED",28764,28764,0,100.00,"",""
"benchmarks/xblock_wat/beetrootbase_75843741_b667d4529015.wat","SUPPORTED",30112,30112,0,100.00,"",""
"benchmarks/xblock_wat/beetrootbase_76148538_96b19e469196.wat","SUPPORTED",30297,30297,0,100.00,"",""
"benchmarks/xblock_wat/beetrootbase_76151098_986132078317.wat","SUPPORTED",30274,30274,0,100.00,"",""
"benchmarks/xblock_wat/beetrootbase_76151701_f8663c319478.wat","SUPPORTED",30322,30322,0,100.00,"",""
"benchmarks/xblock_wat/beetrootbase_76174777_16c04d82a68c.wat","SUPPORTED",30541,30541,0,100.00,"",""
"benchmarks/xblock_wat/beetrootbase_76176170_e33ead2486a0.wat","SUPPORTED",30764,30764,0,100.00,"",""
"benchmarks/xblock_wat/beetrootbase_76178419_3fd5ef86e421.wat","SUPPORTED",30697,30697,0,100.00,"",""
"benchmarks/xblock_wat/beetrootbase_76179119_b436c2c2daf7.wat","SUPPORTED",30705,30705,0,100.00,"",""
"benchmarks/xblock_wat/beetrootbase_76179927_708594e877ac.wat","SUPPORTED",30540,30540,0,100.00,"",""
"benchmarks/xblock_wat/beetrootbase_76181887_4bde806d32b0.wat","SUPPORTED",30752,30752,0,100.00,"",""
"benchmarks/xblock_wat/beetrootbase_76182547_e9208aa37d09.wat","SUPPORTED",30595,30595,0,100.00,"",""
"benchmarks/xblock_wat/beetrootbase_76185549_9d396a34d857.wat","SUPPORTED",33175,33175,0,100.00,"",""
"benchmarks/xblock_wat/beetrootbase_76218883_e2d3b1feed7d.wat","SUPPORTED",33179,33179,0,100.00,"",""
"benchmarks/xblock_wat/beetrootbase_76222375_251fe97b3d72.wat","SUPPORTED",33179,33179,0,100.00,"",""
"benchmarks/xblock_wat/beetrootbase_76224777_a1232fb79e6f.wat","SUPPORTED",33189,33189,0,100.00,"",""
"benchmarks/xblock_wat/beetrootbase_76225254_4a1dba79ac3d.wat","SUPPORTED",33181,33181,0,100.00,"",""
"benchmarks/xblock_wat/beetrootbase_76289490_d217d01408d1.wat","SUPPORTED",33181,33181,0,100.00,"",""
"benchmarks/xblock_wat/beetrootbase_76290246_f1dbbe71ca66.wat","SUPPORTED",33201,33201,0,100.00,"",""
"benchmarks/xblock_wat/beetrootbase_76291517_cd3e01669922.wat","SUPPORTED",33205,33205,0,100.00,"",""
"benchmarks/xblock_wat/beetrootbase_76292048_634d8a3d9dec.wat","SUPPORTED",33205,33205,0,100.00,"",""
"benchmarks/xblock_wat/beetrootbase_76930932_50840a7f2bc7.wat","SUPPORTED",33144,33144,0,100.00,"",""
"benchmarks/xblock_wat/beetrootbase_77041058_74936eb11044.wat","SUPPORTED",33174,33174,0,100.00,"",""
"benchmarks/xblock_wat/beetrootbase_77042422_ee87d86beb03.wat","SUPPORTED",33222,33222,0,100.00,"",""
"benchmarks/xblock_wat/beetrootbase_77050313_f51a4cdcda72.wat","SUPPORTED",33451,33451,0,100.00,"",""
"benchmarks/xblock_wat/belachaubela_67105220_879549e4921f.wat","SUPPORTED",9417,9417,0,100.00,"",""
"benchmarks/xblock_wat/belachaubela_67126487_0ba2d77fcd0f.wat","SUPPORTED",9911,9911,0,100.00,"",""
"benchmarks/xblock_wat/belizeblocks_83534671_b1aff2505985.wat","SUPPORTED",38666,38666,0,100.00,"",""
"benchmarks/xblock_wat/belizeblocks_85205559_df0ece3add83.wat","SUPPORTED",40003,40003,0,100.00,"",""
"benchmarks/xblock_wat/bemuxmx3rkpo_21821802_4208f5f96df6.wat","SUPPORTED",84,84,0,100.00,"",""
"benchmarks/xblock_wat/bemuxmx3rkpo_21863662_e1e51ee72f0d.wat","SUPPORTED",84,84,0,100.00,"",""
"benchmarks/xblock_wat/bemuxmx3rkpo_21898184_cdeadcde2818.wat","SUPPORTED",84,84,0,100.00,"",""
"benchmarks/xblock_wat/benbenbenben_36114926_231ee5c3ab82.wat","SUPPORTED",4009,4009,0,100.00,"",""
"benchmarks/xblock_wat/bestdiceluck_34626419_97a1ef796f6b.wat","SUPPORTED",38499,38499,0,100.00,"",""
"benchmarks/xblock_wat/bestdiceluck_35254766_ab915ba7df3f.wat","SUPPORTED",38499,38499,0,100.00,"",""
"benchmarks/xblock_wat/bestdiceluck_35604529_ccbcc429e725.wat","SUPPORTED",38505,38505,0,100.00,"",""
"benchmarks/xblock_wat/bestfairwin1_84164054_836a4f7b5208.wat","SUPPORTED",13919,13919,0,100.00,"",""
"benchmarks/xblock_wat/bestgambling_89513983_2bd371073400.wat","SUPPORTED",4107,4107,0,100.00,"",""
"benchmarks/xblock_wat/bestpowereos_21872863_6c856576b3f1.wat","SUPPORTED",9543,9543,0,100.00,"",""
"benchmarks/xblock_wat/bestpppdices_39677117_36f8c90e2921.wat","SUPPORTED",20852,20852,0,100.00,"",""
"benchmarks/xblock_wat/bestpppdices_39740541_54b75027fe27.wat","SUPPORTED",20855,20855,0,100.00,"",""
"benchmarks/xblock_wat/bestpppdices_39746298_dad4e24d1108.wat","SUPPORTED",21427,21427,0,100.00,"",""
"benchmarks/xblock_wat/bestpppdices_39830396_49eb1a322ccd.wat","SUPPORTED",21427,21427,0,100.00,"",""
"benchmarks/xblock_wat/bestpppdices_43807576_fda4e7900dc3.wat","SUPPORTED",23766,23766,0,100.00,"",""
"benchmarks/xblock_wat/bestpppdices_43816123_bb948f1f0ca6.wat","SUPPORTED",22000,22000,0,100.00,"",""
"benchmarks/xblock_wat/bestpppdices_43818060_4468dc3a22ba.wat","SUPPORTED",24114,24114,0,100.00,"",""
"benchmarks/xblock_wat/bestpppdices_43878117_3b5dc7381150.wat","SUPPORTED",24116,24116,0,100.00,"",""
"benchmarks/xblock_wat/bestppphouse_39677142_cb805f4cc88d.wat","SUPPORTED",24990,24990,0,100.00,"",""
"benchmarks/xblock_wat/bestppphouse_39746319_19321f80b3b6.wat","SUPPORTED",25155,25155,0,100.00,"",""
"benchmarks/xblock_wat/bestpppraise_39677165_676b2bf210f6.wat","SUPPORTED",13415,13415,0,100.00,"",""
"benchmarks/xblock_wat/bestpppraise_39741518_2827d693982a.wat","SUPPORTED",13427,13427,0,100.00,"",""
"benchmarks/xblock_wat/bestpppstake_39746344_8adc14dfa19f.wat","SUPPORTED",12068,12068,0,100.00,"",""
"benchmarks/xblock_wat/bestppptexas_39677204_42e0ae7660b0.wat","SUPPORTED",27199,27199,0,100.00,"",""
"benchmarks/xblock_wat/bestppptexas_39740587_b340d2e8cbaf.wat","SUPPORTED",27202,27202,0,100.00,"",""
"benchmarks/xblock_wat/bestppptexas_39830485_f8b811d20fd6.wat","SUPPORTED",27202,27202,0,100.00,"",""
"benchmarks/xblock_wat/bestppptexas_43879599_d12e278445ed.wat","SUPPORTED",28088,28088,0,100.00,"",""
"benchmarks/xblock_wat/bestppptexas_43884317_30136f2bf716.wat","SUPPORTED",28084,28084,0,100.00,"",""
"benchmarks/xblock_wat/bestppptoken_39677229_877e45335c90.wat","SUPPORTED",11763,11763,0,100.00,"",""
"benchmarks/xblock_wat/bestwintoken_86873986_ddf06082a321.wat","SUPPORTED",26809,26809,0,100.00,"",""
"benchmarks/xblock_wat/bet24dicelog_21496668_3e939935f75f.wat","SUPPORTED",1630,1630,0,100.00,"",""
"benchmarks/xblock_wat/bet24dicelog_25264455_e094e1496302.wat","SUPPORTED",1630,1630,0,100.00,"",""
"benchmarks/xblock_wat/bet24diceone_21552396_f09eb01ad75c.wat","SUPPORTED",37110,37110,0,100.00,"",""
"benchmarks/xblock_wat/bet24diceone_21553228_f8c5a358633d.wat","SUPPORTED",37110,37110,0,100.00,"",""
"benchmarks/xblock_wat/bet24diceone_21716241_8281b6b28840.wat","SUPPORTED",35872,35872,0,100.00,"",""
"benchmarks/xblock_wat/bet24diceone_21716618_8f9591e5cea8.wat","SUPPORTED",35872,35872,0,100.00,"",""
"benchmarks/xblock_wat/bet24diceone_23640246_a9cbc47a07e6.wat","SUPPORTED",35907,35907,0,100.00,"",""
"benchmarks/xblock_wat/bet24diceone_23649655_b75ec2b6f017.wat","SUPPORTED",35907,35907,0,100.00,"",""
"benchmarks/xblock_wat/bet24diceone_24471940_d75b440632e5.wat","SUPPORTED",35907,35907,0,100.00,"",""
"benchmarks/xblock_wat/bet24diceone_24472863_0d738a75c955.wat","SUPPORTED",35907,35907,0,100.00,"",""
"benchmarks/xblock_wat/bet24diceone_24482047_12bf568d18bb.wat","SUPPORTED",35910,35910,0,100.00,"",""
"benchmarks/xblock_wat/bet24diceone_24522376_a269206adcf0.wat","SUPPORTED",35910,35910,0,100.00,"",""
"benchmarks/xblock_wat/bet24diceone_24858748_66fb9d4c5f8c.wat","SUPPORTED",35910,35910,0,100.00,"",""
"benchmarks/xblock_wat/bet24diceone_25264452_57c97ee4e958.wat","SUPPORTED",35239,35239,0,100.00,"",""
"benchmarks/xblock_wat/bet24diceone_25264930_6ac736492fef.wat","SUPPORTED",35910,35910,0,100.00,"",""
"benchmarks/xblock_wat/bet24diceone_25265719_45a0b1d0d33c.wat","SUPPORTED",35239,35239,0,100.00,"",""
"benchmarks/xblock_wat/bet24diceone_25309463_1c19fd9227ac.wat","SUPPORTED",35239,35239,0,100.00,"",""
"benchmarks/xblock_wat/bet24diceone_25775085_2835945af0d5.wat","SUPPORTED",36255,36255,0,100.00,"",""
"benchmarks/xblock_wat/bet24diceone_26096489_9cc53e28fa6b.wat","SUPPORTED",36255,36255,0,100.00,"",""
"benchmarks/xblock_wat/bet24diceone_27531441_aa02e810676f.wat","SUPPORTED",37215,37215,0,100.00,"",""
"benchmarks/xblock_wat/bet24diceone_31365925_0d9ddedbc75a.wat","SUPPORTED",37366,37366,0,100.00,"",""
"benchmarks/xblock_wat/bet24diceone_32479724_bcd9632b9880.wat","SUPPORTED",37366,37366,0,100.00,"",""
"benchmarks/xblock_wat/bet24diceone_32630043_41d23799af17.wat","SUPPORTED",36329,36329,0,100.00,"",""
"benchmarks/xblock_wat/bet24diceone_33155002_7c10982e4de4.wat","SUPPORTED",36329,36329,0,100.00,"",""
"benchmarks/xblock_wat/bet24diceone_33155191_f6e4302e5f07.wat","SUPPORTED",36329,36329,0,100.00,"",""
"benchmarks/xblock_wat/bet24diceone_33571126_d2bb427e9519.wat","SUPPORTED",36329,36329,0,100.00,"",""
"benchmarks/xblock_wat/bet24diceone_36385546_0e4b1ec6d28c.wat","SUPPORTED",36413,36413,0,100.00,"",""
"benchmarks/xblock_wat/bet24diceone_38156770_16a36bc2cb04.wat","SUPPORTED",37085,37085,0,100.00,"",""
"benchmarks/xblock_wat/bet24diceone_38182087_7f94f46f8058.wat","SUPPORTED",37085,37085,0,100.00,"",""
"benchmarks/xblock_wat/bet24diceone_41873166_443115aebaa5.wat","SUPPORTED",37085,37085,0,100.00,"",""
"benchmarks/xblock_wat/bet24diceone_41874942_9f33b7357da2.wat","SUPPORTED",37114,37114,0,100.00,"",""
"benchmarks/xblock_wat/bet24diceone_41876767_51c299aa83d8.wat","SUPPORTED",37344,37344,0,100.00,"",""
"benchmarks/xblock_wat/bet24diceone_42056516_26c4bda05e59.wat","SUPPORTED",37746,37746,0,100.00,"",""
"benchmarks/xblock_wat/bet24diceone_42057794_d609233cb964.wat","SUPPORTED",37877,37877,0,100.00,"",""
"benchmarks/xblock_wat/bet24diceone_42062517_580be85982d0.wat","SUPPORTED",37754,37754,0,100.00,"",""
"benchmarks/xblock_wat/bet24diceone_42062841_025aee7fad62.wat","SUPPORTED",37754,37754,0,100.00,"",""
"benchmarks/xblock_wat/bet24diceone_42063148_72d20988c4ab.wat","SUPPORTED",37754,37754,0,100.00,"",""
"benchmarks/xblock_wat/bet24diceone_42063866_a5d9cef1f9b1.wat","SUPPORTED",37754,37754,0,100.00,"",""
"benchmarks/xblock_wat/bet24diceone_42064231_bfcb5a9d1e1d.wat","SUPPORTED",37754,37754,0,100.00,"",""
"benchmarks/xblock_wat/bet24diceone_42064446_416df9ee9fc2.wat","SUPPORTED",37754,37754,0,100.00,"",""
"benchmarks/xblock_wat/bet24diceone_42064739_045569a73c94.wat","SUPPORTED",37754,37754,0,100.00,"",""
"benchmarks/xblock_wat/bet24diceone_42065625_fa0faafc8113.wat","SUPPORTED",37753,37753,0,100.00,"",""
"benchmarks/xblock_wat/bet24diceone_42067010_18cff18f58bc.wat","SUPPORTED",37754,37754,0,100.00,"",""
"benchmarks/xblock_wat/bet24diceone_42067938_22860e6c5c15.wat","SUPPORTED",37754,37754,0,100.00,"",""
"benchmarks/xblock_wat/bet24diceone_42068143_ac6d9cc0a340.wat","SUPPORTED",37754,37754,0,100.00,"",""
"benchmarks/xblock_wat/bet24diceone_42068528_1149238a584c.wat","SUPPORTED",37344,37344,0,100.00,"",""
"benchmarks/xblock_wat/bet24oneteam_31241580_f9673901f270.wat","SUPPORTED",17169,17169,0,100.00,"",""
"benchmarks/xblock_wat/bet24oneteam_31252512_276cce0c2de1.wat","SUPPORTED",17529,17529,0,100.00,"",""
"benchmarks/xblock_wat/bet24oneteam_31355356_81faab8cf02c.wat","SUPPORTED",17724,17724,0,100.00,"",""
"benchmarks/xblock_wat/bet24oneteam_31355439_93efbaf97644.wat","SUPPORTED",17802,17802,0,100.00,"",""
"benchmarks/xblock_wat/bet24oneteam_32752480_5b6f322232fc.wat","SUPPORTED",17800,17800,0,100.00,"",""
"benchmarks/xblock_wat/bet24oneteam_37264463_f819fe8d439b.wat","SUPPORTED",22018,22018,0,100.00,"",""
"benchmarks/xblock_wat/bet24oneteam_38183993_2694a450c378.wat","SUPPORTED",22353,22353,0,100.00,"",""
"benchmarks/xblock_wat/bet24salesco_25256325_bd6ee055fa72.wat","SUPPORTED",5932,5932,0,100.00,"",""
"benchmarks/xblock_wat/bet24salesco_25523247_fc8d977c6c3d.wat","SUPPORTED",5946,5946,0,100.00,"",""
"benchmarks/xblock_wat/bet24salesco_25534794_393382c5f00d.wat","SUPPORTED",5940,5940,0,100.00,"",""
"benchmarks/xblock_wat/bet24stakes1_29993895_b50bded6d458.wat","SUPPORTED",10770,10770,0,100.00,"",""
"benchmarks/xblock_wat/bet24stakes1_29995844_858b21b537c0.wat","SUPPORTED",10948,10948,0,100.00,"",""
"benchmarks/xblock_wat/bet24stakes1_30335895_b3fa822bee5b.wat","SUPPORTED",10604,10604,0,100.00,"",""
"benchmarks/xblock_wat/bet24stakes1_30497565_a6c3ac7ca473.wat","SUPPORTED",11072,11072,0,100.00,"",""
"benchmarks/xblock_wat/bet24stakes1_31378984_65fc43012745.wat","SUPPORTED",11201,11201,0,100.00,"",""
"benchmarks/xblock_wat/bet24stakes1_31381383_d321b3dd09dc.wat","SUPPORTED",11401,11401,0,100.00,"",""
"benchmarks/xblock_wat/bet24stakes1_31382769_665940e3a320.wat","SUPPORTED",11393,11393,0,100.00,"",""
"benchmarks/xblock_wat/bet24stakes1_37196380_ff5993d869c1.wat","SUPPORTED",11675,11675,0,100.00,"",""
"benchmarks/xblock_wat/bet24tokens1_29996292_5b7275860ff8.wat","SUPPORTED",10276,10276,0,100.00,"",""
"benchmarks/xblock_wat/bet24tokens1_36385057_94bb5677f73e.wat","SUPPORTED",10597,10597,0,100.00,"",""
"benchmarks/xblock_wat/bet24tokens1_36385463_100802a0273b.wat","SUPPORTED",10516,10516,0,100.00,"",""
"benchmarks/xblock_wat/bet24tokens1_43826060_bb595ea6d623.wat","SUPPORTED",11411,11411,0,100.00,"",""
"benchmarks/xblock_wat/bet3xxcasino_51999738_def869a5d87a.wat","SUPPORTED",30510,30510,0,100.00,"",""
"benchmarks/xblock_wat/bet3xxcasino_52077875_11b9a244b5c2.wat","SUPPORTED",30503,30503,0,100.00,"",""
"benchmarks/xblock_wat/bet3xxcasino_84498732_5ca3b51bb780.wat","SUPPORTED",30514,30514,0,100.00,"",""
"benchmarks/xblock_wat/bet3xxcasino_84596177_d15d1d5237a0.wat","SUPPORTED",30531,30531,0,100.00,"",""
"benchmarks/xblock_wat/bet3xxcasino_84596667_db62539607e3.wat","SUPPORTED",30531,30531,0,100.00,"",""
"benchmarks/xblock_wat/bet3xxcasino_84597242_1d841c8f759b.wat","SUPPORTED",30535,30535,0,100.00,"",""
"benchmarks/xblock_wat/bet3xxcasino_84598302_904ef3cc2cec.wat","SUPPORTED",30537,30537,0,100.00,"",""
"benchmarks/xblock_wat/bet3xxcasino_84598598_5f634b1a5e5c.wat","SUPPORTED",30537,30537,0,100.00,"",""
"benchmarks/xblock_wat/bet3xxcasino_84599719_901e97a73162.wat","SUPPORTED",30532,30532,0,100.00,"",""
"benchmarks/xblock_wat/bet3xxcasino_89251405_2212eb2b7988.wat","SUPPORTED",31212,31212,0,100.00,"",""
"benchmarks/xblock_wat/bet3xxcasino_89940102_6998ec1a53ed.wat","SUPPORTED",32558,32558,0,100.00,"",""
"benchmarks/xblock_wat/bet3xxcasino_89940713_928687855bcc.wat","SUPPORTED",32558,32558,0,100.00,"",""
"benchmarks/xblock_wat/bet3xxsports_52001557_053a67329428.wat","SUPPORTED",5207,5207,0,100.00,"",""
"benchmarks/xblock_wat/bet3xxsports_88061217_c48be0756935.wat","SUPPORTED",12086,12086,0,100.00,"",""
"benchmarks/xblock_wat/bet3xxsports_88062631_cd822ad03911.wat","SUPPORTED",5207,5207,0,100.00,"",""
"benchmarks/xblock_wat/betcitycashr_36992315_7cd55bfdee50.wat","SUPPORTED",18317,18317,0,100.00,"",""
"benchmarks/xblock_wat/betcitycashr_38549512_570bebdec931.wat","SUPPORTED",17735,17735,0,100.00,"",""
"benchmarks/xblock_wat/betcitycashr_38551388_89782a5007bd.wat","SUPPORTED",18270,18270,0,100.00,"",""
"benchmarks/xblock_wat/betcitycashr_38552626_27088fa4f5ed.wat","SUPPORTED",18274,18274,0,100.00,"",""
"benchmarks/xblock_wat/betcitycashr_38573309_5211a16d53bf.wat","SUPPORTED",18034,18034,0,100.00,"",""
"benchmarks/xblock_wat/betcitycashr_39052973_c06b0a85c709.wat","SUPPORTED",18058,18058,0,100.00,"",""
"benchmarks/xblock_wat/betcitycashr_42545937_fd33d1d0233b.wat","SUPPORTED",25801,25801,0,100.00,"",""
"benchmarks/xblock_wat/betcitycashr_42547491_edd246204ba1.wat","SUPPORTED",25809,25809,0,100.00,"",""
"benchmarks/xblock_wat/betcitycashr_42564935_332b7bc95384.wat","SUPPORTED",21228,21228,0,100.00,"",""
"benchmarks/xblock_wat/betcitycashr_42571404_2fb6c785f8c0.wat","SUPPORTED",21030,21030,0,100.00,"",""
"benchmarks/xblock_wat/betcitycashr_47537563_70a2cf8ea1d6.wat","SUPPORTED",17319,17319,0,100.00,"",""
"benchmarks/xblock_wat/betcitycashr_47882328_b8575e2d035a.wat","SUPPORTED",17304,17304,0,100.00,"",""
"benchmarks/xblock_wat/betcitycashr_47884712_ef32bfb2e94e.wat","SUPPORTED",17130,17130,0,100.00,"",""
"benchmarks/xblock_wat/betcitycashr_47885610_e79a767d0b33.wat","SUPPORTED",15982,15982,0,100.00,"",""
"benchmarks/xblock_wat/betcitycashr_56833062_a0a4c26c09a0.wat","SUPPORTED",29594,29594,0,100.00,"",""
"benchmarks/xblock_wat/betcitycashr_58713083_7179f3a3ee74.wat","SUPPORTED",30335,30335,0,100.00,"",""
"benchmarks/xblock_wat/betcitycashr_58753406_efac149e41ea.wat","SUPPORTED",30402,30402,0,100.00,"",""
"benchmarks/xblock_wat/betcitycashr_58768223_2204d96d8b44.wat","SUPPORTED",30405,30405,0,100.00,"",""
"benchmarks/xblock_wat/betcitycdice_47542825_03a369e656c8.wat","SUPPORTED",19585,19585,0,100.00,"",""
"benchmarks/xblock_wat/betcitycdice_48427608_3c5bba9438c3.wat","SUPPORTED",20014,20014,0,100.00,"",""
"benchmarks/xblock_wat/betcitycoin1_47540901_66e306236900.wat","SUPPORTED",16561,16561,0,100.00,"",""
"benchmarks/xblock_wat/betcitycoin1_48427050_a3756f6e49bf.wat","SUPPORTED",16987,16987,0,100.00,"",""
"benchmarks/xblock_wat/betcitydice1_35662815_e018545665ca.wat","SUPPORTED",17533,17533,0,100.00,"",""
"benchmarks/xblock_wat/betcitydice1_35786141_8ce5de3db4a3.wat","SUPPORTED",16123,16123,0,100.00,"",""
"benchmarks/xblock_wat/betcitydice1_35799532_dc9ba6824a39.wat","SUPPORTED",16130,16130,0,100.00,"",""
"benchmarks/xblock_wat/betcitydice1_35823286_ffc9ef2de3de.wat","SUPPORTED",13014,13014,0,100.00,"",""
"benchmarks/xblock_wat/betcitydice1_35828553_7ed72dc80def.wat","SUPPORTED",15906,15906,0,100.00,"",""
"benchmarks/xblock_wat/betcitydice1_35994972_d4fcb0a78f25.wat","SUPPORTED",16061,16061,0,100.00,"",""
"benchmarks/xblock_wat/betcitydice1_36334101_386830013464.wat","SUPPORTED",16562,16562,0,100.00,"",""
"benchmarks/xblock_wat/betcitydpool_42564801_79101fdf3176.wat","SUPPORTED",11291,11291,0,100.00,"",""
"benchmarks/xblock_wat/betcitydpool_42573092_743098cc1cb6.wat","SUPPORTED",11291,11291,0,100.00,"",""
"benchmarks/xblock_wat/betcitydpool_42573881_42d63adba789.wat","SUPPORTED",11291,11291,0,100.00,"",""
"benchmarks/xblock_wat/betcitydpool_42575623_a8191b513141.wat","SUPPORTED",11291,11291,0,100.00,"",""
"benchmarks/xblock_wat/betcitydpool_43015110_ee3cb0368127.wat","SUPPORTED",11291,11291,0,100.00,"",""
"benchmarks/xblock_wat/betcitydpool_47526224_4d70e869963f.wat","SUPPORTED",16735,16735,0,100.00,"",""
"benchmarks/xblock_wat/betcitydpool_47670738_88a581b3e9bb.wat","SUPPORTED",16735,16735,0,100.00,"",""
"benchmarks/xblock_wat/betcitydpool_47671852_3f8cd9b43bf7.wat","SUPPORTED",16726,16726,0,100.00,"",""
"benchmarks/xblock_wat/betcitydpool_48427677_ea94170d188a.wat","SUPPORTED",16729,16729,0,100.00,"",""
"benchmarks/xblock_wat/betcitydpool_48435211_c4dd37c8e0e7.wat","SUPPORTED",16727,16727,0,100.00,"",""
"benchmarks/xblock_wat/betcitydpool_48436196_dd976be57269.wat","SUPPORTED",16731,16731,0,100.00,"",""
"benchmarks/xblock_wat/betcitydpool_48436505_91706e4210f0.wat","SUPPORTED",16731,16731,0,100.00,"",""
"benchmarks/xblock_wat/betcityg1act_42546907_280bbe3e49b6.wat","SUPPORTED",7259,7259,0,100.00,"",""
"benchmarks/xblock_wat/betcityg1act_46666072_aaacf1624ae5.wat","SUPPORTED",2319,2319,0,100.00,"",""
"benchmarks/xblock_wat/betcitygdice_36982948_d668740987c7.wat","SUPPORTED",18072,18072,0,100.00,"",""
"benchmarks/xblock_wat/betcitygdice_38071291_cbee881016b4.wat","SUPPORTED",18072,18072,0,100.00,"",""
"benchmarks/xblock_wat/betcitygdice_38185181_c9b490aa0fb9.wat","SUPPORTED",17897,17897,0,100.00,"",""
"benchmarks/xblock_wat/betcitygdice_38548779_4d66c93d9dea.wat","SUPPORTED",14799,14799,0,100.00,"",""
"benchmarks/xblock_wat/betcitygdice_38553579_7e410234fcd2.wat","SUPPORTED",17888,17888,0,100.00,"",""
"benchmarks/xblock_wat/betcitygdice_38690847_877eca558feb.wat","SUPPORTED",17888,17888,0,100.00,"",""
"benchmarks/xblock_wat/betcitygdice_39126351_2efdeff0cc81.wat","SUPPORTED",17912,17912,0,100.00,"",""
"benchmarks/xblock_wat/betcitygdice_39127023_3ec8645b4506.wat","SUPPORTED",17884,17884,0,100.00,"",""
"benchmarks/xblock_wat/betcitygdice_39219204_7f4a5fc86b37.wat","SUPPORTED",14782,14782,0,100.00,"",""
"benchmarks/xblock_wat/betcitygdice_41542730_077984b8e73f.wat","SUPPORTED",17866,17866,0,100.00,"",""
"benchmarks/xblock_wat/betcitygdice_42522202_7735cc48a539.wat","SUPPORTED",17864,17864,0,100.00,"",""
"benchmarks/xblock_wat/betcitygdice_42523094_36748ab82545.wat","SUPPORTED",17864,17864,0,100.00,"",""
"benchmarks/xblock_wat/betcitygdice_42545018_584d5e3e7def.wat","SUPPORTED",17861,17861,0,100.00,"",""
"benchmarks/xblock_wat/betcitymastr_56832870_6c0f0391b145.wat","SUPPORTED",17243,17243,0,100.00,"",""
"benchmarks/xblock_wat/betcitymastr_58591545_079a31619023.wat","SUPPORTED",17243,17243,0,100.00,"",""
"benchmarks/xblock_wat/betcityndice_47541748_242cc55fbfa8.wat","SUPPORTED",17565,17565,0,100.00,"",""
"benchmarks/xblock_wat/betcityndice_48426842_5a72e8c2f61b.wat","SUPPORTED",17985,17985,0,100.00,"",""
"benchmarks/xblock_wat/betcityndice_50130058_6ef75333e9da.wat","SUPPORTED",17935,17935,0,100.00,"",""
"benchmarks/xblock_wat/betdice22222_25199783_ad7a56ef0033.wat","SUPPORTED",34272,34272,0,100.00,"",""
"benchmarks/xblock_wat/betdice22222_25199979_72c44ee5e227.wat","SUPPORTED",28569,28569,0,100.00,"",""
"benchmarks/xblock_wat/betdice22222_25373956_ad1e0fdd680d.wat","SUPPORTED",28567,28567,0,100.00,"",""
"benchmarks/xblock_wat/betdice22222_25488100_82ea0608d63e.wat","SUPPORTED",29415,29415,0,100.00,"",""
"benchmarks/xblock_wat/betdice22222_25996748_6d20ea3c075e.wat","SUPPORTED",29247,29247,0,100.00,"",""
"benchmarks/xblock_wat/betdiceadm1n_48580231_b8575d06742c.wat","SUPPORTED",6506,6506,0,100.00,"",""
"benchmarks/xblock_wat/betdiceadm1n_48583464_04a10c704560.wat","SUPPORTED",6521,6521,0,100.00,"",""
"benchmarks/xblock_wat/betdiceadm1n_48585111_616df92128f0.wat","SUPPORTED",3188,3188,0,100.00,"",""
"benchmarks/xblock_wat/betdiceadmin_17437546_44c8d52897f7.wat","SUPPORTED",29470,29470,0,100.00,"",""
"benchmarks/xblock_wat/betdiceadmin_17547991_714bd90012d3.wat","SUPPORTED",29563,29563,0,100.00,"",""
"benchmarks/xblock_wat/betdiceadmin_17624926_a52e6cbca79d.wat","SUPPORTED",29599,29599,0,100.00,"",""
"benchmarks/xblock_wat/betdiceadmin_17815843_3c5edcb95b14.wat","SUPPORTED",29598,29598,0,100.00,"",""
"benchmarks/xblock_wat/betdiceadmin_18484968_2bd54d9f55f0.wat","SUPPORTED",30201,30201,0,100.00,"",""
"benchmarks/xblock_wat/betdiceadmin_19384738_f9b5f8e304d0.wat","SUPPORTED",30275,30275,0,100.00,"",""
"benchmarks/xblock_wat/betdiceadmin_19384986_3cf0f8eda068.wat","SUPPORTED",30204,30204,0,100.00,"",""
"benchmarks/xblock_wat/betdiceadmin_19385235_9eb5b9c90bb4.wat","SUPPORTED",31609,31609,0,100.00,"",""
"benchmarks/xblock_wat/betdiceadmin_19396279_56f79112deda.wat","SUPPORTED",31619,31619,0,100.00,"",""
"benchmarks/xblock_wat/betdiceadmin_19872123_533707079995.wat","SUPPORTED",31809,31809,0,100.00,"",""
"benchmarks/xblock_wat/betdiceadmin_20057913_04103dcc6a70.wat","SUPPORTED",32939,32939,0,100.00,"",""
"benchmarks/xblock_wat/betdiceadmin_20381061_08e069995ae5.wat","SUPPORTED",33138,33138,0,100.00,"",""
"benchmarks/xblock_wat/betdiceadmin_20751547_a0058cc082fd.wat","SUPPORTED",33901,33901,0,100.00,"",""
"benchmarks/xblock_wat/betdiceadmin_20794549_787265fc6598.wat","SUPPORTED",35332,35332,0,100.00,"",""
"benchmarks/xblock_wat/betdiceadmin_21971297_7aee50ebb31a.wat","SUPPORTED",35335,35335,0,100.00,"",""
"benchmarks/xblock_wat/betdiceadmin_21978027_7d988c5a1d9a.wat","SUPPORTED",35500,35500,0,100.00,"",""
"benchmarks/xblock_wat/betdiceadmin_21980574_0cc267012405.wat","SUPPORTED",37077,37077,0,100.00,"",""
"benchmarks/xblock_wat/betdiceadmin_22497277_b6068e58afba.wat","SUPPORTED",34282,34282,0,100.00,"",""
"benchmarks/xblock_wat/betdiceadmin_23338292_7c8e53784625.wat","SUPPORTED",35049,35049,0,100.00,"",""
"benchmarks/xblock_wat/betdiceadmin_23343396_0a138f9a0cf6.wat","SUPPORTED",35130,35130,0,100.00,"",""
"benchmarks/xblock_wat/betdiceadmin_23839118_96890d564606.wat","SUPPORTED",35130,35130,0,100.00,"",""
"benchmarks/xblock_wat/betdiceadmin_23847080_444cc361998d.wat","SUPPORTED",35130,35130,0,100.00,"",""
"benchmarks/xblock_wat/betdiceadmin_24890799_dfd9e9d3f0ff.wat","SUPPORTED",36210,36210,0,100.00,"",""
"benchmarks/xblock_wat/betdiceadmin_25010250_74e3fb6bcabc.wat","SUPPORTED",35460,35460,0,100.00,"",""
"benchmarks/xblock_wat/betdiceadmin_25624492_569881410e13.wat","SUPPORTED",35562,35562,0,100.00,"",""
"benchmarks/xblock_wat/betdiceadmin_26352786_5318789deec5.wat","SUPPORTED",34694,34694,0,100.00,"",""
"benchmarks/xblock_wat/betdiceadmin_26353137_c4805afd4a14.wat","SUPPORTED",35533,35533,0,100.00,"",""
"benchmarks/xblock_wat/betdiceadmin_26353685_2660ba5b216e.wat","SUPPORTED",33151,33151,0,100.00,"",""
"benchmarks/xblock_wat/betdiceadmin_26355723_6a617f78ab38.wat","SUPPORTED",33431,33431,0,100.00,"",""
"benchmarks/xblock_wat/betdiceadmin_26750879_e0dd03debfa6.wat","SUPPORTED",33434,33434,0,100.00,"",""
"benchmarks/xblock_wat/betdiceadmin_26751050_458e5a4bbb9b.wat","SUPPORTED",33555,33555,0,100.00,"",""
"benchmarks/xblock_wat/betdiceadmin_26751897_1524c62dc00e.wat","SUPPORTED",34336,34336,0,100.00,"",""
"benchmarks/xblock_wat/betdiceadmin_26752025_ff00559606ee.wat","SUPPORTED",34408,34408,0,100.00,"",""
"benchmarks/xblock_wat/betdiceadmin_26772758_d70d9c554ba8.wat","SUPPORTED",38955,38955,0,100.00,"",""
"benchmarks/xblock_wat/betdiceadmin_26773217_9110e5397850.wat","SUPPORTED",38869,38869,0,100.00,"",""
"benchmarks/xblock_wat/betdiceadmin_26774092_aa52cb747f4c.wat","SUPPORTED",39046,39046,0,100.00,"",""
"benchmarks/xblock_wat/betdiceadmin_27354734_3eb5df0e140e.wat","SUPPORTED",40472,40472,0,100.00,"",""
"benchmarks/xblock_wat/betdiceadmin_27364900_b5c1a23a05ca.wat","SUPPORTED",39046,39046,0,100.00,"",""
"benchmarks/xblock_wat/betdiceadmin_27625744_8ecb8262ebdb.wat","SUPPORTED",38875,38875,0,100.00,"",""
"benchmarks/xblock_wat/betdiceadmin_27991471_823c8109f4cd.wat","SUPPORTED",39855,39855,0,100.00,"",""
"benchmarks/xblock_wat/betdiceadmin_27992135_d847d93e98ef.wat","SUPPORTED",39980,39980,0,100.00,"",""
"benchmarks/xblock_wat/betdiceadmin_30880191_cddca261a7be.wat","SUPPORTED",41209,41209,0,100.00,"",""
"benchmarks/xblock_wat/betdiceadmin_30880951_7686f9340158.wat","SUPPORTED",41585,41585,0,100.00,"",""
"benchmarks/xblock_wat/betdiceadmin_31592761_2d135c51409d.wat","SUPPORTED",41768,41768,0,100.00,"",""
"benchmarks/xblock_wat/betdiceadmin_31846260_82571b48d3f0.wat","SUPPORTED",41588,41588,0,100.00,"",""
"benchmarks/xblock_wat/betdiceadmin_31856256_617219e76769.wat","SUPPORTED",41594,41594,0,100.00,"",""
"benchmarks/xblock_wat/betdiceadmin_31856388_6368cae58c9e.wat","SUPPORTED",41594,41594,0,100.00,"",""
"benchmarks/xblock_wat/betdiceadmin_31856870_8d764053107f.wat","SUPPORTED",41594,41594,0,100.00,"",""
"benchmarks/xblock_wat/betdiceadmin_31863560_c0c2c6c23d5b.wat","SUPPORTED",41588,41588,0,100.00,"",""
"benchmarks/xblock_wat/betdiceadmin_32275952_a0249b58a6ea.wat","SUPPORTED",44434,44434,0,100.00,"",""
"benchmarks/xblock_wat/betdiceadmin_32289558_83ee285892e1.wat","SUPPORTED",44422,44422,0,100.00,"",""
"benchmarks/xblock_wat/betdiceadmin_32290335_032eab24cdd9.wat","SUPPORTED",42519,42519,0,100.00,"",""
"benchmarks/xblock_wat/betdiceadmin_32290662_92424bbeed47.wat","SUPPORTED",44493,44493,0,100.00,"",""
"benchmarks/xblock_wat/betdiceadmin_32291848_5d2288f9eaf4.wat","SUPPORTED",44413,44413,0,100.00,"",""
"benchmarks/xblock_wat/betdiceadmin_32297875_ee118cb8f51a.wat","SUPPORTED",44530,44530,0,100.00,"",""
"benchmarks/xblock_wat/betdiceadmin_32298166_e2cf44647390.wat","SUPPORTED",42549,42549,0,100.00,"",""
"benchmarks/xblock_wat/betdiceadmin_32298357_dcad1ca7ff0b.wat","SUPPORTED",44479,44479,0,100.00,"",""
"benchmarks/xblock_wat/betdiceadmin_32298580_71b43e7f9851.wat","SUPPORTED",44491,44491,0,100.00,"",""
"benchmarks/xblock_wat/betdiceadmin_32298636_456f4d17c392.wat","SUPPORTED",44491,44491,0,100.00,"",""
"benchmarks/xblock_wat/betdiceadmin_32790007_11813551c3ad.wat","SUPPORTED",42552,42552,0,100.00,"",""
"benchmarks/xblock_wat/betdiceadmin_58228333_0ec3183dfc7f.wat","SUPPORTED",42549,42549,0,100.00,"",""
"benchmarks/xblock_wat/betdiceadmin_71022985_53285cc9b449.wat","SUPPORTED",42111,42111,0,100.00,"",""
"benchmarks/xblock_wat/betdiceadmin_71023385_db933715cc56.wat","SUPPORTED",43756,43756,0,100.00,"",""
"benchmarks/xblock_wat/betdiceadmin_71023813_d4f1891d20e1.wat","SUPPORTED",44611,44611,0,100.00,"",""
"benchmarks/xblock_wat/betdiceadmin_71024285_56e37e7d1b59.wat","SUPPORTED",45261,45261,0,100.00,"",""
"benchmarks/xblock_wat/betdiceadmin_71024526_3dc529da7b9b.wat","SUPPORTED",44498,44498,0,100.00,"",""
"benchmarks/xblock_wat/betdiceadmin_71024604_c673547f1e26.wat","SUPPORTED",44495,44495,0,100.00,"",""
"benchmarks/xblock_wat/betdiceadmin_71025063_9358aeb87f7c.wat","SUPPORTED",34527,34527,0,100.00,"",""
"benchmarks/xblock_wat/betdiceadmin_71025357_e589aa3f8e9b.wat","SUPPORTED",35320,35320,0,100.00,"",""
"benchmarks/xblock_wat/betdiceadmin_71025520_ac6c428313f2.wat","SUPPORTED",43815,43815,0,100.00,"",""
"benchmarks/xblock_wat/betdiceadmin_71025782_236bc1c579b0.wat","SUPPORTED",43931,43931,0,100.00,"",""
"benchmarks/xblock_wat/betdiceadmin_74301453_db4bd8ea48e6.wat","SUPPORTED",42012,42012,0,100.00,"",""
"benchmarks/xblock_wat/betdiceadmin_74424222_2d56ef7d0dce.wat","SUPPORTED",44788,44788,0,100.00,"",""
"benchmarks/xblock_wat/betdiceadmin_74424333_a69491ea7ded.wat","SUPPORTED",42011,42011,0,100.00,"",""
"benchmarks/xblock_wat/betdiceadmin_74424671_1a3bdf234fb0.wat","SUPPORTED",42102,42102,0,100.00,"",""
"benchmarks/xblock_wat/betdiceadmin_86446094_fc685e8922ed.wat","SUPPORTED",42694,42694,0,100.00,"",""
"benchmarks/xblock_wat/betdiceadmin_87836796_9ced2f38e69a.wat","SUPPORTED",42695,42695,0,100.00,"",""
"benchmarks/xblock_wat/betdiceadmin_88266103_9fcd82534626.wat","SUPPORTED",42860,42860,0,100.00,"",""
"benchmarks/xblock_wat/betdicealert_18658504_a6b6af26041b.wat","SUPPORTED",5284,5284,0,100.00,"",""
"benchmarks/xblock_wat/betdicealert_25062527_e3f7c3aee4bd.wat","SUPPORTED",5779,5779,0,100.00,"",""
"benchmarks/xblock_wat/betdicealert_25252790_1cd9811d62d9.wat","SUPPORTED",5449,5449,0,100.00,"",""
"benchmarks/xblock_wat/betdicealert_56836289_777538f41323.wat","SUPPORTED",5449,5449,0,100.00,"",""
"benchmarks/xblock_wat/betdicealert_56836880_fa05edcede53.wat","SUPPORTED",5449,5449,0,100.00,"",""
"benchmarks/xblock_wat/betdicealert_56837063_be0d0e8d535f.wat","SUPPORTED",5449,5449,0,100.00,"",""
"benchmarks/xblock_wat/betdicealert_56869297_96c72d1a1edf.wat","SUPPORTED",6322,6322,0,100.00,"",""
"benchmarks/xblock_wat/betdicealert_56869761_374769375f3d.wat","SUPPORTED",7022,7022,0,100.00,"",""
"benchmarks/xblock_wat/betdicealert_56869990_867df8dda244.wat","SUPPORTED",7200,7200,0,100.00,"",""
"benchmarks/xblock_wat/betdicealert_56870528_dfbbba40ec96.wat","SUPPORTED",7243,7243,0,100.00,"",""
"benchmarks/xblock_wat/betdicealert_57043959_e09b0d23e5ca.wat","SUPPORTED",7219,7219,0,100.00,"",""
"benchmarks/xblock_wat/betdicealert_57225740_3df66265a7ad.wat","SUPPORTED",7219,7219,0,100.00,"",""
"benchmarks/xblock_wat/betdicebacca_25394721_9255527031f6.wat","SUPPORTED",38108,38108,0,100.00,"",""
"benchmarks/xblock_wat/betdicebacca_25399810_6c6b3179dc8b.wat","SUPPORTED",38438,38438,0,100.00,"",""
"benchmarks/xblock_wat/betdicebacca_25407375_ae2fbf3dfbe4.wat","SUPPORTED",38442,38442,0,100.00,"",""
"benchmarks/xblock_wat/betdicebacca_25433096_5a821bc75bc7.wat","SUPPORTED",38442,38442,0,100.00,"",""
"benchmarks/xblock_wat/betdicebacca_25543974_7ea96c1bf28f.wat","SUPPORTED",38442,38442,0,100.00,"",""
"benchmarks/xblock_wat/betdicebacca_25547622_c2fc73ac1ff5.wat","SUPPORTED",38442,38442,0,100.00,"",""
"benchmarks/xblock_wat/betdicebacca_25593699_def4307216e0.wat","SUPPORTED",38442,38442,0,100.00,"",""
"benchmarks/xblock_wat/betdicebacca_25636043_4e05fc3c7105.wat","SUPPORTED",38445,38445,0,100.00,"",""
"benchmarks/xblock_wat/betdicebacca_25636468_a11b8ef37d5d.wat","SUPPORTED",39069,39069,0,100.00,"",""
"benchmarks/xblock_wat/betdicebacca_25637990_2484a2580149.wat","SUPPORTED",38486,38486,0,100.00,"",""
"benchmarks/xblock_wat/betdicebacca_25639223_8c5154f95e82.wat","SUPPORTED",38486,38486,0,100.00,"",""
"benchmarks/xblock_wat/betdicebacca_25936579_4aa659fa7f6a.wat","SUPPORTED",38724,38724,0,100.00,"",""
"benchmarks/xblock_wat/betdicebacca_26818888_bf836a7f6033.wat","SUPPORTED",38724,38724,0,100.00,"",""
"benchmarks/xblock_wat/betdicebacca_27620681_b2d930d2f2ea.wat","SUPPORTED",39576,39576,0,100.00,"",""
"benchmarks/xblock_wat/betdicebacca_27992620_6ccce9f996bb.wat","SUPPORTED",40962,40962,0,100.00,"",""
"benchmarks/xblock_wat/betdicebacca_29584791_65d99c27dc91.wat","SUPPORTED",40962,40962,0,100.00,"",""
"benchmarks/xblock_wat/betdicebacca_31592281_24924447c119.wat","SUPPORTED",41144,41144,0,100.00,"",""
"benchmarks/xblock_wat/betdicebacca_31592659_e55d0479dddd.wat","SUPPORTED",41140,41140,0,100.00,"",""
"benchmarks/xblock_wat/betdicebacca_31867103_2a7ac3bbc42c.wat","SUPPORTED",40962,40962,0,100.00,"",""
"benchmarks/xblock_wat/betdicebacca_34044498_0b8ffaebe8c8.wat","SUPPORTED",40962,40962,0,100.00,"",""
"benchmarks/xblock_wat/betdicebacca_34047809_928ef2a8be90.wat","SUPPORTED",40962,40962,0,100.00,"",""
"benchmarks/xblock_wat/betdicebacca_34765103_104f571d5903.wat","SUPPORTED",41421,41421,0,100.00,"",""
"benchmarks/xblock_wat/betdicebacca_34765365_f722ee32eac0.wat","SUPPORTED",41256,41256,0,100.00,"",""
"benchmarks/xblock_wat/betdicebacca_37884918_71bd427de532.wat","SUPPORTED",41275,41275,0,100.00,"",""
"benchmarks/xblock_wat/betdicebacca_37885035_bafeb21ab407.wat","SUPPORTED",41275,41275,0,100.00,"",""
"benchmarks/xblock_wat/betdicebacca_40605205_804a85fd8531.wat","SUPPORTED",41275,41275,0,100.00,"",""
"benchmarks/xblock_wat/betdicebacca_46217935_bedfdb7e72a8.wat","SUPPORTED",41275,41275,0,100.00,"",""
"benchmarks/xblock_wat/betdicebacca_46979062_b2136c509ef4.wat","SUPPORTED",41275,41275,0,100.00,"",""
"benchmarks/xblock_wat/betdicebacca_47539779_e2e8197bc99a.wat","SUPPORTED",41275,41275,0,100.00,"",""
"benchmarks/xblock_wat/betdicebacca_47541978_a6f20941801f.wat","SUPPORTED",41275,41275,0,100.00,"",""
"benchmarks/xblock_wat/betdicebacca_47549573_707c3666a978.wat","SUPPORTED",41275,41275,0,100.00,"",""
"benchmarks/xblock_wat/betdicebacca_50102697_74deb742d739.wat","SUPPORTED",41275,41275,0,100.00,"",""
"benchmarks/xblock_wat/betdicebacca_53373845_75df4e3e9c61.wat","SUPPORTED",41275,41275,0,100.00,"",""
"benchmarks/xblock_wat/betdicebacca_53886725_e6f3724d633a.wat","SUPPORTED",41275,41275,0,100.00,"",""
"benchmarks/xblock_wat/betdicebacca_60632545_22751f6c9fa8.wat","SUPPORTED",49506,49506,0,100.00,"",""
"benchmarks/xblock_wat/betdicebacca_60635411_281c317c0c4b.wat","SUPPORTED",52497,52497,0,100.00,"",""
"benchmarks/xblock_wat/betdicebacca_60635891_8ece08924bcc.wat","SUPPORTED",52497,52497,0,100.00,"",""
"benchmarks/xblock_wat/betdicebacca_60654925_61840491238d.wat","SUPPORTED",52497,52497,0,100.00,"",""
"benchmarks/xblock_wat/betdicebacca_63914479_6775687c6b7c.wat","SUPPORTED",52497,52497,0,100.00,"",""
"benchmarks/xblock_wat/betdicebacca_64321073_ea3d58b76be0.wat","SUPPORTED",52499,52499,0,100.00,"",""
"benchmarks/xblock_wat/betdicebacca_64327771_93f07d342da5.wat","SUPPORTED",52497,52497,0,100.00,"",""
"benchmarks/xblock_wat/betdicebacca_65989977_b8835f8bdf3a.wat","SUPPORTED",52497,52497,0,100.00,"",""
"benchmarks/xblock_wat/betdicebacca_67000785_4d8bbb8d004e.wat","SUPPORTED",52497,52497,0,100.00,"",""
"benchmarks/xblock_wat/betdicebacca_68053043_5f30c0cc6abb.wat","SUPPORTED",52497,52497,0,100.00,"",""
"benchmarks/xblock_wat/betdicebacca_69806320_0fb947b756b7.wat","SUPPORTED",52497,52497,0,100.00,"",""
"benchmarks/xblock_wat/betdicebacca_71153208_9bad011a2b4e.wat","SUPPORTED",52497,52497,0,100.00,"",""
"benchmarks/xblock_wat/betdicebacca_72219770_231f06cf25a9.wat","SUPPORTED",52497,52497,0,100.00,"",""
"benchmarks/xblock_wat/betdicebacca_74935915_1448ef2b2f43.wat","SUPPORTED",52497,52497,0,100.00,"",""
"benchmarks/xblock_wat/betdicebacca_74965218_946bd00706e2.wat","SUPPORTED",52497,52497,0,100.00,"",""
"benchmarks/xblock_wat/betdicebacca_75463487_7973379e4a6a.wat","SUPPORTED",52497,52497,0,100.00,"",""
"benchmarks/xblock_wat/betdicebacca_80033461_4406196bd5f0.wat","SUPPORTED",50757,50757,0,100.00,"",""
"benchmarks/xblock_wat/betdicebacca_80033578_d5d8d2622613.wat","SUPPORTED",50592,50592,0,100.00,"",""
"benchmarks/xblock_wat/betdicebacca_80033936_b40f6bf85a0c.wat","SUPPORTED",50833,50833,0,100.00,"",""
"benchmarks/xblock_wat/betdicebacca_83738992_ac165a886f04.wat","SUPPORTED",50835,50835,0,100.00,"",""
"benchmarks/xblock_wat/betdicebacca_83741577_884f76580042.wat","SUPPORTED",50831,50831,0,100.00,"",""
"benchmarks/xblock_wat/betdicegroup_21607823_82e45809aa36.wat","SUPPORTED",22907,22907,0,100.00,"",""
"benchmarks/xblock_wat/betdicegroup_21610380_b66b96002074.wat","SUPPORTED",22907,22907,0,100.00,"",""
"benchmarks/xblock_wat/betdicegroup_21616559_470a2d4719d4.wat","SUPPORTED",25962,25962,0,100.00,"",""
"benchmarks/xblock_wat/betdicegroup_21619852_f31d257de03e.wat","SUPPORTED",23667,23667,0,100.00,"",""
"benchmarks/xblock_wat/betdicegroup_21631310_e4375f5903d0.wat","SUPPORTED",23664,23664,0,100.00,"",""
"benchmarks/xblock_wat/betdicegroup_22476291_e15953905c32.wat","SUPPORTED",126954,126954,0,100.00,"",""
"benchmarks/xblock_wat/betdicegroup_22495843_f3167b5f6ff8.wat","SUPPORTED",36993,36993,0,100.00,"",""
"benchmarks/xblock_wat/betdicegroup_22844573_3ec455a6f71c.wat","SUPPORTED",38429,38429,0,100.00,"",""
"benchmarks/xblock_wat/betdicegroup_23338297_ea8b13c9d8f9.wat","SUPPORTED",41412,41412,0,100.00,"",""
"benchmarks/xblock_wat/betdicegroup_23343390_46935ad895a7.wat","SUPPORTED",41853,41853,0,100.00,"",""
"benchmarks/xblock_wat/betdicegroup_23343591_430af5fdb18e.wat","SUPPORTED",40238,40238,0,100.00,"",""
"benchmarks/xblock_wat/betdicegroup_23344244_3ad4a3d596af.wat","SUPPORTED",41853,41853,0,100.00,"",""
"benchmarks/xblock_wat/betdicegroup_23488121_c599348af932.wat","SUPPORTED",42691,42691,0,100.00,"",""
"benchmarks/xblock_wat/betdicegroup_24520468_b878d654df82.wat","SUPPORTED",42086,42086,0,100.00,"",""
"benchmarks/xblock_wat/betdicegroup_24520634_975e5ae8eaa6.wat","SUPPORTED",41506,41506,0,100.00,"",""
"benchmarks/xblock_wat/betdicegroup_24627069_b622c247bf51.wat","SUPPORTED",42086,42086,0,100.00,"",""
"benchmarks/xblock_wat/betdicegroup_24977683_394cbc0fe0a8.wat","SUPPORTED",42311,42311,0,100.00,"",""
"benchmarks/xblock_wat/betdicegroup_24990161_fdcbeff491cf.wat","SUPPORTED",42086,42086,0,100.00,"",""
"benchmarks/xblock_wat/betdicegroup_25045939_78a6fcf41627.wat","SUPPORTED",42425,42425,0,100.00,"",""
"benchmarks/xblock_wat/betdicegroup_25058870_5ba901ceb1fb.wat","SUPPORTED",41972,41972,0,100.00,"",""
"benchmarks/xblock_wat/betdicegroup_25131168_e2a611419041.wat","SUPPORTED",42086,42086,0,100.00,"",""
"benchmarks/xblock_wat/betdicegroup_25326058_f4c523e87323.wat","SUPPORTED",42208,42208,0,100.00,"",""
"benchmarks/xblock_wat/betdicegroup_25326152_121ace30cc82.wat","SUPPORTED",41628,41628,0,100.00,"",""
"benchmarks/xblock_wat/betdicegroup_25614727_33de7b21b1f6.wat","SUPPORTED",42197,42197,0,100.00,"",""
"benchmarks/xblock_wat/betdicegroup_25633205_803ca84db668.wat","SUPPORTED",43682,43682,0,100.00,"",""
"benchmarks/xblock_wat/betdicegroup_25774218_7805e5b86361.wat","SUPPORTED",43609,43609,0,100.00,"",""
"benchmarks/xblock_wat/betdicegroup_25975272_55a60221713e.wat","SUPPORTED",43574,43574,0,100.00,"",""
"benchmarks/xblock_wat/betdicegroup_26116462_060ed9ca4254.wat","SUPPORTED",53812,53812,0,100.00,"",""
"benchmarks/xblock_wat/betdicegroup_26119028_57f11eb78009.wat","SUPPORTED",53812,53812,0,100.00,"",""
"benchmarks/xblock_wat/betdicegroup_26124092_0de5f81ef8e7.wat","SUPPORTED",55834,55834,0,100.00,"",""
"benchmarks/xblock_wat/betdicegroup_26524037_2dca2a6e363f.wat","SUPPORTED",55834,55834,0,100.00,"",""
"benchmarks/xblock_wat/betdicegroup_26631242_efba2e7675c1.wat","SUPPORTED",58822,58822,0,100.00,"",""
"benchmarks/xblock_wat/betdicegroup_26786373_6e3bd8fa9d0c.wat","SUPPORTED",60158,60158,0,100.00,"",""
"benchmarks/xblock_wat/betdicegroup_26914071_fc4f38c6342b.wat","SUPPORTED",59682,59682,0,100.00,"",""
"benchmarks/xblock_wat/betdicegroup_26914116_f3c3b55c0751.wat","SUPPORTED",59682,59682,0,100.00,"",""
"benchmarks/xblock_wat/betdicegroup_26920024_7467a56da0e2.wat","SUPPORTED",59680,59680,0,100.00,"",""
"benchmarks/xblock_wat/betdicegroup_27082509_c1c7ebbb8d5e.wat","SUPPORTED",60262,60262,0,100.00,"",""
"benchmarks/xblock_wat/betdicegroup_27422602_8f9ea04b3b83.wat","SUPPORTED",60262,60262,0,100.00,"",""
"benchmarks/xblock_wat/betdicegroup_27991042_accc71f93122.wat","SUPPORTED",60329,60329,0,100.00,"",""
"benchmarks/xblock_wat/betdicegroup_28295571_e343c35e1619.wat","SUPPORTED",58360,58360,0,100.00,"",""
"benchmarks/xblock_wat/betdicegroup_28297278_cd6779a194a6.wat","SUPPORTED",58358,58358,0,100.00,"",""
"benchmarks/xblock_wat/betdicegroup_28302983_655a86749332.wat","SUPPORTED",60348,60348,0,100.00,"",""
"benchmarks/xblock_wat/betdicegroup_28321517_4eed06fe45a1.wat","SUPPORTED",60882,60882,0,100.00,"",""
"benchmarks/xblock_wat/betdicegroup_28934425_f44cbf7821f3.wat","SUPPORTED",61462,61462,0,100.00,"",""
"benchmarks/xblock_wat/betdicegroup_28934568_5feb9417da7e.wat","SUPPORTED",60882,60882,0,100.00,"",""
"benchmarks/xblock_wat/betdicegroup_29529888_338ceead5509.wat","SUPPORTED",61008,61008,0,100.00,"",""
"benchmarks/xblock_wat/betdicegroup_29612964_dba4b6057b91.wat","SUPPORTED",61368,61368,0,100.00,"",""
"benchmarks/xblock_wat/betdicegroup_30722224_1d340a92faae.wat","SUPPORTED",61490,61490,0,100.00,"",""
"benchmarks/xblock_wat/betdicegroup_30966264_4ab89ef9149b.wat","SUPPORTED",61490,61490,0,100.00,"",""
"benchmarks/xblock_wat/betdicegroup_31306279_bdcc07504741.wat","SUPPORTED",61490,61490,0,100.00,"",""
"benchmarks/xblock_wat/betdicegroup_31568427_c8b371163cc7.wat","SUPPORTED",63188,63188,0,100.00,"",""
"benchmarks/xblock_wat/betdicegroup_31593430_62c8d27aecef.wat","SUPPORTED",64202,64202,0,100.00,"",""
"benchmarks/xblock_wat/betdicegroup_31600415_47e47e3a3cb2.wat","SUPPORTED",64198,64198,0,100.00,"",""
"benchmarks/xblock_wat/betdicegroup_31610615_0c4dbff85801.wat","SUPPORTED",64198,64198,0,100.00,"",""
"benchmarks/xblock_wat/betdicegroup_31735945_40b8858da5f8.wat","SUPPORTED",64198,64198,0,100.00,"",""
"benchmarks/xblock_wat/betdicegroup_31843439_d1b0a7d2615b.wat","SUPPORTED",64178,64178,0,100.00,"",""
"benchmarks/xblock_wat/betdicegroup_31847089_dc3b412c3a92.wat","SUPPORTED",63622,63622,0,100.00,"",""
"benchmarks/xblock_wat/betdicegroup_31847309_1f3574e1930e.wat","SUPPORTED",62290,62290,0,100.00,"",""
"benchmarks/xblock_wat/betdicegroup_31847964_9bc502752e2a.wat","SUPPORTED",60851,60851,0,100.00,"",""
"benchmarks/xblock_wat/betdicegroup_31848375_5d442f66c6ea.wat","SUPPORTED",59676,59676,0,100.00,"",""
"benchmarks/xblock_wat/betdicegroup_31848526_6e92ab9cd90c.wat","SUPPORTED",59679,59679,0,100.00,"",""
"benchmarks/xblock_wat/betdicegroup_31851897_d9cd00661693.wat","SUPPORTED",57752,57752,0,100.00,"",""
"benchmarks/xblock_wat/betdicegroup_31855637_9f18e2a48f86.wat","SUPPORTED",64199,64199,0,100.00,"",""
"benchmarks/xblock_wat/betdicegroup_31855788_527a18e69c81.wat","SUPPORTED",64201,64201,0,100.00,"",""
"benchmarks/xblock_wat/betdicegroup_31855888_cde0ef93980c.wat","SUPPORTED",64201,64201,0,100.00,"",""
"benchmarks/xblock_wat/betdicegroup_31855972_57554924814b.wat","SUPPORTED",64201,64201,0,100.00,"",""
"benchmarks/xblock_wat/betdicegroup_31856164_d4b58eb0eb06.wat","SUPPORTED",64201,64201,0,100.00,"",""
"benchmarks/xblock_wat/betdicegroup_31856456_32a715932329.wat","SUPPORTED",64201,64201,0,100.00,"",""
"benchmarks/xblock_wat/betdicegroup_31857209_c683668dad82.wat","SUPPORTED",64417,64417,0,100.00,"",""
"benchmarks/xblock_wat/betdicegroup_31934427_91978dea7ca3.wat","SUPPORTED",64198,64198,0,100.00,"",""
"benchmarks/xblock_wat/betdicegroup_32001615_28ddde25e449.wat","SUPPORTED",64198,64198,0,100.00,"",""
"benchmarks/xblock_wat/betdicegroup_32191712_84340cb892db.wat","SUPPORTED",63509,63509,0,100.00,"",""
"benchmarks/xblock_wat/betdicegroup_32731171_c6d9a74030ae.wat","SUPPORTED",63509,63509,0,100.00,"",""
"benchmarks/xblock_wat/betdicegroup_33854787_2cddb32b2dd3.wat","SUPPORTED",83757,83757,0,100.00,"",""
"benchmarks/xblock_wat/betdicegroup_33856890_2f3450c37985.wat","SUPPORTED",83755,83755,0,100.00,"",""
"benchmarks/xblock_wat/betdicegroup_34039672_27749e7481fa.wat","SUPPORTED",83230,83230,0,100.00,"",""
"benchmarks/xblock_wat/betdicegroup_34040635_ae67fe8000a6.wat","SUPPORTED",83267,83267,0,100.00,"",""
"benchmarks/xblock_wat/betdicegroup_34046773_a056ffcc10e8.wat","SUPPORTED",82964,82964,0,100.00,"",""
"benchmarks/xblock_wat/betdicegroup_34047358_3eabb9c07505.wat","SUPPORTED",82964,82964,0,100.00,"",""
"benchmarks/xblock_wat/betdicegroup_34049576_7e46a0833746.wat","SUPPORTED",83230,83230,0,100.00,"",""
"benchmarks/xblock_wat/betdicegroup_34053148_df1ad2d0945a.wat","SUPPORTED",83095,83095,0,100.00,"",""
"benchmarks/xblock_wat/betdicegroup_34141586_b6b10f19e657.wat","SUPPORTED",82886,82886,0,100.00,"",""
"benchmarks/xblock_wat/betdicegroup_34149018_ce4ec5759eaf.wat","SUPPORTED",83312,83312,0,100.00,"",""
"benchmarks/xblock_wat/betdicegroup_34157176_d265641e44f0.wat","SUPPORTED",83308,83308,0,100.00,"",""
"benchmarks/xblock_wat/betdicegroup_34336305_e608fbb29492.wat","SUPPORTED",84296,84296,0,100.00,"",""
"benchmarks/xblock_wat/betdicegroup_34801199_461221381ea5.wat","SUPPORTED",84876,84876,0,100.00,"",""
"benchmarks/xblock_wat/betdicegroup_35376129_b80e82d60224.wat","SUPPORTED",84773,84773,0,100.00,"",""
"benchmarks/xblock_wat/betdicegroup_35397396_77163e08dabf.wat","SUPPORTED",84773,84773,0,100.00,"",""
"benchmarks/xblock_wat/betdicegroup_35573034_648568dd5b09.wat","SUPPORTED",84756,84756,0,100.00,"",""
"benchmarks/xblock_wat/betdicegroup_35574756_aa981cc8a5a2.wat","SUPPORTED",83609,83609,0,100.00,"",""
"benchmarks/xblock_wat/betdicegroup_35578284_117e1e447db7.wat","SUPPORTED",83811,83811,0,100.00,"",""
"benchmarks/xblock_wat/betdicegroup_35893297_abc672ea9ea6.wat","SUPPORTED",84031,84031,0,100.00,"",""
"benchmarks/xblock_wat/betdicegroup_36207032_52c9ef64d933.wat","SUPPORTED",83811,83811,0,100.00,"",""
"benchmarks/xblock_wat/betdicegroup_36207136_ec4b851614db.wat","SUPPORTED",83811,83811,0,100.00,"",""
"benchmarks/xblock_wat/betdicegroup_36558982_7f60aeda2ed6.wat","SUPPORTED",92543,92543,0,100.00,"",""
"benchmarks/xblock_wat/betdicegroup_36607827_b1be54e45aa8.wat","SUPPORTED",96124,96124,0,100.00,"",""
"benchmarks/xblock_wat/betdicegroup_36616910_1e77ec6f3b67.wat","SUPPORTED",99065,99065,0,100.00,"",""
"benchmarks/xblock_wat/betdicegroup_36624012_970d270f4e36.wat","SUPPORTED",97218,97218,0,100.00,"",""
"benchmarks/xblock_wat/betdicegroup_36624887_c2b6b9d9eed3.wat","SUPPORTED",99111,99111,0,100.00,"",""
"benchmarks/xblock_wat/betdicegroup_37584245_1405f7489675.wat","SUPPORTED",97817,97817,0,100.00,"",""
"benchmarks/xblock_wat/betdicegroup_37856773_a7a5a943e56e.wat","SUPPORTED",96847,96847,0,100.00,"",""
"benchmarks/xblock_wat/betdicegroup_37856923_0ed96e41bc34.wat","SUPPORTED",97043,97043,0,100.00,"",""
"benchmarks/xblock_wat/betdicegroup_37857153_d2b76f22abff.wat","SUPPORTED",97618,97618,0,100.00,"",""
"benchmarks/xblock_wat/betdicegroup_40082898_0924a681c3aa.wat","SUPPORTED",97817,97817,0,100.00,"",""
"benchmarks/xblock_wat/betdicegroup_40611088_ba5739508d38.wat","SUPPORTED",101567,101567,0,100.00,"",""
"benchmarks/xblock_wat/betdicegroup_40611684_a72eaf6dd7ad.wat","SUPPORTED",105103,105103,0,100.00,"",""
"benchmarks/xblock_wat/betdicegroup_47533653_3fe84afd76b7.wat","SUPPORTED",106016,106016,0,100.00,"",""
"benchmarks/xblock_wat/betdicegroup_47534279_0f99ac5bf77c.wat","SUPPORTED",106031,106031,0,100.00,"",""
"benchmarks/xblock_wat/betdicegroup_47535543_ba3d69a5618c.wat","SUPPORTED",106031,106031,0,100.00,"",""
"benchmarks/xblock_wat/betdicegroup_47535884_6fc1afca9c00.wat","SUPPORTED",105501,105501,0,100.00,"",""
"benchmarks/xblock_wat/betdicegroup_47536089_f73654adf76e.wat","SUPPORTED",115065,115065,0,100.00,"",""
"benchmarks/xblock_wat/betdicegroup_47536775_e5ab5fefef28.wat","SUPPORTED",115164,115164,0,100.00,"",""
"benchmarks/xblock_wat/betdicegroup_47537273_5cb1b0fb4b8f.wat","SUPPORTED",112404,112404,0,100.00,"",""
"benchmarks/xblock_wat/betdicegroup_47539421_0d1d9ffcad9b.wat","SUPPORTED",112297,112297,0,100.00,"",""
"benchmarks/xblock_wat/betdicegroup_47547553_01d00441322c.wat","SUPPORTED",112300,112300,0,100.00,"",""
"benchmarks/xblock_wat/betdicegroup_47549355_bc05347025d5.wat","SUPPORTED",112321,112321,0,100.00,"",""
"benchmarks/xblock_wat/betdicegroup_48421134_08fc4e077a0d.wat","SUPPORTED",112346,112346,0,100.00,"",""
"benchmarks/xblock_wat/betdicegroup_50096330_e3e04b61a2ab.wat","SUPPORTED",114610,114610,0,100.00,"",""
"benchmarks/xblock_wat/betdicegroup_50097191_ae7c96abf531.wat","SUPPORTED",114610,114610,0,100.00,"",""
"benchmarks/xblock_wat/betdicegroup_50097454_c8a5d345ff62.wat","SUPPORTED",114615,114615,0,100.00,"",""
"benchmarks/xblock_wat/betdicegroup_50102136_45569606f971.wat","SUPPORTED",114612,114612,0,100.00,"",""
"benchmarks/xblock_wat/betdicegroup_50118250_37babc2acb39.wat","SUPPORTED",114612,114612,0,100.00,"",""
"benchmarks/xblock_wat/betdicegroup_50125630_81f9c66c2d62.wat","SUPPORTED",114543,114543,0,100.00,"",""
"benchmarks/xblock_wat/betdicegroup_50814304_c0111b6d7f85.wat","SUPPORTED",115375,115375,0,100.00,"",""
"benchmarks/xblock_wat/betdicegroup_50815281_bd0ffecbafbd.wat","SUPPORTED",114543,114543,0,100.00,"",""
"benchmarks/xblock_wat/betdicegroup_50815693_aef629a9ae20.wat","SUPPORTED",114543,114543,0,100.00,"",""
"benchmarks/xblock_wat/betdicegroup_50830600_f20de3e8bacd.wat","SUPPORTED",114543,114543,0,100.00,"",""
"benchmarks/xblock_wat/betdicegroup_50832144_ca43f9fc4a22.wat","SUPPORTED",114819,114819,0,100.00,"",""
"benchmarks/xblock_wat/betdicegroup_50866257_4fe2950bd236.wat","SUPPORTED",114543,114543,0,100.00,"",""
"benchmarks/xblock_wat/betdicegroup_51019524_ece3ccb07072.wat","SUPPORTED",114553,114553,0,100.00,"",""
"benchmarks/xblock_wat/betdicegroup_53368060_0295efab0253.wat","SUPPORTED",123772,123772,0,100.00,"",""
"benchmarks/xblock_wat/betdicegroup_53370860_c445e8b6ac41.wat","SUPPORTED",123740,123740,0,100.00,"",""
"benchmarks/xblock_wat/betdicegroup_53385931_85267b151406.wat","SUPPORTED",123719,123719,0,100.00,"",""
"benchmarks/xblock_wat/betdicegroup_53583329_5fb7b9b9d227.wat","SUPPORTED",126034,126034,0,100.00,"",""
"benchmarks/xblock_wat/betdicegroup_53583775_773a0efbf66c.wat","SUPPORTED",123751,123751,0,100.00,"",""
"benchmarks/xblock_wat/betdicegroup_53583921_02b45a451644.wat","SUPPORTED",123751,123751,0,100.00,"",""
"benchmarks/xblock_wat/betdicegroup_54276118_4b9e93b2e91d.wat","SUPPORTED",128402,128402,0,100.00,"",""
"benchmarks/xblock_wat/betdicegroup_54277055_9ee0b1ecfbe2.wat","SUPPORTED",128413,128413,0,100.00,"",""
"benchmarks/xblock_wat/betdicegroup_59339951_94dab7fe0a68.wat","SUPPORTED",128354,128354,0,100.00,"",""
"benchmarks/xblock_wat/betdicegroup_59341048_05383d0d8e0d.wat","SUPPORTED",128363,128363,0,100.00,"",""
"benchmarks/xblock_wat/betdicegroup_59342399_9121f27d46f5.wat","SUPPORTED",128456,128456,0,100.00,"",""
"benchmarks/xblock_wat/betdicegroup_59342582_0cc3e82a3aa7.wat","SUPPORTED",128505,128505,0,100.00,"",""
"benchmarks/xblock_wat/betdicegroup_59860848_f33cbdc095d3.wat","SUPPORTED",132315,132315,0,100.00,"",""
"benchmarks/xblock_wat/betdicegroup_59864280_ca3eefb416ba.wat","SUPPORTED",132033,132033,0,100.00,"",""
"benchmarks/xblock_wat/betdicegroup_59864487_2950aa498bb7.wat","SUPPORTED",131258,131258,0,100.00,"",""
"benchmarks/xblock_wat/betdicegroup_60048972_d4bbf3d7d207.wat","SUPPORTED",131255,131255,0,100.00,"",""
"benchmarks/xblock_wat/betdicegroup_60445360_130a76242dca.wat","SUPPORTED",132030,132030,0,100.00,"",""
"benchmarks/xblock_wat/betdicegroup_60545620_c73c77dacd1f.wat","SUPPORTED",133437,133437,0,100.00,"",""
"benchmarks/xblock_wat/betdicegroup_60656029_ec10c0bf6ff7.wat","SUPPORTED",133474,133474,0,100.00,"",""
"benchmarks/xblock_wat/betdicegroup_60659710_4fbed0f20f24.wat","SUPPORTED",133011,133011,0,100.00,"",""
"benchmarks/xblock_wat/betdicegroup_60660431_8f1352a7eda8.wat","SUPPORTED",133008,133008,0,100.00,"",""
"benchmarks/xblock_wat/betdicegroup_60660947_38f66e1911e0.wat","SUPPORTED",133008,133008,0,100.00,"",""
"benchmarks/xblock_wat/betdicegroup_60844060_c4b59a0bd18b.wat","SUPPORTED",132992,132992,0,100.00,"",""
"benchmarks/xblock_wat/betdicegroup_60994476_a24782f78121.wat","SUPPORTED",133029,133029,0,100.00,"",""
"benchmarks/xblock_wat/betdicegroup_61512981_1e94f80f6021.wat","SUPPORTED",133027,133027,0,100.00,"",""
"benchmarks/xblock_wat/betdicegroup_63252127_7cfe4a9a72bb.wat","SUPPORTED",133029,133029,0,100.00,"",""
"benchmarks/xblock_wat/betdicegroup_64314618_968fc4b0664e.wat","SUPPORTED",134050,134050,0,100.00,"",""
"benchmarks/xblock_wat/betdicegroup_64316139_93cd309a5426.wat","SUPPORTED",134593,134593,0,100.00,"",""
"benchmarks/xblock_wat/betdicegroup_64319132_b0f7c4e10490.wat","SUPPORTED",133751,133751,0,100.00,"",""
"benchmarks/xblock_wat/betdicegroup_64319974_f8d7673c5591.wat","SUPPORTED",133738,133738,0,100.00,"",""
"benchmarks/xblock_wat/betdicegroup_64320143_f79b9e235da0.wat","SUPPORTED",133699,133699,0,100.00,"",""
"benchmarks/xblock_wat/betdicegroup_64320371_661a5d666989.wat","SUPPORTED",133779,133779,0,100.00,"",""
"benchmarks/xblock_wat/betdicegroup_64320579_d0813fb93f6b.wat","SUPPORTED",134159,134159,0,100.00,"",""
"benchmarks/xblock_wat/betdicegroup_64323248_1921d444288c.wat","SUPPORTED",134162,134162,0,100.00,"",""
"benchmarks/xblock_wat/betdicegroup_64629441_9a995bae403f.wat","SUPPORTED",134659,134659,0,100.00,"",""
"benchmarks/xblock_wat/betdicegroup_65146980_2e379ca6ff57.wat","SUPPORTED",134775,134775,0,100.00,"",""
"benchmarks/xblock_wat/betdicegroup_66996889_1e72c1545998.wat","SUPPORTED",134605,134605,0,100.00,"",""
"benchmarks/xblock_wat/betdicegroup_66997453_ddb730d20340.wat","SUPPORTED",135291,135291,0,100.00,"",""
"benchmarks/xblock_wat/betdicegroup_66999333_7961f41da450.wat","SUPPORTED",135280,135280,0,100.00,"",""
"benchmarks/xblock_wat/betdicegroup_66999619_205e42c9274d.wat","SUPPORTED",134605,134605,0,100.00,"",""
"benchmarks/xblock_wat/betdicegroup_67000020_be990be453b6.wat","SUPPORTED",135834,135834,0,100.00,"",""
"benchmarks/xblock_wat/betdicegroup_67000239_74b44e7692a4.wat","SUPPORTED",135533,135533,0,100.00,"",""
"benchmarks/xblock_wat/betdicegroup_67000489_b9e4a1ccb616.wat","SUPPORTED",135154,135154,0,100.00,"",""
"benchmarks/xblock_wat/betdicegroup_67005146_7ca04ad07535.wat","SUPPORTED",135153,135153,0,100.00,"",""
"benchmarks/xblock_wat/betdicegroup_67048162_90fe5da32b2b.wat","SUPPORTED",135153,135153,0,100.00,"",""
"benchmarks/xblock_wat/betdicegroup_67572647_6db78aed598d.wat","SUPPORTED",136189,136189,0,100.00,"",""
"benchmarks/xblock_wat/betdicegroup_67924433_465884b7945e.wat","SUPPORTED",136407,136407,0,100.00,"",""
"benchmarks/xblock_wat/betdicegroup_68939177_33d49ffe19a2.wat","SUPPORTED",136274,136274,0,100.00,"",""
"benchmarks/xblock_wat/betdicegroup_70293439_ca3f790a9a9b.wat","SUPPORTED",136126,136126,0,100.00,"",""
"benchmarks/xblock_wat/betdicegroup_70323170_6cc909833deb.wat","SUPPORTED",136272,136272,0,100.00,"",""
"benchmarks/xblock_wat/betdicegroup_70501186_f1257d20a8ce.wat","SUPPORTED",136452,136452,0,100.00,"",""
"benchmarks/xblock_wat/betdicegroup_72938276_77f38caa22e7.wat","SUPPORTED",138009,138009,0,100.00,"",""
"benchmarks/xblock_wat/betdicegroup_72966158_9c54ddc01fc9.wat","SUPPORTED",138009,138009,0,100.00,"",""
"benchmarks/xblock_wat/betdicegroup_72966337_730e7f7a6f04.wat","SUPPORTED",138009,138009,0,100.00,"",""
"benchmarks/xblock_wat/betdicegroup_73125953_b44a366ae634.wat","SUPPORTED",137655,137655,0,100.00,"",""
"benchmarks/xblock_wat/betdicegroup_73486892_ae1566851bd8.wat","SUPPORTED",136896,136896,0,100.00,"",""
"benchmarks/xblock_wat/betdicegroup_73497118_abe5fd78f7a2.wat","SUPPORTED",136856,136856,0,100.00,"",""
"benchmarks/xblock_wat/betdicegroup_73621297_989bddd10eb8.wat","SUPPORTED",136896,136896,0,100.00,"",""
"benchmarks/xblock_wat/betdicegroup_73961923_bc02202fddbf.wat","SUPPORTED",136804,136804,0,100.00,"",""
"benchmarks/xblock_wat/betdicegroup_75494796_9eb750ad60b1.wat","SUPPORTED",140794,140794,0,100.00,"",""
"benchmarks/xblock_wat/betdicegroup_75522539_cdc553c5607a.wat","SUPPORTED",140852,140852,0,100.00,"",""
"benchmarks/xblock_wat/betdicegroup_76719991_586d2839b692.wat","SUPPORTED",142795,142795,0,100.00,"",""
"benchmarks/xblock_wat/betdicegroup_78624127_6765a0579c3d.wat","SUPPORTED",141946,141946,0,100.00,"",""
"benchmarks/xblock_wat/betdicegroup_78813994_a3feb7a397cd.wat","SUPPORTED",142497,142497,0,100.00,"",""
"benchmarks/xblock_wat/betdicegroup_80284413_1fdec079a969.wat","SUPPORTED",142625,142625,0,100.00,"",""
"benchmarks/xblock_wat/betdicegroup_80338514_5693840c18e7.wat","SUPPORTED",142202,142202,0,100.00,"",""
"benchmarks/xblock_wat/betdicegroup_81019019_42900964634b.wat","SUPPORTED",147646,147646,0,100.00,"",""
"benchmarks/xblock_wat/betdicegroup_81355640_5abea9254b1d.wat","SUPPORTED",142832,142832,0,100.00,"",""
"benchmarks/xblock_wat/betdicegroup_83790217_9cb992e0c8dc.wat","SUPPORTED",142064,142064,0,100.00,"",""
"benchmarks/xblock_wat/betdicegroup_83790537_21fe0432e7f3.wat","SUPPORTED",142904,142904,0,100.00,"",""
"benchmarks/xblock_wat/betdicegroup_86374963_bd77165d9377.wat","SUPPORTED",142904,142904,0,100.00,"",""
"benchmarks/xblock_wat/betdicegroup_86379009_f15876b29703.wat","SUPPORTED",142709,142709,0,100.00,"",""
"benchmarks/xblock_wat/betdicegroup_86381614_7a0d63135337.wat","SUPPORTED",142129,142129,0,100.00,"",""
"benchmarks/xblock_wat/betdicegroup_86434860_6d29455fafe1.wat","SUPPORTED",142621,142621,0,100.00,"",""
"benchmarks/xblock_wat/betdicegroup_86435607_585ef2b6ed37.wat","SUPPORTED",142693,142693,0,100.00,"",""
"benchmarks/xblock_wat/betdicegroup_87195957_13fa21e7a33d.wat","SUPPORTED",142694,142694,0,100.00,"",""
"benchmarks/xblock_wat/betdicegroup_87200175_a7f9e193b30d.wat","SUPPORTED",143768,143768,0,100.00,"",""
"benchmarks/xblock_wat/betdicegroup_87385576_a598cd2257a7.wat","SUPPORTED",143274,143274,0,100.00,"",""
"benchmarks/xblock_wat/betdicegroup_87419208_2824ca97361f.wat","SUPPORTED",144479,144479,0,100.00,"",""
"benchmarks/xblock_wat/betdicegroup_87419602_caafe7cd9a80.wat","SUPPORTED",144876,144876,0,100.00,"",""
"benchmarks/xblock_wat/betdicegroup_88074832_44ed2af441c4.wat","SUPPORTED",138197,138197,0,100.00,"",""
"benchmarks/xblock_wat/betdicegroup_88096345_fb992da58de8.wat","SUPPORTED",136478,136478,0,100.00,"",""
"benchmarks/xblock_wat/betdicegroup_88097043_24ab1fdcb203.wat","SUPPORTED",136796,136796,0,100.00,"",""
"benchmarks/xblock_wat/betdicegroup_88097831_9598587181ee.wat","SUPPORTED",136790,136790,0,100.00,"",""
"benchmarks/xblock_wat/betdicegroup_88100025_44b608a0138e.wat","SUPPORTED",136241,136241,0,100.00,"",""
"benchmarks/xblock_wat/betdicegroup_88103974_c07d075aab9c.wat","SUPPORTED",136141,136141,0,100.00,"",""
"benchmarks/xblock_wat/betdicegroup_88170789_48b2b14fc32c.wat","SUPPORTED",136141,136141,0,100.00,"",""
"benchmarks/xblock_wat/betdicegroup_88436837_3a883de9eb88.wat","SUPPORTED",135826,135826,0,100.00,"",""
"benchmarks/xblock_wat/betdicegroup_88626395_3f8afa885d6f.wat","SUPPORTED",138859,138859,0,100.00,"",""
"benchmarks/xblock_wat/betdicegroup_88626909_4b9aabf85689.wat","SUPPORTED",137597,137597,0,100.00,"",""
"benchmarks/xblock_wat/betdicegroup_88627550_261f2b8f9a96.wat","SUPPORTED",137879,137879,0,100.00,"",""
"benchmarks/xblock_wat/betdicegroup_88627715_40e24e728620.wat","SUPPORTED",137881,137881,0,100.00,"",""
"benchmarks/xblock_wat/betdicegroup_88627877_3b46fe220739.wat","SUPPORTED",137631,137631,0,100.00,"",""
"benchmarks/xblock_wat/betdicegroup_88628019_62b2ed78a5a5.wat","SUPPORTED",138861,138861,0,100.00,"",""
"benchmarks/xblock_wat/betdicegroup_88631192_3f42a12b3db3.wat","SUPPORTED",138861,138861,0,100.00,"",""
"benchmarks/xblock_wat/betdicegroup_88631766_8481bdd8d9e6.wat","SUPPORTED",138861,138861,0,100.00,"",""
"benchmarks/xblock_wat/betdicegroup_88632072_fa2320b33f2e.wat","SUPPORTED",138861,138861,0,100.00,"",""
"benchmarks/xblock_wat/betdicegroup_88633896_1622c6ceb05e.wat","SUPPORTED",138861,138861,0,100.00,"",""
"benchmarks/xblock_wat/betdicegroup_89178211_84f1d9d5e8ad.wat","SUPPORTED",135829,135829,0,100.00,"",""
"benchmarks/xblock_wat/betdicegroup_89817836_dcc23829ee5d.wat","SUPPORTED",135832,135832,0,100.00,"",""
"benchmarks/xblock_wat/betdicegroup_89836755_16e14285696c.wat","SUPPORTED",111959,111959,0,100.00,"",""
"benchmarks/xblock_wat/betdicelotto_22843888_8efb18067736.wat","SUPPORTED",36717,36717,0,100.00,"",""
"benchmarks/xblock_wat/betdicelotto_22981807_67cf5e3320a9.wat","SUPPORTED",36925,36925,0,100.00,"",""
"benchmarks/xblock_wat/betdicelotto_23220088_7a33955c0a05.wat","SUPPORTED",37311,37311,0,100.00,"",""
"benchmarks/xblock_wat/betdicelotto_23229304_2ad2aaa9abd0.wat","SUPPORTED",37343,37343,0,100.00,"",""
"benchmarks/xblock_wat/betdicelotto_23343404_6742a0455f54.wat","SUPPORTED",39186,39186,0,100.00,"",""
"benchmarks/xblock_wat/betdicelotto_23344721_0939ecc6e7df.wat","SUPPORTED",39186,39186,0,100.00,"",""
"benchmarks/xblock_wat/betdicelotto_23345233_631eb82f9717.wat","SUPPORTED",39186,39186,0,100.00,"",""
"benchmarks/xblock_wat/betdicelotto_23349901_3eab1fc4df79.wat","SUPPORTED",39154,39154,0,100.00,"",""
"benchmarks/xblock_wat/betdicelotto_23353413_fdeb366c6ecd.wat","SUPPORTED",44110,44110,0,100.00,"",""
"benchmarks/xblock_wat/betdicelotto_23357545_c00f20bac8ff.wat","SUPPORTED",39431,39431,0,100.00,"",""
"benchmarks/xblock_wat/betdicelotto_23382486_eef369d9972c.wat","SUPPORTED",39431,39431,0,100.00,"",""
"benchmarks/xblock_wat/betdicelotto_23518329_f4d8ac6b403f.wat","SUPPORTED",42455,42455,0,100.00,"",""
"benchmarks/xblock_wat/betdicelotto_23698214_93ecd896004f.wat","SUPPORTED",39431,39431,0,100.00,"",""
"benchmarks/xblock_wat/betdicelotto_26631267_82b3e53a9710.wat","SUPPORTED",39076,39076,0,100.00,"",""
"benchmarks/xblock_wat/betdicelotto_26915424_ea8623499d7b.wat","SUPPORTED",39076,39076,0,100.00,"",""
"benchmarks/xblock_wat/betdicelotto_27993500_9ce39f301674.wat","SUPPORTED",40710,40710,0,100.00,"",""
"benchmarks/xblock_wat/betdicelotto_28152438_ba5dfef70648.wat","SUPPORTED",43357,43357,0,100.00,"",""
"benchmarks/xblock_wat/betdicelotto_31592955_6af34b7edc4c.wat","SUPPORTED",43532,43532,0,100.00,"",""
"benchmarks/xblock_wat/betdicelotto_38967578_fb92562861a2.wat","SUPPORTED",43362,43362,0,100.00,"",""
"benchmarks/xblock_wat/betdicelotto_38969952_d4c28ed8c3a7.wat","SUPPORTED",43357,43357,0,100.00,"",""
"benchmarks/xblock_wat/betdicelotto_64603585_486bca962477.wat","SUPPORTED",45819,45819,0,100.00,"",""
"benchmarks/xblock_wat/betdicelucky_18833290_ca33abad755c.wat","SUPPORTED",20711,20711,0,100.00,"",""
"benchmarks/xblock_wat/betdicelucky_18855460_e5d49f5a96d5.wat","SUPPORTED",21608,21608,0,100.00,"",""
"benchmarks/xblock_wat/betdicelucky_19049116_e35224926b63.wat","SUPPORTED",21614,21614,0,100.00,"",""
"benchmarks/xblock_wat/betdicelucky_19256027_2e869ac2408a.wat","SUPPORTED",21614,21614,0,100.00,"",""
"benchmarks/xblock_wat/betdicelucky_19345239_ca79a28b346b.wat","SUPPORTED",22452,22452,0,100.00,"",""
"benchmarks/xblock_wat/betdicelucky_19513670_fac32f050d2a.wat","SUPPORTED",22574,22574,0,100.00,"",""
"benchmarks/xblock_wat/betdicelucky_19516498_1d0753c0e7da.wat","SUPPORTED",22547,22547,0,100.00,"",""
"benchmarks/xblock_wat/betdicelucky_19537116_012bf0716977.wat","SUPPORTED",22455,22455,0,100.00,"",""
"benchmarks/xblock_wat/betdicelucky_19858107_ac65c19604c8.wat","SUPPORTED",22551,22551,0,100.00,"",""
"benchmarks/xblock_wat/betdicelucky_20142642_13c082b22b25.wat","SUPPORTED",22553,22553,0,100.00,"",""
"benchmarks/xblock_wat/betdicelucky_20750973_db6fd5351390.wat","SUPPORTED",24923,24923,0,100.00,"",""
"benchmarks/xblock_wat/betdicelucky_20782275_6a3b7bab19c5.wat","SUPPORTED",24845,24845,0,100.00,"",""
"benchmarks/xblock_wat/betdicelucky_24886941_991157fd7045.wat","SUPPORTED",25175,25175,0,100.00,"",""
"benchmarks/xblock_wat/betdicelucky_34763520_c7953100adab.wat","SUPPORTED",25066,25066,0,100.00,"",""
"benchmarks/xblock_wat/betdicelucky_35375869_b9ef35b6997e.wat","SUPPORTED",25061,25061,0,100.00,"",""
"benchmarks/xblock_wat/betdicesales_18881183_f96f2eaed965.wat","SUPPORTED",4437,4437,0,100.00,"",""
"benchmarks/xblock_wat/betdicesales_19259253_87513c32df2f.wat","SUPPORTED",26237,26237,0,100.00,"",""
"benchmarks/xblock_wat/betdicesales_19433785_0e60909c636f.wat","SUPPORTED",26243,26243,0,100.00,"",""
"benchmarks/xblock_wat/betdicesales_19875937_1041146d00e2.wat","SUPPORTED",6443,6443,0,100.00,"",""
"benchmarks/xblock_wat/betdicesales_20061740_6e2497beb08b.wat","SUPPORTED",6442,6442,0,100.00,"",""
"benchmarks/xblock_wat/betdicesicbo_29528654_8be7549a6fe6.wat","SUPPORTED",48361,48361,0,100.00,"",""
"benchmarks/xblock_wat/betdicesicbo_29585859_32a29676e785.wat","SUPPORTED",47387,47387,0,100.00,"",""
"benchmarks/xblock_wat/betdicesicbo_29621188_945bcc4da874.wat","SUPPORTED",47389,47389,0,100.00,"",""
"benchmarks/xblock_wat/betdicesicbo_30182220_606fcdf15059.wat","SUPPORTED",48363,48363,0,100.00,"",""
"benchmarks/xblock_wat/betdicesicbo_30346667_1c265f43a051.wat","SUPPORTED",48363,48363,0,100.00,"",""
"benchmarks/xblock_wat/betdicesicbo_31593009_0c229a29b6d2.wat","SUPPORTED",48541,48541,0,100.00,"",""
"benchmarks/xblock_wat/betdicesicbo_40606025_767247375a4c.wat","SUPPORTED",48363,48363,0,100.00,"",""
"benchmarks/xblock_wat/betdicesicbo_46217833_3a90bd4c7c38.wat","SUPPORTED",48363,48363,0,100.00,"",""
"benchmarks/xblock_wat/betdicesicbo_47539850_e0b7afb58781.wat","SUPPORTED",48363,48363,0,100.00,"",""
"benchmarks/xblock_wat/betdicesicbo_47541891_c7f22290ddb4.wat","SUPPORTED",48363,48363,0,100.00,"",""
"benchmarks/xblock_wat/betdicesicbo_47549625_a92a910f7e70.wat","SUPPORTED",48363,48363,0,100.00,"",""
"benchmarks/xblock_wat/betdicesicbo_50102784_3fc2c4d178d5.wat","SUPPORTED",48363,48363,0,100.00,"",""
"benchmarks/xblock_wat/betdicesicbo_53373768_add84e643aa2.wat","SUPPORTED",48363,48363,0,100.00,"",""
"benchmarks/xblock_wat/betdicesicbo_53886840_b23afec9b23c.wat","SUPPORTED",48363,48363,0,100.00,"",""
"benchmarks/xblock_wat/betdicesicbo_58238610_de303f1fb8f4.wat","SUPPORTED",48363,48363,0,100.00,"",""
"benchmarks/xblock_wat/betdicesicbo_60655859_d12f34d72b82.wat","SUPPORTED",56731,56731,0,100.00,"",""
"benchmarks/xblock_wat/betdicesicbo_63914334_9d681265ab07.wat","SUPPORTED",56731,56731,0,100.00,"",""
"benchmarks/xblock_wat/betdicesicbo_64321001_0fbb452647d0.wat","SUPPORTED",56733,56733,0,100.00,"",""
"benchmarks/xblock_wat/betdicesicbo_64327824_36036d55dc31.wat","SUPPORTED",56731,56731,0,100.00,"",""
"benchmarks/xblock_wat/betdicesicbo_65989068_aab479d0c3ce.wat","SUPPORTED",56731,56731,0,100.00,"",""
"benchmarks/xblock_wat/betdicesicbo_65989869_e442e1127243.wat","SUPPORTED",56731,56731,0,100.00,"",""
"benchmarks/xblock_wat/betdicesicbo_67000842_7208372d9c2e.wat","SUPPORTED",56731,56731,0,100.00,"",""
"benchmarks/xblock_wat/betdicesicbo_68052982_7439ecd7d97c.wat","SUPPORTED",56731,56731,0,100.00,"",""
"benchmarks/xblock_wat/betdicesicbo_69806391_2ff7ab1bb9a9.wat","SUPPORTED",56731,56731,0,100.00,"",""
"benchmarks/xblock_wat/betdicesicbo_71153135_ef7ae73a6842.wat","SUPPORTED",56731,56731,0,100.00,"",""
"benchmarks/xblock_wat/betdicesicbo_72219696_7bce33d53e3b.wat","SUPPORTED",56731,56731,0,100.00,"",""
"benchmarks/xblock_wat/betdicesicbo_74935793_7a8997539421.wat","SUPPORTED",56731,56731,0,100.00,"",""
"benchmarks/xblock_wat/betdicesicbo_74965153_737d10e67776.wat","SUPPORTED",56731,56731,0,100.00,"",""
"benchmarks/xblock_wat/betdicesicbo_74990742_26598440a93b.wat","SUPPORTED",56731,56731,0,100.00,"",""
"benchmarks/xblock_wat/betdicesicbo_80034895_552708f21b6e.wat","SUPPORTED",54844,54844,0,100.00,"",""
"benchmarks/xblock_wat/betdicesicbo_80035845_074cc5fef489.wat","SUPPORTED",54842,54842,0,100.00,"",""
"benchmarks/xblock_wat/betdicesicbo_83738196_1516d9a71155.wat","SUPPORTED",55083,55083,0,100.00,"",""
"benchmarks/xblock_wat/betdicesicbo_83738638_65557dd94648.wat","SUPPORTED",55085,55085,0,100.00,"",""
"benchmarks/xblock_wat/betdicesicbo_83741500_fb044a8b6879.wat","SUPPORTED",55081,55081,0,100.00,"",""
"benchmarks/xblock_wat/betdicesicbo_83741692_ccc15a24cf0f.wat","SUPPORTED",55083,55083,0,100.00,"",""
"benchmarks/xblock_wat/betdicesicbo_83742594_815ef305d01c.wat","SUPPORTED",55083,55083,0,100.00,"",""
"benchmarks/xblock_wat/betdicestake_21034832_1267c33f10d3.wat","SUPPORTED",11350,11350,0,100.00,"",""
"benchmarks/xblock_wat/betdicestake_22265239_7cf30209135f.wat","SUPPORTED",11664,11664,0,100.00,"",""
"benchmarks/xblock_wat/betdicestake_31890928_3e4e5baf6acb.wat","SUPPORTED",11878,11878,0,100.00,"",""
"benchmarks/xblock_wat/betdicestake_74992272_2dad55dfa39e.wat","SUPPORTED",12571,12571,0,100.00,"",""
"benchmarks/xblock_wat/betdicetasks_33996724_5d168f233ac7.wat","SUPPORTED",34218,34218,0,100.00,"",""
"benchmarks/xblock_wat/betdicetasks_34182483_2bd219650471.wat","SUPPORTED",34778,34778,0,100.00,"",""
"benchmarks/xblock_wat/betdicetasks_36784578_cd0614eef482.wat","SUPPORTED",34781,34781,0,100.00,"",""
"benchmarks/xblock_wat/betdicetasks_60494119_a329a3e0cf13.wat","SUPPORTED",35606,35606,0,100.00,"",""
"benchmarks/xblock_wat/betdicetasks_60505444_01ce8dd7427e.wat","SUPPORTED",37456,37456,0,100.00,"",""
"benchmarks/xblock_wat/betdicetasks_60658145_6a896c222b90.wat","SUPPORTED",37461,37461,0,100.00,"",""
"benchmarks/xblock_wat/betdicetasks_73485189_7d70bdbe68fe.wat","SUPPORTED",39168,39168,0,100.00,"",""
"benchmarks/xblock_wat/betdicetasks_73489194_ccd3464354c7.wat","SUPPORTED",37313,37313,0,100.00,"",""
"benchmarks/xblock_wat/betdicetasks_76720851_46dc202408c3.wat","SUPPORTED",44847,44847,0,100.00,"",""
"benchmarks/xblock_wat/betdicetasks_77115732_1e67d47647d1.wat","SUPPORTED",44656,44656,0,100.00,"",""
"benchmarks/xblock_wat/betdicetasks_80005259_5e4d9aad17ad.wat","SUPPORTED",46688,46688,0,100.00,"",""
"benchmarks/xblock_wat/betdicetasks_86445245_fd0de7a71a60.wat","SUPPORTED",47272,47272,0,100.00,"",""
"benchmarks/xblock_wat/betdicetasks_86445630_fe716ea5d3af.wat","SUPPORTED",47280,47280,0,100.00,"",""
"benchmarks/xblock_wat/betdicetasks_87836608_80b767ea83d3.wat","SUPPORTED",47281,47281,0,100.00,"",""
"benchmarks/xblock_wat/betdicetasks_89832620_eb215394a9bd.wat","SUPPORTED",52643,52643,0,100.00,"",""
"benchmarks/xblock_wat/betdicetoken_17435908_156b5ef7f3e7.wat","SUPPORTED",8524,8524,0,100.00,"",""
"benchmarks/xblock_wat/betdicetoken_21035571_ec768104ea33.wat","SUPPORTED",9919,9919,0,100.00,"",""
"benchmarks/xblock_wat/betdicetoken_29973332_1c3880d3fb7d.wat","SUPPORTED",11572,11572,0,100.00,"",""
"benchmarks/xblock_wat/betdicetoken_39971010_df1a51dc6127.wat","SUPPORTED",12009,12009,0,100.00,"",""
"benchmarks/xblock_wat/betdicetoken_57999214_05ba58c74fa3.wat","SUPPORTED",12064,12064,0,100.00,"",""
"benchmarks/xblock_wat/betdicetoken_74991917_646f3d1b19ee.wat","SUPPORTED",12119,12119,0,100.00,"",""
"benchmarks/xblock_wat/betdicetoken_75327067_44c3e30390dd.wat","SUPPORTED",12305,12305,0,100.00,"",""
"benchmarks/xblock_wat/betdiceusers_19382169_aec8b6fdb739.wat","SUPPORTED",8164,8164,0,100.00,"",""
"benchmarks/xblock_wat/betdiceusers_19840350_c0aa060122fa.wat","SUPPORTED",8315,8315,0,100.00,"",""
"benchmarks/xblock_wat/betdirecteos_80840307_67d315e0dfdf.wat","SUPPORTED",25785,25785,0,100.00,"",""
"benchmarks/xblock_wat/betdirecteos_80868274_6d800189fe11.wat","SUPPORTED",25785,25785,0,100.00,"",""
"benchmarks/xblock_wat/betdirecteos_85716881_ff12c86bafcd.wat","SUPPORTED",26083,26083,0,100.00,"",""
"benchmarks/xblock_wat/betdirecteos_87287254_eecaca678b6e.wat","SUPPORTED",26084,26084,0,100.00,"",""
"benchmarks/xblock_wat/betdirecteos_87457571_0fd7f924cd78.wat","SUPPORTED",26101,26101,0,100.00,"",""
"benchmarks/xblock_wat/betdividends_12337149_a9f98f105ac2.wat","SUPPORTED",7291,7291,0,100.00,"",""
"benchmarks/xblock_wat/betdividends_13134521_7824b9ac4280.wat","SUPPORTED",7455,7455,0,100.00,"",""
"benchmarks/xblock_wat/betdividends_13441024_80d3db9059e9.wat","SUPPORTED",7455,7455,0,100.00,"",""
"benchmarks/xblock_wat/betdividends_13888196_d307cfe56693.wat","SUPPORTED",7619,7619,0,100.00,"",""
"benchmarks/xblock_wat/betdividends_15143294_dca8a0b438d9.wat","SUPPORTED",7783,7783,0,100.00,"",""
"benchmarks/xblock_wat/betdividends_15143760_e5b862afc83e.wat","SUPPORTED",7945,7945,0,100.00,"",""
"benchmarks/xblock_wat/betdividends_15148689_d8b731bb9d7e.wat","SUPPORTED",7782,7782,0,100.00,"",""
"benchmarks/xblock_wat/betdividends_15151850_2aa894b03a6f.wat","SUPPORTED",7701,7701,0,100.00,"",""
"benchmarks/xblock_wat/betdividends_21629505_e8af76eff212.wat","SUPPORTED",14111,14111,0,100.00,"",""
"benchmarks/xblock_wat/betdividends_21817096_bc51cd43a5ce.wat","SUPPORTED",14309,14309,0,100.00,"",""
"benchmarks/xblock_wat/betdividends_21817658_463226611555.wat","SUPPORTED",14125,14125,0,100.00,"",""
"benchmarks/xblock_wat/betdividends_22281385_3699842a08da.wat","SUPPORTED",14289,14289,0,100.00,"",""
"benchmarks/xblock_wat/betdividends_25947056_360d1dabd370.wat","SUPPORTED",14453,14453,0,100.00,"",""
"benchmarks/xblock_wat/betdividends_30365279_7509df9718e3.wat","SUPPORTED",14548,14548,0,100.00,"",""
"benchmarks/xblock_wat/betdividends_30410819_71bb2827ddaf.wat","SUPPORTED",14624,14624,0,100.00,"",""
"benchmarks/xblock_wat/betdividends_34333002_c35f89f3c38e.wat","SUPPORTED",14706,14706,0,100.00,"",""
"benchmarks/xblock_wat/betdividends_34700889_064b65b07724.wat","SUPPORTED",14788,14788,0,100.00,"",""
"benchmarks/xblock_wat/betdividends_35564543_c831b9f3de97.wat","SUPPORTED",31592,31592,0,100.00,"",""
"benchmarks/xblock_wat/betdividends_40565116_3c72b3428cb3.wat","SUPPORTED",31674,31674,0,100.00,"",""
"benchmarks/xblock_wat/betdividends_42605087_6c8faf94c66b.wat","SUPPORTED",34821,34821,0,100.00,"",""
"benchmarks/xblock_wat/betdividends_44397060_001ad0f216a8.wat","SUPPORTED",34818,34818,0,100.00,"",""
"benchmarks/xblock_wat/betdividends_49895211_18724dbf4a58.wat","SUPPORTED",34903,34903,0,100.00,"",""
"benchmarks/xblock_wat/betdividends_53312594_c84faaf4ed01.wat","SUPPORTED",34928,34928,0,100.00,"",""
"benchmarks/xblock_wat/betdividends_62122147_b524ae0b55c0.wat","SUPPORTED",34751,34751,0,100.00,"",""
"benchmarks/xblock_wat/betdividends_63484583_1bb15098b155.wat","SUPPORTED",37280,37280,0,100.00,"",""
"benchmarks/xblock_wat/betdividends_63502242_1d310a5dc6f3.wat","SUPPORTED",37876,37876,0,100.00,"",""
"benchmarks/xblock_wat/betdividends_63525965_ff9583df92fa.wat","SUPPORTED",37876,37876,0,100.00,"",""
"benchmarks/xblock_wat/betdividends_63529152_8ed696f3f3cb.wat","SUPPORTED",37840,37840,0,100.00,"",""
"benchmarks/xblock_wat/betdividends_63533111_0f31036dc654.wat","SUPPORTED",37840,37840,0,100.00,"",""
"benchmarks/xblock_wat/betdividends_64020096_01d3bd8938ba.wat","SUPPORTED",38569,38569,0,100.00,"",""
"benchmarks/xblock_wat/betdividends_64021260_3f0f4ccecca2.wat","SUPPORTED",38573,38573,0,100.00,"",""
"benchmarks/xblock_wat/betdividends_64021518_8e5f9e826abc.wat","SUPPORTED",38584,38584,0,100.00,"",""
"benchmarks/xblock_wat/betdividends_64021735_aaee9825f258.wat","SUPPORTED",38571,38571,0,100.00,"",""
"benchmarks/xblock_wat/betdividends_64022283_87e8fe9a1d6c.wat","SUPPORTED",38665,38665,0,100.00,"",""
"benchmarks/xblock_wat/betdividends_64022666_ab5298b235e5.wat","SUPPORTED",38665,38665,0,100.00,"",""
"benchmarks/xblock_wat/betdividends_64022761_ec185a09bc93.wat","SUPPORTED",38652,38652,0,100.00,"",""
"benchmarks/xblock_wat/betdividends_64023527_b13c41d7c1e4.wat","SUPPORTED",38669,38669,0,100.00,"",""
"benchmarks/xblock_wat/betdividends_64023729_98af57dec90b.wat","SUPPORTED",38588,38588,0,100.00,"",""
"benchmarks/xblock_wat/betdividends_64024311_eb49b690ad9a.wat","SUPPORTED",38601,38601,0,100.00,"",""
"benchmarks/xblock_wat/betdividends_64024633_a5e305953ca0.wat","SUPPORTED",38610,38610,0,100.00,"",""
"benchmarks/xblock_wat/betdividends_64122523_0a64aa8f9af4.wat","SUPPORTED",36293,36293,0,100.00,"",""
"benchmarks/xblock_wat/betdividends_64628780_54c8c7f30e63.wat","SUPPORTED",36379,36379,0,100.00,"",""
"benchmarks/xblock_wat/betdividends_64629028_d28f1c729a6c.wat","SUPPORTED",36460,36460,0,100.00,"",""
"benchmarks/xblock_wat/betdividends_64630526_0fbc70e99e78.wat","SUPPORTED",36385,36385,0,100.00,"",""
"benchmarks/xblock_wat/betdividends_64630756_9928f232001a.wat","SUPPORTED",36461,36461,0,100.00,"",""
"benchmarks/xblock_wat/betdividends_64631264_df0f1303adcf.wat","SUPPORTED",38077,38077,0,100.00,"",""
"benchmarks/xblock_wat/betdividends_64632172_2c7aad4ce675.wat","SUPPORTED",38004,38004,0,100.00,"",""
"benchmarks/xblock_wat/betdividends_64632744_d671f1ef948d.wat","SUPPORTED",36408,36408,0,100.00,"",""
"benchmarks/xblock_wat/betdividends_66935579_baccaed218fa.wat","SUPPORTED",36306,36306,0,100.00,"",""
"benchmarks/xblock_wat/betdividends_67397651_e78b3daec2a6.wat","SUPPORTED",36777,36777,0,100.00,"",""
"benchmarks/xblock_wat/betdividends_67411091_e278e9d825dd.wat","SUPPORTED",36941,36941,0,100.00,"",""
"benchmarks/xblock_wat/betdividends_70411911_c7e9f8857a3a.wat","SUPPORTED",37269,37269,0,100.00,"",""
"benchmarks/xblock_wat/betdividends_71241000_a830cf9f6216.wat","SUPPORTED",37350,37350,0,100.00,"",""
"benchmarks/xblock_wat/betdividends_74898415_11bd35e75674.wat","SUPPORTED",36120,36120,0,100.00,"",""
"benchmarks/xblock_wat/betdividends_75019685_260c19ecd4eb.wat","SUPPORTED",37762,37762,0,100.00,"",""
"benchmarks/xblock_wat/betdividends_76424656_900dfbfc8cac.wat","SUPPORTED",36360,36360,0,100.00,"",""
"benchmarks/xblock_wat/betdividends_76573419_08f2112c914c.wat","SUPPORTED",38318,38318,0,100.00,"",""
"benchmarks/xblock_wat/betdividends_76615280_93c220dff580.wat","SUPPORTED",38885,38885,0,100.00,"",""
"benchmarks/xblock_wat/betdividends_80038692_020b450b6af6.wat","SUPPORTED",39369,39369,0,100.00,"",""
"benchmarks/xblock_wat/betdividends_80218987_a72620db3752.wat","SUPPORTED",39610,39610,0,100.00,"",""
"benchmarks/xblock_wat/betdividends_80219321_f2dde9d5f1cb.wat","SUPPORTED",39690,39690,0,100.00,"",""
"benchmarks/xblock_wat/betdividends_80219603_312a33204b73.wat","SUPPORTED",39690,39690,0,100.00,"",""
"benchmarks/xblock_wat/betdividends_88862906_3486afb1a947.wat","SUPPORTED",39690,39690,0,100.00,"",""
"benchmarks/xblock_wat/betdividends_9100763_9ec4e131b41b.wat","SUPPORTED",7291,7291,0,100.00,"",""
"benchmarks/xblock_wat/betdividends_9111329_c0b074153ce1.wat","SUPPORTED",7291,7291,0,100.00,"",""
"benchmarks/xblock_wat/betdogcoin11_39798201_0a5f21fe89fd.wat","SUPPORTED",13345,13345,0,100.00,"",""
"benchmarks/xblock_wat/betdogcoin11_39955156_59002ae14ac2.wat","SUPPORTED",13990,13990,0,100.00,"",""
"benchmarks/xblock_wat/betdogewallt_36894444_aa3962af3610.wat","SUPPORTED",3328,3328,0,100.00,"",""
"benchmarks/xblock_wat/betdoggame11_39798574_15251a2b0359.wat","SUPPORTED",13201,13201,0,100.00,"",""
"benchmarks/xblock_wat/betdoggame11_39831044_6962617b6457.wat","SUPPORTED",13061,13061,0,100.00,"",""
"benchmarks/xblock_wat/betdoggame11_39846033_b76401faaba3.wat","SUPPORTED",14977,14977,0,100.00,"",""
"benchmarks/xblock_wat/betdoggame11_39928380_cfcdc10596de.wat","SUPPORTED",15163,15163,0,100.00,"",""
"benchmarks/xblock_wat/betdoggame11_39939182_ec451093ecd8.wat","SUPPORTED",15167,15167,0,100.00,"",""
"benchmarks/xblock_wat/betdoggame11_39955361_097d4f966ab4.wat","SUPPORTED",15408,15408,0,100.00,"",""
"benchmarks/xblock_wat/betdoggame11_39969673_a5b26894c1cd.wat","SUPPORTED",15411,15411,0,100.00,"",""
"benchmarks/xblock_wat/betdoggame11_62724318_6fbe2e0a391e.wat","SUPPORTED",16067,16067,0,100.00,"",""
"benchmarks/xblock_wat/betdogstaked_39798692_dbedff559204.wat","SUPPORTED",15399,15399,0,100.00,"",""
"benchmarks/xblock_wat/betdogstaked_39954953_17ebab2a6577.wat","SUPPORTED",15399,15399,0,100.00,"",""
"benchmarks/xblock_wat/betdogstaked_61889157_85371fcfbe01.wat","SUPPORTED",16625,16625,0,100.00,"",""
"benchmarks/xblock_wat/betftyicoacc_33163533_56e32f576d85.wat","SUPPORTED",8148,8148,0,100.00,"",""
"benchmarks/xblock_wat/betftyicoacc_34909266_7075bbbfc7b8.wat","SUPPORTED",8146,8146,0,100.00,"",""
"benchmarks/xblock_wat/betftystakes_36761956_2aa57efb0aeb.wat","SUPPORTED",8912,8912,0,100.00,"",""
"benchmarks/xblock_wat/betftystakes_36918536_8d6682bd8d01.wat","SUPPORTED",8912,8912,0,100.00,"",""
"benchmarks/xblock_wat/betftystakes_41755431_da9858633f3a.wat","SUPPORTED",8887,8887,0,100.00,"",""
"benchmarks/xblock_wat/betfyplayers_36762499_cd9b12d1b502.wat","SUPPORTED",8128,8128,0,100.00,"",""
"benchmarks/xblock_wat/betfyplayers_36918826_2efaf24b409c.wat","SUPPORTED",8128,8128,0,100.00,"",""
"benchmarks/xblock_wat/betgcontract_33875825_57d90a8f02d2.wat","SUPPORTED",37230,37230,0,100.00,"",""
"benchmarks/xblock_wat/betgcontract_34192069_15b8f84bacd7.wat","SUPPORTED",37320,37320,0,100.00,"",""
"benchmarks/xblock_wat/betgcontract_37815527_7dbe0d7daed5.wat","SUPPORTED",37414,37414,0,100.00,"",""
"benchmarks/xblock_wat/betgcontract_39049904_d315280d08d1.wat","SUPPORTED",39541,39541,0,100.00,"",""
"benchmarks/xblock_wat/betgoluck111_40078578_99abf83560cc.wat","SUPPORTED",23888,23888,0,100.00,"",""
"benchmarks/xblock_wat/betgoluck111_40373998_63e1bfb8186a.wat","SUPPORTED",25170,25170,0,100.00,"",""
"benchmarks/xblock_wat/betgoluck111_40374527_1d0cc36932e2.wat","SUPPORTED",25170,25170,0,100.00,"",""
"benchmarks/xblock_wat/betgoluck111_40375095_84157bd01d3f.wat","SUPPORTED",25248,25248,0,100.00,"",""
"benchmarks/xblock_wat/betgoluck111_40375419_f61f0f78e8cc.wat","SUPPORTED",25509,25509,0,100.00,"",""
"benchmarks/xblock_wat/betgtoken123_33875096_a72adacb68fe.wat","SUPPORTED",15939,15939,0,100.00,"",""
"benchmarks/xblock_wat/bethashlucky_56759035_a3c4f4d9249a.wat","SUPPORTED",24260,24260,0,100.00,"",""
"benchmarks/xblock_wat/betlotto1day_26213848_1a5658d7435e.wat","SUPPORTED",13980,13980,0,100.00,"",""
"benchmarks/xblock_wat/betlotto1day_26690686_20be8ab7ae0f.wat","SUPPORTED",16363,16363,0,100.00,"",""
"benchmarks/xblock_wat/betlotto1day_26752463_e12d38b3f1de.wat","SUPPORTED",16363,16363,0,100.00,"",""
"benchmarks/xblock_wat/betlotto1day_27887769_b707fdd81732.wat","SUPPORTED",17565,17565,0,100.00,"",""
"benchmarks/xblock_wat/betlotto1day_29478405_0e3ebf30aff4.wat","SUPPORTED",19903,19903,0,100.00,"",""
"benchmarks/xblock_wat/betlotto1day_30800027_ce6d3d4c2d92.wat","SUPPORTED",25657,25657,0,100.00,"",""
"benchmarks/xblock_wat/betlotto1day_31292257_3dc7af8254ce.wat","SUPPORTED",27356,27356,0,100.00,"",""
"benchmarks/xblock_wat/betlotto1day_31312101_48428389d4dc.wat","SUPPORTED",27361,27361,0,100.00,"",""
"benchmarks/xblock_wat/betlotto1day_31386476_3664d1fe3cc1.wat","SUPPORTED",27564,27564,0,100.00,"",""
"benchmarks/xblock_wat/betlotto1day_32605001_b4d4da7ed9d9.wat","SUPPORTED",27653,27653,0,100.00,"",""
"benchmarks/xblock_wat/betlotto1day_32705054_c992852fa9c8.wat","SUPPORTED",33167,33167,0,100.00,"",""
"benchmarks/xblock_wat/betlotto1day_32759635_53bfc23bca77.wat","SUPPORTED",33167,33167,0,100.00,"",""
"benchmarks/xblock_wat/betlotto1day_34246714_2a024f3960c4.wat","SUPPORTED",33196,33196,0,100.00,"",""
"benchmarks/xblock_wat/betlotto1day_37815863_63f3b5b4b771.wat","SUPPORTED",33194,33194,0,100.00,"",""
"benchmarks/xblock_wat/betlottoinst_26495323_4c678ee0e1fd.wat","SUPPORTED",17557,17557,0,100.00,"",""
"benchmarks/xblock_wat/betlottoinst_26690600_b09f968f33da.wat","SUPPORTED",19931,19931,0,100.00,"",""
"benchmarks/xblock_wat/betlottoinst_26752884_a83a8bd9f8a7.wat","SUPPORTED",19931,19931,0,100.00,"",""
"benchmarks/xblock_wat/betlottoinst_27887681_440fbfa73f1c.wat","SUPPORTED",21120,21120,0,100.00,"",""
"benchmarks/xblock_wat/betlottoinst_29478382_e88657306d41.wat","SUPPORTED",21995,21995,0,100.00,"",""
"benchmarks/xblock_wat/betlottoinst_29830128_0c1812311509.wat","SUPPORTED",21492,21492,0,100.00,"",""
"benchmarks/xblock_wat/betlottoinst_30800024_d93c71a37feb.wat","SUPPORTED",28838,28838,0,100.00,"",""
"benchmarks/xblock_wat/betlottoinst_30960477_72453c3900c7.wat","SUPPORTED",28838,28838,0,100.00,"",""
"benchmarks/xblock_wat/betlottoinst_31292247_ebc680152c10.wat","SUPPORTED",30406,30406,0,100.00,"",""
"benchmarks/xblock_wat/betlottoinst_31312092_3fcaae701029.wat","SUPPORTED",30411,30411,0,100.00,"",""
"benchmarks/xblock_wat/betlottoinst_31386467_3e3335212c12.wat","SUPPORTED",31017,31017,0,100.00,"",""
"benchmarks/xblock_wat/betlottoinst_32326518_a2c641435854.wat","SUPPORTED",31109,31109,0,100.00,"",""
"benchmarks/xblock_wat/betlottoinst_32604992_f13f40913a2b.wat","SUPPORTED",31198,31198,0,100.00,"",""
"benchmarks/xblock_wat/betlottoinst_32705043_f772d5cc189b.wat","SUPPORTED",38521,38521,0,100.00,"",""
"benchmarks/xblock_wat/betlottoinst_32724806_87b37ad13d8f.wat","SUPPORTED",38523,38523,0,100.00,"",""
"benchmarks/xblock_wat/betlottoinst_32759624_6ab5bb6b1deb.wat","SUPPORTED",38690,38690,0,100.00,"",""
"benchmarks/xblock_wat/betlottoinst_34246702_c141f3b960bd.wat","SUPPORTED",40093,40093,0,100.00,"",""
"benchmarks/xblock_wat/betlottoinst_37815856_36eec7daa0d3.wat","SUPPORTED",39471,39471,0,100.00,"",""
"benchmarks/xblock_wat/betmoonadmin_59636792_7bd47acb8032.wat","SUPPORTED",21995,21995,0,100.00,"",""
"benchmarks/xblock_wat/betmoonadmin_61527730_2d056d76bfe3.wat","SUPPORTED",21504,21504,0,100.00,"",""
"benchmarks/xblock_wat/betmoonadmin_61558060_f9c6b4a15a9b.wat","SUPPORTED",21577,21577,0,100.00,"",""
"benchmarks/xblock_wat/betmoonadmin_63842806_ffed1c0dbae9.wat","SUPPORTED",21585,21585,0,100.00,"",""
"benchmarks/xblock_wat/betmoonadmin_64149886_8f010d34fd30.wat","SUPPORTED",21585,21585,0,100.00,"",""
"benchmarks/xblock_wat/betmoonadmin_65390101_fa41b2d90463.wat","SUPPORTED",21583,21583,0,100.00,"",""
"benchmarks/xblock_wat/betosososos2_41157968_d6d1812ca659.wat","SUPPORTED",2848,2848,0,100.00,"",""
"benchmarks/xblock_wat/betosososos2_68058958_0a3c938715f5.wat","SUPPORTED",2421,2421,0,100.00,"",""
"benchmarks/xblock_wat/betrbetrbetr_60513699_4ec485ef2d0a.wat","SUPPORTED",2365,2365,0,100.00,"",""
"benchmarks/xblock_wat/betrbetrbetr_60525094_39f8de5cbc6b.wat","SUPPORTED",2101,2101,0,100.00,"",""
"benchmarks/xblock_wat/betsandbacca_34952019_d2957e6598cf.wat","SUPPORTED",30595,30595,0,100.00,"",""
"benchmarks/xblock_wat/betsandbacca_34961060_5dedf2016c3b.wat","SUPPORTED",30999,30999,0,100.00,"",""
"benchmarks/xblock_wat/betsandbacca_34963868_be481719d7e0.wat","SUPPORTED",31717,31717,0,100.00,"",""
"benchmarks/xblock_wat/betsandbacca_35187123_4638f3b7f5a5.wat","SUPPORTED",31792,31792,0,100.00,"",""
"benchmarks/xblock_wat/betsandbacca_35425877_cc3f1d0afeb0.wat","SUPPORTED",32151,32151,0,100.00,"",""
"benchmarks/xblock_wat/betsandbacca_35453004_731b546688af.wat","SUPPORTED",32153,32153,0,100.00,"",""
"benchmarks/xblock_wat/betsandbacca_35624742_6ded0f41a54a.wat","SUPPORTED",32162,32162,0,100.00,"",""
"benchmarks/xblock_wat/betsandbacca_39991253_930a68259612.wat","SUPPORTED",41221,41221,0,100.00,"",""
"benchmarks/xblock_wat/betsandbacca_41991899_d66fea8899bf.wat","SUPPORTED",41221,41221,0,100.00,"",""
"benchmarks/xblock_wat/betsandbacca_44080260_3793db2200f7.wat","SUPPORTED",41579,41579,0,100.00,"",""
"benchmarks/xblock_wat/betsandbacca_47695225_fc2ce2fa46da.wat","SUPPORTED",42975,42975,0,100.00,"",""
"benchmarks/xblock_wat/betsandbacca_47695514_47521dd9e619.wat","SUPPORTED",52844,52844,0,100.00,"",""
"benchmarks/xblock_wat/betsandfunds_30314186_c23eebe87224.wat","SUPPORTED",40645,40645,0,100.00,"",""
"benchmarks/xblock_wat/betsandfunds_30341979_94282be2f739.wat","SUPPORTED",41299,41299,0,100.00,"",""
"benchmarks/xblock_wat/betsandfunds_30466931_3f9557402605.wat","SUPPORTED",41616,41616,0,100.00,"",""
"benchmarks/xblock_wat/betsandfunds_30636291_d6c0a74cd4ed.wat","SUPPORTED",40978,40978,0,100.00,"",""
"benchmarks/xblock_wat/betsandfunds_30835261_200bb5684ce3.wat","SUPPORTED",41043,41043,0,100.00,"",""
"benchmarks/xblock_wat/betsandfunds_32562565_1ebbfcf0f3c3.wat","SUPPORTED",39579,39579,0,100.00,"",""
"benchmarks/xblock_wat/betsandfunds_33083860_d35994395252.wat","SUPPORTED",37459,37459,0,100.00,"",""
"benchmarks/xblock_wat/betsandfunds_33089022_10bf17fd7788.wat","SUPPORTED",39482,39482,0,100.00,"",""
"benchmarks/xblock_wat/betsandfunds_33195930_5bb61d64007d.wat","SUPPORTED",67276,67276,0,100.00,"",""
"benchmarks/xblock_wat/betsandfunds_33221533_ddb4e7a64adb.wat","SUPPORTED",67356,67356,0,100.00,"",""
"benchmarks/xblock_wat/betsandfunds_33235494_a11bd9f34704.wat","SUPPORTED",59170,59170,0,100.00,"",""
"benchmarks/xblock_wat/betsandfunds_33726978_abd2e9271d1a.wat","SUPPORTED",58306,58306,0,100.00,"",""
"benchmarks/xblock_wat/betsandfunds_33879917_e8d23540e579.wat","SUPPORTED",58287,58287,0,100.00,"",""
"benchmarks/xblock_wat/betsandfunds_33940963_24ff320667e7.wat","SUPPORTED",58331,58331,0,100.00,"",""
"benchmarks/xblock_wat/betsandfunds_34070286_9a064214a9b3.wat","SUPPORTED",58383,58383,0,100.00,"",""
"benchmarks/xblock_wat/betsandfunds_34919518_02d920556109.wat","SUPPORTED",58899,58899,0,100.00,"",""
"benchmarks/xblock_wat/betsandfunds_34979907_6b403c3c6999.wat","SUPPORTED",58982,58982,0,100.00,"",""
"benchmarks/xblock_wat/betsandfunds_36697714_f167f9872da5.wat","SUPPORTED",65940,65940,0,100.00,"",""
"benchmarks/xblock_wat/betsandfunds_38058565_2ed01cb04d2e.wat","SUPPORTED",66222,66222,0,100.00,"",""
"benchmarks/xblock_wat/betsandrou11_30287807_c3602b1d8a31.wat","SUPPORTED",40310,40310,0,100.00,"",""
"benchmarks/xblock_wat/betsandrou11_30645961_da9cae823354.wat","SUPPORTED",40315,40315,0,100.00,"",""
"benchmarks/xblock_wat/betsandrou11_30830120_bd203ab6f05e.wat","SUPPORTED",40912,40912,0,100.00,"",""
"benchmarks/xblock_wat/betsandrou11_30833029_247456b3a0e5.wat","SUPPORTED",40987,40987,0,100.00,"",""
"benchmarks/xblock_wat/betsandrou11_30833849_82607cfed5c0.wat","SUPPORTED",40982,40982,0,100.00,"",""
"benchmarks/xblock_wat/betsandrou11_31566761_3548cc20bc2b.wat","SUPPORTED",41017,41017,0,100.00,"",""
"benchmarks/xblock_wat/betsandrou11_31672068_d9bc9d65615d.wat","SUPPORTED",41001,41001,0,100.00,"",""
"benchmarks/xblock_wat/betsandrou11_31674794_987e50db8e23.wat","SUPPORTED",41064,41064,0,100.00,"",""
"benchmarks/xblock_wat/betsandrou11_31679244_ae1057cbc5b7.wat","SUPPORTED",41064,41064,0,100.00,"",""
"benchmarks/xblock_wat/betsandrou11_31680698_3734530f570d.wat","SUPPORTED",40969,40969,0,100.00,"",""
"benchmarks/xblock_wat/betsandrou11_31694173_354ca1a393e9.wat","SUPPORTED",41033,41033,0,100.00,"",""
"benchmarks/xblock_wat/betsandrou11_31694380_3b7f024b0107.wat","SUPPORTED",42960,42960,0,100.00,"",""
"benchmarks/xblock_wat/betsandrou11_31903489_43b4bd07a462.wat","SUPPORTED",42592,42592,0,100.00,"",""
"benchmarks/xblock_wat/betsandrou11_32092216_323f9bf28072.wat","SUPPORTED",42077,42077,0,100.00,"",""
"benchmarks/xblock_wat/betsandrou11_32092494_4dad7f4c3094.wat","SUPPORTED",42020,42020,0,100.00,"",""
"benchmarks/xblock_wat/betsandrou11_32559024_bdf201d5b625.wat","SUPPORTED",42107,42107,0,100.00,"",""
"benchmarks/xblock_wat/betsandrou11_32563276_44c46bbe35f9.wat","SUPPORTED",42108,42108,0,100.00,"",""
"benchmarks/xblock_wat/betsandrou11_39348816_88b0eb0e620a.wat","SUPPORTED",44125,44125,0,100.00,"",""
"benchmarks/xblock_wat/betsandrou11_39585933_15817f603f7d.wat","SUPPORTED",44128,44128,0,100.00,"",""
"benchmarks/xblock_wat/betsandrou11_39598534_7a0b579281a0.wat","SUPPORTED",44046,44046,0,100.00,"",""
"benchmarks/xblock_wat/betsandrou11_40345456_aa7786e32793.wat","SUPPORTED",44050,44050,0,100.00,"",""
"benchmarks/xblock_wat/betsandrou11_40433363_f84e9345e38a.wat","SUPPORTED",44048,44048,0,100.00,"",""
"benchmarks/xblock_wat/betsandrou11_44593255_216157a99d11.wat","SUPPORTED",44056,44056,0,100.00,"",""
"benchmarks/xblock_wat/betsandsic11_30470367_83e25d93f948.wat","SUPPORTED",44148,44148,0,100.00,"",""
"benchmarks/xblock_wat/betsandsic11_33196315_db3fb1f1f23b.wat","SUPPORTED",45541,45541,0,100.00,"",""
"benchmarks/xblock_wat/betsandsic11_33217046_73a479c550ef.wat","SUPPORTED",45392,45392,0,100.00,"",""
"benchmarks/xblock_wat/betsandsic11_33222652_097297dbfa67.wat","SUPPORTED",45472,45472,0,100.00,"",""
"benchmarks/xblock_wat/betsandsic11_33559388_ed227ad7f7d4.wat","SUPPORTED",45556,45556,0,100.00,"",""
"benchmarks/xblock_wat/betsandsic11_33569402_d34d4df901ff.wat","SUPPORTED",45542,45542,0,100.00,"",""
"benchmarks/xblock_wat/betsandsic11_33579501_3b90fe4d7a5f.wat","SUPPORTED",45549,45549,0,100.00,"",""
"benchmarks/xblock_wat/betsandsic11_33919573_89812da36f60.wat","SUPPORTED",45579,45579,0,100.00,"",""
"benchmarks/xblock_wat/betsandsic11_37827188_9486a3a9ea34.wat","SUPPORTED",45292,45292,0,100.00,"",""
"benchmarks/xblock_wat/bettoken1111_27725970_f9c4de01b5a9.wat","SUPPORTED",3069,3069,0,100.00,"",""
"benchmarks/xblock_wat/bettokenswap_10629444_9ec4df783532.wat","SUPPORTED",4748,4748,0,100.00,"",""
"benchmarks/xblock_wat/bettokenswap_11203787_c4889df8d005.wat","SUPPORTED",4748,4748,0,100.00,"",""
"benchmarks/xblock_wat/bettokenswap_11637206_176f46848115.wat","SUPPORTED",4748,4748,0,100.00,"",""
"benchmarks/xblock_wat/bettokenswap_11648521_8b9a1f82c549.wat","SUPPORTED",4748,4748,0,100.00,"",""
"benchmarks/xblock_wat/bettokenswap_12369731_b4e3a1525bbc.wat","SUPPORTED",6876,6876,0,100.00,"",""
"benchmarks/xblock_wat/bettokenswap_12386035_a45308d04ece.wat","SUPPORTED",6876,6876,0,100.00,"",""
"benchmarks/xblock_wat/bettokenswap_12386230_86625f86a03d.wat","SUPPORTED",6876,6876,0,100.00,"",""
"benchmarks/xblock_wat/bettokenswap_12496126_237d18a3fef6.wat","SUPPORTED",6876,6876,0,100.00,"",""
"benchmarks/xblock_wat/bettokenswap_13439334_965fe3f8ca38.wat","SUPPORTED",4658,4658,0,100.00,"",""
"benchmarks/xblock_wat/bettokenswap_9102463_44d18cfb6efe.wat","SUPPORTED",4748,4748,0,100.00,"",""
"benchmarks/xblock_wat/bettokenswap_9104029_f5d6a45b81c6.wat","SUPPORTED",4825,4825,0,100.00,"",""
"benchmarks/xblock_wat/bettokenswap_9104661_62d47164ad00.wat","SUPPORTED",4825,4825,0,100.00,"",""
"benchmarks/xblock_wat/bettokenswap_9106045_b7153d13c1a3.wat","SUPPORTED",4825,4825,0,100.00,"",""
"benchmarks/xblock_wat/bettokenswap_9108617_a6f835a6248c.wat","SUPPORTED",4825,4825,0,100.00,"",""
"benchmarks/xblock_wat/bettokenswap_9162372_a6e78ee2330f.wat","SUPPORTED",4825,4825,0,100.00,"",""
"benchmarks/xblock_wat/bettokenswap_9173394_a6c6df4da4bc.wat","SUPPORTED",4825,4825,0,100.00,"",""
"benchmarks/xblock_wat/bettokenswap_9460109_3e185ddc1ed8.wat","SUPPORTED",4748,4748,0,100.00,"",""
"benchmarks/xblock_wat/bettokenswap_9665061_a4c4b719a793.wat","SUPPORTED",4748,4748,0,100.00,"",""
"benchmarks/xblock_wat/bettokenswap_9673416_5092a77d3dca.wat","SUPPORTED",4748,4748,0,100.00,"",""
"benchmarks/xblock_wat/bettokenswap_9955023_4d9912cac68a.wat","SUPPORTED",4748,4748,0,100.00,"",""
"benchmarks/xblock_wat/bettokenswap_9957703_ae5ed0a5d5a3.wat","SUPPORTED",4748,4748,0,100.00,"",""
"benchmarks/xblock_wat/bettreasurex_26516812_a563e422a607.wat","SUPPORTED",17237,17237,0,100.00,"",""
"benchmarks/xblock_wat/bettreasurex_26547812_5410dd0906a2.wat","SUPPORTED",17229,17229,0,100.00,"",""
"benchmarks/xblock_wat/bettreasurex_26548043_c294490eab36.wat","SUPPORTED",17044,17044,0,100.00,"",""
"benchmarks/xblock_wat/bettreasurex_26548222_daa6d14fe656.wat","SUPPORTED",5717,5717,0,100.00,"",""
"benchmarks/xblock_wat/bettreasurex_26548751_6289abc55aec.wat","SUPPORTED",6273,6273,0,100.00,"",""
"benchmarks/xblock_wat/bettreasurex_26549479_550ad2187ccf.wat","SUPPORTED",6455,6455,0,100.00,"",""
"benchmarks/xblock_wat/bettreasurex_26549715_f2b42114541f.wat","SUPPORTED",15485,15485,0,100.00,"",""
"benchmarks/xblock_wat/bettreasurex_26551131_4eb3a5fa8606.wat","SUPPORTED",17221,17221,0,100.00,"",""
"benchmarks/xblock_wat/bettreasurex_26551266_1c12b93f2dcc.wat","SUPPORTED",15374,15374,0,100.00,"",""
"benchmarks/xblock_wat/bettreasurex_26551381_650052cc3351.wat","SUPPORTED",6598,6598,0,100.00,"",""
"benchmarks/xblock_wat/bettreasurex_26551723_f0984c4c9576.wat","SUPPORTED",17237,17237,0,100.00,"",""
"benchmarks/xblock_wat/bettreasurex_26647448_10588bdfb8c2.wat","SUPPORTED",17237,17237,0,100.00,"",""
"benchmarks/xblock_wat/bettreasurex_26819895_abe84ffe4ec4.wat","SUPPORTED",17237,17237,0,100.00,"",""
"benchmarks/xblock_wat/betxtopadmin_41707429_e9ecf9093d90.wat","SUPPORTED",31823,31823,0,100.00,"",""
"benchmarks/xblock_wat/betxtopadmin_41863293_124cc08ecc89.wat","SUPPORTED",31823,31823,0,100.00,"",""
"benchmarks/xblock_wat/betxtopadmin_42219863_47df2896e57d.wat","SUPPORTED",32773,32773,0,100.00,"",""
"benchmarks/xblock_wat/betxtopadmin_42224352_5592163e2697.wat","SUPPORTED",32773,32773,0,100.00,"",""
"benchmarks/xblock_wat/betxtopadmin_43034397_69fedf8da664.wat","SUPPORTED",32862,32862,0,100.00,"",""
"benchmarks/xblock_wat/betxtopadmin_44472726_6cf297427a97.wat","SUPPORTED",32879,32879,0,100.00,"",""
"benchmarks/xblock_wat/betxtopadmin_46026371_03589b501845.wat","SUPPORTED",32906,32906,0,100.00,"",""
"benchmarks/xblock_wat/betxtoplucky_41709660_866dc77eb877.wat","SUPPORTED",15203,15203,0,100.00,"",""
"benchmarks/xblock_wat/betxtoplucky_41863450_ca6008759138.wat","SUPPORTED",15203,15203,0,100.00,"",""
"benchmarks/xblock_wat/betxtoplucky_42219871_d72ed132ac06.wat","SUPPORTED",16948,16948,0,100.00,"",""
"benchmarks/xblock_wat/betxtoplucky_42224322_72168a91c851.wat","SUPPORTED",16948,16948,0,100.00,"",""
"benchmarks/xblock_wat/betxtoplucky_43034430_20ea1be1ee53.wat","SUPPORTED",16954,16954,0,100.00,"",""
"benchmarks/xblock_wat/betxtoplucky_43040975_f20a4a7af75f.wat","SUPPORTED",16640,16640,0,100.00,"",""
"benchmarks/xblock_wat/betxtoplucky_43041369_967a7a14a5f6.wat","SUPPORTED",16637,16637,0,100.00,"",""
"benchmarks/xblock_wat/betxtoplucky_44472839_f555342b5e91.wat","SUPPORTED",16656,16656,0,100.00,"",""
"benchmarks/xblock_wat/bgactivity11_61704198_394781883233.wat","SUPPORTED",22729,22729,0,100.00,"",""
"benchmarks/xblock_wat/bgactivity11_61705428_cfd885fe66e3.wat","SUPPORTED",22821,22821,0,100.00,"",""
"benchmarks/xblock_wat/bgactivity11_64077299_8a346cf92992.wat","SUPPORTED",24050,24050,0,100.00,"",""
"benchmarks/xblock_wat/bgactivity11_64589917_8a5d86d70eeb.wat","SUPPORTED",24080,24080,0,100.00,"",""
"benchmarks/xblock_wat/bgactivity11_66840686_04c9ee5ad534.wat","SUPPORTED",10598,10598,0,100.00,"",""
"benchmarks/xblock_wat/bgactivity11_83964771_e4d74f5fc8cc.wat","SUPPORTED",11259,11259,0,100.00,"",""
"benchmarks/xblock_wat/bgbetwallet1_34272679_7bf43f0d20af.wat","SUPPORTED",21884,21884,0,100.00,"",""
"benchmarks/xblock_wat/bgbetwallet1_37709589_db139229c482.wat","SUPPORTED",23787,23787,0,100.00,"",""
"benchmarks/xblock_wat/bgbetwallet1_37720989_27c36854df8f.wat","SUPPORTED",23787,23787,0,100.00,"",""
"benchmarks/xblock_wat/bgbetwallet1_39126254_0feefe93cff4.wat","SUPPORTED",23787,23787,0,100.00,"",""
"benchmarks/xblock_wat/bgbetwallet1_39757992_51d60196ec83.wat","SUPPORTED",23787,23787,0,100.00,"",""
"benchmarks/xblock_wat/bgbetwallet1_40682352_b6d1aaca6edc.wat","SUPPORTED",24177,24177,0,100.00,"",""
"benchmarks/xblock_wat/bgbetwallet1_40684473_d5f719f2dd8b.wat","SUPPORTED",25972,25972,0,100.00,"",""
"benchmarks/xblock_wat/bgbetwallet1_40685635_470b7a2cd673.wat","SUPPORTED",28031,28031,0,100.00,"",""
"benchmarks/xblock_wat/bgbetwallet1_40685904_0784dc571c8d.wat","SUPPORTED",28031,28031,0,100.00,"",""
"benchmarks/xblock_wat/bgbetwallet1_40686184_74a0290cfb7b.wat","SUPPORTED",28839,28839,0,100.00,"",""
"benchmarks/xblock_wat/bgbetwallet1_42538972_f4f0c87fb5f7.wat","SUPPORTED",28839,28839,0,100.00,"",""
"benchmarks/xblock_wat/bgbetwallet1_48701983_f4f132de1dd5.wat","SUPPORTED",31842,31842,0,100.00,"",""
"benchmarks/xblock_wat/bgbetwallet1_48877619_18c4f7e25275.wat","SUPPORTED",31842,31842,0,100.00,"",""
"benchmarks/xblock_wat/bgbetwallet1_53394598_07a23a41214e.wat","SUPPORTED",33788,33788,0,100.00,"",""
"benchmarks/xblock_wat/bgbetwallet1_53406729_b086cb7268cc.wat","SUPPORTED",33868,33868,0,100.00,"",""
"benchmarks/xblock_wat/bgbetwallet1_55315715_66482df2933e.wat","SUPPORTED",33965,33965,0,100.00,"",""
"benchmarks/xblock_wat/bgbetwallet1_55692550_d4c1fa66380d.wat","SUPPORTED",33955,33955,0,100.00,"",""
"benchmarks/xblock_wat/bgbetwallet1_61039550_b4806726ad6d.wat","SUPPORTED",32711,32711,0,100.00,"",""
"benchmarks/xblock_wat/bgbetwallet1_66869580_1c4c25820533.wat","SUPPORTED",21049,21049,0,100.00,"",""
"benchmarks/xblock_wat/bgbetwallet1_70676631_06f8047934b6.wat","SUPPORTED",22400,22400,0,100.00,"",""
"benchmarks/xblock_wat/bgbetwallet1_70689337_7156e8ca3a0b.wat","SUPPORTED",22123,22123,0,100.00,"",""
"benchmarks/xblock_wat/bgbetwallet1_74937216_c76973b149a5.wat","SUPPORTED",22047,22047,0,100.00,"",""
"benchmarks/xblock_wat/bgbetwallet1_74978458_0deca5636284.wat","SUPPORTED",26941,26941,0,100.00,"",""
"benchmarks/xblock_wat/bgbetwallet1_83965840_34acf4a8d573.wat","SUPPORTED",26482,26482,0,100.00,"",""
"benchmarks/xblock_wat/bgbgbgbgbgbg_23621418_47d7e501f6a2.wat","SUPPORTED",10462,10462,0,100.00,"",""
"benchmarks/xblock_wat/bgbgbgbgbgbg_23627598_59472239a7d2.wat","SUPPORTED",10520,10520,0,100.00,"",""
"benchmarks/xblock_wat/bgbgbgbgbgbg_23628424_91b85946004b.wat","SUPPORTED",10471,10471,0,100.00,"",""
"benchmarks/xblock_wat/bgbgbgbgbgbg_23629511_ff32c8077569.wat","SUPPORTED",10468,10468,0,100.00,"",""
"benchmarks/xblock_wat/bgbgbgbgbgbg_25320966_c81a7d22a352.wat","SUPPORTED",10474,10474,0,100.00,"",""
"benchmarks/xblock_wat/bgbgbgbgbgbg_25323305_d65b46334085.wat","SUPPORTED",19512,19512,0,100.00,"",""
"benchmarks/xblock_wat/bgbgbgbgbgbg_26899353_d39ccdd38c55.wat","SUPPORTED",19593,19593,0,100.00,"",""
"benchmarks/xblock_wat/bgbgbgbgbgbg_26899599_6b6c1ecdde86.wat","SUPPORTED",19515,19515,0,100.00,"",""
"benchmarks/xblock_wat/bgbgbgbgbgbg_26914962_64917a9f11f8.wat","SUPPORTED",19916,19916,0,100.00,"",""
"benchmarks/xblock_wat/bgbgbgbgbgbg_26917449_c70b750f17a7.wat","SUPPORTED",8530,8530,0,100.00,"",""
"benchmarks/xblock_wat/bgbgbgbgbgbg_27070429_b845eeb35c16.wat","SUPPORTED",19926,19926,0,100.00,"",""
"benchmarks/xblock_wat/bgbgbgbgbgbg_74956280_90ee6f49b0f4.wat","SUPPORTED",15695,15695,0,100.00,"",""
"benchmarks/xblock_wat/bgdiceproxy1_24493658_8802c1eced7d.wat","SUPPORTED",19980,19980,0,100.00,"",""
"benchmarks/xblock_wat/bgdiceproxy1_24965738_a945e6f0dda4.wat","SUPPORTED",20020,20020,0,100.00,"",""
"benchmarks/xblock_wat/bgdiceproxy1_25166834_922a9e3a25fa.wat","SUPPORTED",20025,20025,0,100.00,"",""
"benchmarks/xblock_wat/bgdiceproxy1_25666248_7a6e7ab5f129.wat","SUPPORTED",20024,20024,0,100.00,"",""
"benchmarks/xblock_wat/bgdiceproxy1_26189361_d9df19c360ce.wat","SUPPORTED",20697,20697,0,100.00,"",""
"benchmarks/xblock_wat/bgdiceproxy1_30345804_e696bf276ace.wat","SUPPORTED",20697,20697,0,100.00,"",""
"benchmarks/xblock_wat/bgdiceproxy1_30443039_770e30e61323.wat","SUPPORTED",21974,21974,0,100.00,"",""
"benchmarks/xblock_wat/bgdiceproxy1_30780844_23b565509bc7.wat","SUPPORTED",22163,22163,0,100.00,"",""
"benchmarks/xblock_wat/bgdiceproxy1_61041662_9f198484cc71.wat","SUPPORTED",25679,25679,0,100.00,"",""
"benchmarks/xblock_wat/bgdiceproxy1_66833038_9998765d91b7.wat","SUPPORTED",16175,16175,0,100.00,"",""
"benchmarks/xblock_wat/bgdiceproxy1_66833307_fa97753a2802.wat","SUPPORTED",16175,16175,0,100.00,"",""
"benchmarks/xblock_wat/bgdiceproxy1_74936804_d65e8b0cf725.wat","SUPPORTED",16178,16178,0,100.00,"",""
"benchmarks/xblock_wat/bgdividend11_23246058_745ed1447cec.wat","SUPPORTED",22545,22545,0,100.00,"",""
"benchmarks/xblock_wat/bgdividend11_23249214_dc3183213c78.wat","SUPPORTED",22545,22545,0,100.00,"",""
"benchmarks/xblock_wat/bgdividend11_23296366_abe3d0184160.wat","SUPPORTED",22544,22544,0,100.00,"",""
"benchmarks/xblock_wat/bgdividend11_23304924_d4cb255c05b7.wat","SUPPORTED",23084,23084,0,100.00,"",""
"benchmarks/xblock_wat/bgdividend11_23453642_83e292b9e92b.wat","SUPPORTED",25513,25513,0,100.00,"",""
"benchmarks/xblock_wat/bgdividend11_23620238_7c6a3b351bce.wat","SUPPORTED",18007,18007,0,100.00,"",""
"benchmarks/xblock_wat/bgdividend11_23621834_178ccdafd657.wat","SUPPORTED",18007,18007,0,100.00,"",""
"benchmarks/xblock_wat/bgdividend11_23623187_2ff0dbe102c4.wat","SUPPORTED",17989,17989,0,100.00,"",""
"benchmarks/xblock_wat/bgdividend11_23624192_4f03ec5fbbbb.wat","SUPPORTED",18285,18285,0,100.00,"",""
"benchmarks/xblock_wat/bgdividend11_23624442_96911f4a1e73.wat","SUPPORTED",18295,18295,0,100.00,"",""
"benchmarks/xblock_wat/bgdividend11_23626325_2ca5f7611c5c.wat","SUPPORTED",18299,18299,0,100.00,"",""
"benchmarks/xblock_wat/bgdividend11_23626775_a1568f339fe3.wat","SUPPORTED",18305,18305,0,100.00,"",""
"benchmarks/xblock_wat/bgdividend11_23626921_ccfafd16a9a8.wat","SUPPORTED",17995,17995,0,100.00,"",""
"benchmarks/xblock_wat/bgdividend11_25325880_43e321e9fe92.wat","SUPPORTED",27288,27288,0,100.00,"",""
"benchmarks/xblock_wat/bgdividend11_25531831_e8f5e33760c8.wat","SUPPORTED",26652,26652,0,100.00,"",""
"benchmarks/xblock_wat/bgdividend11_25828307_ca39582b7acb.wat","SUPPORTED",27435,27435,0,100.00,"",""
"benchmarks/xblock_wat/bgdividend11_25836802_a661f9dffeb7.wat","SUPPORTED",27440,27440,0,100.00,"",""
"benchmarks/xblock_wat/bgdividend11_25976021_a328812a2637.wat","SUPPORTED",25949,25949,0,100.00,"",""
"benchmarks/xblock_wat/bgdividend11_26891722_417c0800cda0.wat","SUPPORTED",28245,28245,0,100.00,"",""
"benchmarks/xblock_wat/bgdividend11_26923961_535d0b91ac62.wat","SUPPORTED",28552,28552,0,100.00,"",""
"benchmarks/xblock_wat/bgdividend11_26924176_9c20bbbebc9d.wat","SUPPORTED",28296,28296,0,100.00,"",""
"benchmarks/xblock_wat/bgdividend11_26924463_86acc1e11fac.wat","SUPPORTED",27066,27066,0,100.00,"",""
"benchmarks/xblock_wat/bgdividend11_31498424_1d509bf5ab90.wat","SUPPORTED",27073,27073,0,100.00,"",""
"benchmarks/xblock_wat/bgdividend11_46507326_17cdb87e4739.wat","SUPPORTED",33292,33292,0,100.00,"",""
"benchmarks/xblock_wat/bgdividend11_65331522_9ad8effbc9ef.wat","SUPPORTED",33565,33565,0,100.00,"",""
"benchmarks/xblock_wat/bgdividend11_66860947_64251688ab66.wat","SUPPORTED",26467,26467,0,100.00,"",""
"benchmarks/xblock_wat/bgdividend11_74936385_0b340c0abe67.wat","SUPPORTED",26380,26380,0,100.00,"",""
"benchmarks/xblock_wat/bgdividend11_74978189_393a3f426e37.wat","SUPPORTED",32261,32261,0,100.00,"",""
"benchmarks/xblock_wat/bgdividend11_83967192_215bcece6f54.wat","SUPPORTED",30088,30088,0,100.00,"",""
"benchmarks/xblock_wat/bgfatusbxazx_29797862_1b54dbbc8d75.wat","SUPPORTED",8041,8041,0,100.00,"",""
"benchmarks/xblock_wat/bgfatusbxazx_30017148_5b5db22be8e3.wat","SUPPORTED",4813,4813,0,100.00,"",""
"benchmarks/xblock_wat/bgfatusbxazx_30017407_47427582810d.wat","SUPPORTED",4816,4816,0,100.00,"",""
"benchmarks/xblock_wat/bgfatusbxazx_30017821_c9f7f4ba14bc.wat","SUPPORTED",4824,4824,0,100.00,"",""
"benchmarks/xblock_wat/bgfatusbxazx_30019045_f8d387a4b563.wat","SUPPORTED",5355,5355,0,100.00,"",""
"benchmarks/xblock_wat/bgfatusbxazx_30019181_91258f019e4c.wat","SUPPORTED",5433,5433,0,100.00,"",""
"benchmarks/xblock_wat/bgfatusbxazx_30019668_02bc512f59ee.wat","SUPPORTED",5439,5439,0,100.00,"",""
"benchmarks/xblock_wat/bgfatusbxazx_30020058_32fcc7ff7165.wat","SUPPORTED",5402,5402,0,100.00,"",""
"benchmarks/xblock_wat/bgfatusbxazx_30020562_a8f3b7bd64f9.wat","SUPPORTED",5624,5624,0,100.00,"",""
"benchmarks/xblock_wat/bgfatusbxazx_30020800_aa3ec536a876.wat","SUPPORTED",5625,5625,0,100.00,"",""
"benchmarks/xblock_wat/bgfatusbxazx_30020878_9f8740d26099.wat","SUPPORTED",5668,5668,0,100.00,"",""
"benchmarks/xblock_wat/bgfatusbxazx_30021125_ef433a440d00.wat","SUPPORTED",5693,5693,0,100.00,"",""
"benchmarks/xblock_wat/bgfatusbxazx_30021530_2bd0f70f0c40.wat","SUPPORTED",5843,5843,0,100.00,"",""
"benchmarks/xblock_wat/bgfatusbxazx_30021673_b466d87a1b30.wat","SUPPORTED",4563,4563,0,100.00,"",""
"benchmarks/xblock_wat/bgfatusbxazx_30024110_cb60bb4d0bc7.wat","SUPPORTED",5275,5275,0,100.00,"",""
"benchmarks/xblock_wat/bgfatusbxazx_30024667_d73057631e18.wat","SUPPORTED",4771,4771,0,100.00,"",""
"benchmarks/xblock_wat/bgfatusbxazx_30026303_2f0a1702f6e8.wat","SUPPORTED",5409,5409,0,100.00,"",""
"benchmarks/xblock_wat/bgfatusbxazx_30028968_6141271cbed2.wat","SUPPORTED",5612,5612,0,100.00,"",""
"benchmarks/xblock_wat/bgfatusbxazx_30206333_3d149d3441ed.wat","SUPPORTED",8038,8038,0,100.00,"",""
"benchmarks/xblock_wat/bgfatusbxazx_30214418_ab028f2f89a5.wat","SUPPORTED",8823,8823,0,100.00,"",""
"benchmarks/xblock_wat/bgfatusbxazx_30216691_6f5a92c2d4e2.wat","SUPPORTED",8432,8432,0,100.00,"",""
"benchmarks/xblock_wat/bgfatusbxazx_30216925_7fab09c6650f.wat","SUPPORTED",8064,8064,0,100.00,"",""
"benchmarks/xblock_wat/bgfatusbxazx_30217625_99f047f8eecd.wat","SUPPORTED",8752,8752,0,100.00,"",""
"benchmarks/xblock_wat/bgfatusbxazx_30219764_039b54ccaeec.wat","SUPPORTED",8904,8904,0,100.00,"",""
"benchmarks/xblock_wat/bgfatusbxazx_30219984_14ad04787e29.wat","SUPPORTED",8495,8495,0,100.00,"",""
"benchmarks/xblock_wat/bgfatusbxazx_30220617_784b30348163.wat","SUPPORTED",9139,9139,0,100.00,"",""
"benchmarks/xblock_wat/bgfatusbxazx_30220939_91d1fc37be49.wat","SUPPORTED",9507,9507,0,100.00,"",""
"benchmarks/xblock_wat/bgfatusbxazx_30223118_55c39b7773fb.wat","SUPPORTED",9321,9321,0,100.00,"",""
"benchmarks/xblock_wat/bgfatusbxazx_30224253_cedd4fb9e0fa.wat","SUPPORTED",9648,9648,0,100.00,"",""
"benchmarks/xblock_wat/bgfatusbxazx_30224458_9382b0913b85.wat","SUPPORTED",9648,9648,0,100.00,"",""
"benchmarks/xblock_wat/bgfatusbxazx_30225884_6eb9c38fa8b1.wat","SUPPORTED",9790,9790,0,100.00,"",""
"benchmarks/xblock_wat/bgfatusbxazx_30228386_76e78278dd1a.wat","SUPPORTED",6079,6079,0,100.00,"",""
"benchmarks/xblock_wat/bgfatusbxazx_30228740_7f2dad3b7993.wat","SUPPORTED",6024,6024,0,100.00,"",""
"benchmarks/xblock_wat/bgfatusbxazx_30228920_c63d30863270.wat","SUPPORTED",5609,5609,0,100.00,"",""
"benchmarks/xblock_wat/bgfatusbxazx_30229321_2ef0141bcbfb.wat","SUPPORTED",5946,5946,0,100.00,"",""
"benchmarks/xblock_wat/bgfatusbxazx_30229410_96530955ddd1.wat","SUPPORTED",5870,5870,0,100.00,"",""
"benchmarks/xblock_wat/bgfatusbxazx_30229509_667da3e854c2.wat","SUPPORTED",5946,5946,0,100.00,"",""
"benchmarks/xblock_wat/bgfatusbxazx_30229572_4d80499e099b.wat","SUPPORTED",6024,6024,0,100.00,"",""
"benchmarks/xblock_wat/bgfatusbxazx_30229719_4cb34d8ebc3c.wat","SUPPORTED",5663,5663,0,100.00,"",""
"benchmarks/xblock_wat/bgfatusbxazx_30230847_3d7286c51c0e.wat","SUPPORTED",6080,6080,0,100.00,"",""
"benchmarks/xblock_wat/bgfatusbxazx_30233589_6ddc40a15dc7.wat","SUPPORTED",8997,8997,0,100.00,"",""
"benchmarks/xblock_wat/bgfatusbxazx_30233704_19b2c5f4fb26.wat","SUPPORTED",8562,8562,0,100.00,"",""
"benchmarks/xblock_wat/bgfatusbxazx_30235164_4d09ba374646.wat","SUPPORTED",12070,12070,0,100.00,"",""
"benchmarks/xblock_wat/bgfatusbxazx_30237518_4bbc3ce0de5d.wat","SUPPORTED",12516,12516,0,100.00,"",""
"benchmarks/xblock_wat/bgfatusbxazx_30243110_9ae01234951b.wat","SUPPORTED",6200,6200,0,100.00,"",""
"benchmarks/xblock_wat/bgfatusbxazx_30367593_54ca6f08b97e.wat","SUPPORTED",2343,2343,0,100.00,"",""
"benchmarks/xblock_wat/bgfatusbxazx_30368091_6f07650149bb.wat","SUPPORTED",2664,2664,0,100.00,"",""
"benchmarks/xblock_wat/bgfatusbxazx_30369807_ee523d8f9eef.wat","SUPPORTED",2274,2274,0,100.00,"",""
"benchmarks/xblock_wat/bgpresale111_22579671_94745b2867dd.wat","SUPPORTED",4276,4276,0,100.00,"",""
"benchmarks/xblock_wat/bgpresale111_24308620_be1236ccf66f.wat","SUPPORTED",6763,6763,0,100.00,"",""
"benchmarks/xblock_wat/bgpresale111_24309151_c7af7906fc03.wat","SUPPORTED",6763,6763,0,100.00,"",""
"benchmarks/xblock_wat/bid.game_26694437_b05783df24c9.wat","SUPPORTED",35461,35461,0,100.00,"",""
"benchmarks/xblock_wat/bid.game_26836265_498cfdafa382.wat","SUPPORTED",36700,36700,0,100.00,"",""
"benchmarks/xblock_wat/bid.game_26838606_41119b883d47.wat","SUPPORTED",36716,36716,0,100.00,"",""
"benchmarks/xblock_wat/bid.game_26860255_2a8231bb0a4e.wat","SUPPORTED",37698,37698,0,100.00,"",""
"benchmarks/xblock_wat/bid.game_27170400_23cfe6e40c3b.wat","SUPPORTED",38515,38515,0,100.00,"",""
"benchmarks/xblock_wat/bid.game_27176750_70ada8dac1c1.wat","SUPPORTED",38507,38507,0,100.00,"",""
"benchmarks/xblock_wat/bid.game_27182592_ed20e96dec1b.wat","SUPPORTED",38585,38585,0,100.00,"",""
"benchmarks/xblock_wat/bid.game_27203722_9709cd054713.wat","SUPPORTED",39515,39515,0,100.00,"",""
"benchmarks/xblock_wat/bid.game_27213543_6ad62bbef09b.wat","SUPPORTED",39488,39488,0,100.00,"",""
"benchmarks/xblock_wat/bid.game_27214601_b0e2392ef2e0.wat","SUPPORTED",39488,39488,0,100.00,"",""
"benchmarks/xblock_wat/bid.game_27215052_e26bef2687f7.wat","SUPPORTED",39488,39488,0,100.00,"",""
"benchmarks/xblock_wat/bid.game_27215401_f95ad0d1f4b6.wat","SUPPORTED",39395,39395,0,100.00,"",""
"benchmarks/xblock_wat/bid.game_27228920_72b62a139f82.wat","SUPPORTED",39390,39390,0,100.00,"",""
"benchmarks/xblock_wat/bid.game_27244572_8e0fa329400f.wat","SUPPORTED",38696,38696,0,100.00,"",""
"benchmarks/xblock_wat/bid.game_27250713_0f980fce8acc.wat","SUPPORTED",38678,38678,0,100.00,"",""
"benchmarks/xblock_wat/bid.game_28062479_64d77da73442.wat","SUPPORTED",38702,38702,0,100.00,"",""
"benchmarks/xblock_wat/bid.game_28242491_93191ecb8a0d.wat","SUPPORTED",38993,38993,0,100.00,"",""
"benchmarks/xblock_wat/bid.game_28246281_f545bbf1e8cb.wat","SUPPORTED",39045,39045,0,100.00,"",""
"benchmarks/xblock_wat/bid.game_28252027_0deab39d23a8.wat","SUPPORTED",39045,39045,0,100.00,"",""
"benchmarks/xblock_wat/bid.game_28436206_f1ab5aa48ab2.wat","SUPPORTED",39045,39045,0,100.00,"",""
"benchmarks/xblock_wat/bid.game_28882278_06e6c0267489.wat","SUPPORTED",39008,39008,0,100.00,"",""
"benchmarks/xblock_wat/bid.game_28932446_88246e4eb14d.wat","SUPPORTED",39081,39081,0,100.00,"",""
"benchmarks/xblock_wat/bid.game_28934068_b98083483655.wat","SUPPORTED",39128,39128,0,100.00,"",""
"benchmarks/xblock_wat/bid.game_29056672_d3c1cac43e14.wat","SUPPORTED",39130,39130,0,100.00,"",""
"benchmarks/xblock_wat/bid.game_29061123_9f3ea745d70f.wat","SUPPORTED",39466,39466,0,100.00,"",""
"benchmarks/xblock_wat/bid.game_29063910_1fc07c049714.wat","SUPPORTED",39471,39471,0,100.00,"",""
"benchmarks/xblock_wat/bid.game_29253777_01731ba75f4d.wat","SUPPORTED",39997,39997,0,100.00,"",""
"benchmarks/xblock_wat/bid.game_29262047_61590dfc9bca.wat","SUPPORTED",39929,39929,0,100.00,"",""
"benchmarks/xblock_wat/bid.game_29263499_132bb802223e.wat","SUPPORTED",40030,40030,0,100.00,"",""
"benchmarks/xblock_wat/bid.game_29265363_d7a1a305d12d.wat","SUPPORTED",40013,40013,0,100.00,"",""
"benchmarks/xblock_wat/bid.game_29273658_3c67c48a3ba4.wat","SUPPORTED",40045,40045,0,100.00,"",""
"benchmarks/xblock_wat/bid.game_29290785_8ee3f9ac4ce1.wat","SUPPORTED",40004,40004,0,100.00,"",""
"benchmarks/xblock_wat/bid.game_29417048_fa4ab6c92de9.wat","SUPPORTED",39904,39904,0,100.00,"",""
"benchmarks/xblock_wat/bid.game_29466139_433d7533c090.wat","SUPPORTED",39930,39930,0,100.00,"",""
"benchmarks/xblock_wat/bid.game_29471875_0a6e4219f88c.wat","SUPPORTED",40085,40085,0,100.00,"",""
"benchmarks/xblock_wat/bid.game_29473882_7dd52daea9ee.wat","SUPPORTED",40083,40083,0,100.00,"",""
"benchmarks/xblock_wat/bid.game_29499358_f6e4171ec653.wat","SUPPORTED",41179,41179,0,100.00,"",""
"benchmarks/xblock_wat/bid.game_29502805_e405de401b06.wat","SUPPORTED",42039,42039,0,100.00,"",""
"benchmarks/xblock_wat/bid.game_29558241_945701a0f3b7.wat","SUPPORTED",42037,42037,0,100.00,"",""
"benchmarks/xblock_wat/bid.game_29571510_398841f90004.wat","SUPPORTED",42072,42072,0,100.00,"",""
"benchmarks/xblock_wat/bid.game_29769021_a146d5717cf7.wat","SUPPORTED",42072,42072,0,100.00,"",""
"benchmarks/xblock_wat/bid.game_30310120_270fc68dd7ba.wat","SUPPORTED",42072,42072,0,100.00,"",""
"benchmarks/xblock_wat/bid.game_30515527_46cac754fdf8.wat","SUPPORTED",42072,42072,0,100.00,"",""
"benchmarks/xblock_wat/bid.game_30800226_41775e455a03.wat","SUPPORTED",44772,44772,0,100.00,"",""
"benchmarks/xblock_wat/bid.game_30821297_4078aa3c7337.wat","SUPPORTED",46330,46330,0,100.00,"",""
"benchmarks/xblock_wat/bid.game_31526965_92567db7f6f1.wat","SUPPORTED",46381,46381,0,100.00,"",""
"benchmarks/xblock_wat/bid.game_31843704_a61e1be7819a.wat","SUPPORTED",50835,50835,0,100.00,"",""
"benchmarks/xblock_wat/bid.game_31844531_9c5da7fd0850.wat","SUPPORTED",50835,50835,0,100.00,"",""
"benchmarks/xblock_wat/bid.game_31887226_1183d119552a.wat","SUPPORTED",50835,50835,0,100.00,"",""
"benchmarks/xblock_wat/bid.game_32004261_4e48d724fb23.wat","SUPPORTED",51168,51168,0,100.00,"",""
"benchmarks/xblock_wat/bid.game_32035625_a90952528315.wat","SUPPORTED",50213,50213,0,100.00,"",""
"benchmarks/xblock_wat/bid.game_32049419_a69f0c673f6d.wat","SUPPORTED",51000,51000,0,100.00,"",""
"benchmarks/xblock_wat/bid.game_32503539_13b693e408a2.wat","SUPPORTED",50989,50989,0,100.00,"",""
"benchmarks/xblock_wat/bid.game_32506107_b1c685e5479e.wat","SUPPORTED",51012,51012,0,100.00,"",""
"benchmarks/xblock_wat/bid.game_32509081_6e47d7ed06cd.wat","SUPPORTED",51942,51942,0,100.00,"",""
"benchmarks/xblock_wat/bid.game_32509374_3c336a486f6f.wat","SUPPORTED",51651,51651,0,100.00,"",""
"benchmarks/xblock_wat/bid.game_32519783_f218114066e9.wat","SUPPORTED",48281,48281,0,100.00,"",""
"benchmarks/xblock_wat/bid.game_32522480_38b2422842ab.wat","SUPPORTED",48276,48276,0,100.00,"",""
"benchmarks/xblock_wat/bid.game_32871633_bf89bd46561f.wat","SUPPORTED",50649,50649,0,100.00,"",""
"benchmarks/xblock_wat/bid.game_32873363_cf7ec01f090d.wat","SUPPORTED",51257,51257,0,100.00,"",""
"benchmarks/xblock_wat/bid.game_32909911_ecfe97968f1a.wat","SUPPORTED",51257,51257,0,100.00,"",""
"benchmarks/xblock_wat/bid.game_33038733_7d52c05394d6.wat","SUPPORTED",51765,51765,0,100.00,"",""
"benchmarks/xblock_wat/bid.game_35443172_3dd05fd40cbd.wat","SUPPORTED",51072,51072,0,100.00,"",""
"benchmarks/xblock_wat/bid.game_36458499_08963f3a009a.wat","SUPPORTED",51066,51066,0,100.00,"",""
"benchmarks/xblock_wat/bid.game_36507339_b71860d1f818.wat","SUPPORTED",51542,51542,0,100.00,"",""
"benchmarks/xblock_wat/bid.game_36509119_e8cc20c900e5.wat","SUPPORTED",51770,51770,0,100.00,"",""
"benchmarks/xblock_wat/bid.game_36638288_9c9a4e9d68f2.wat","SUPPORTED",52245,52245,0,100.00,"",""
"benchmarks/xblock_wat/bid.game_37492463_f3f2212bd6b6.wat","SUPPORTED",53160,53160,0,100.00,"",""
"benchmarks/xblock_wat/bid.game_49744403_fc96415a9ec9.wat","SUPPORTED",53154,53154,0,100.00,"",""
"benchmarks/xblock_wat/bidchextoken_51528911_ea1de8ca52e3.wat","SUPPORTED",43943,43943,0,100.00,"",""
"benchmarks/xblock_wat/bidchextoken_52792297_b55a73250f84.wat","SUPPORTED",44043,44043,0,100.00,"",""
"benchmarks/xblock_wat/bidchextoken_67067818_14d492c26666.wat","SUPPORTED",45620,45620,0,100.00,"",""
"benchmarks/xblock_wat/bidchextoken_77756873_6abc9a7f597c.wat","SUPPORTED",48487,48487,0,100.00,"",""
"benchmarks/xblock_wat/bidchextoken_79717507_948dc599306f.wat","SUPPORTED",49607,49607,0,100.00,"",""
"benchmarks/xblock_wat/bidchextoken_79718213_cae71f994f7a.wat","SUPPORTED",47631,47631,0,100.00,"",""
"benchmarks/xblock_wat/bidchextoken_79722418_fab22afaadeb.wat","SUPPORTED",49611,49611,0,100.00,"",""
"benchmarks/xblock_wat/bidchextoken_79722718_288dc5f06b28.wat","SUPPORTED",49611,49611,0,100.00,"",""
"benchmarks/xblock_wat/bidchextoken_83319403_730ac292b803.wat","SUPPORTED",49068,49068,0,100.00,"",""
"benchmarks/xblock_wat/bidjacksblue_30641793_5e3f479613f4.wat","SUPPORTED",27876,27876,0,100.00,"",""
"benchmarks/xblock_wat/bidjacksblue_30670125_f4c1a3fb67e4.wat","SUPPORTED",27872,27872,0,100.00,"",""
"benchmarks/xblock_wat/bidjacksblue_31325799_c9c70d543a63.wat","SUPPORTED",28250,28250,0,100.00,"",""
"benchmarks/xblock_wat/bidjacksblue_31706146_087759ed7783.wat","SUPPORTED",28289,28289,0,100.00,"",""
"benchmarks/xblock_wat/bidjacksblue_32525818_ff362a90ef82.wat","SUPPORTED",26120,26120,0,100.00,"",""
"benchmarks/xblock_wat/bidjacksblue_32527592_7297a144930b.wat","SUPPORTED",26114,26114,0,100.00,"",""
"benchmarks/xblock_wat/bidname.com_36663653_aac308264efb.wat","SUPPORTED",110029,110029,0,100.00,"",""
"benchmarks/xblock_wat/bidname.com_36665439_48d0c53cc542.wat","SUPPORTED",110145,110145,0,100.00,"",""
"benchmarks/xblock_wat/bidname.com_36677615_60fe0916b329.wat","SUPPORTED",109605,109605,0,100.00,"",""
"benchmarks/xblock_wat/bidname.com_36692645_e486eb808851.wat","SUPPORTED",109588,109588,0,100.00,"",""
"benchmarks/xblock_wat/bidname.com_36696962_d5e4132f1a20.wat","SUPPORTED",109588,109588,0,100.00,"",""
"benchmarks/xblock_wat/bidname.com_36700352_cc77b964d593.wat","SUPPORTED",110244,110244,0,100.00,"",""
"benchmarks/xblock_wat/bidname.com_36713525_b81581891a35.wat","SUPPORTED",110268,110268,0,100.00,"",""
"benchmarks/xblock_wat/bidname.com_36720947_1c008a596c34.wat","SUPPORTED",109594,109594,0,100.00,"",""
"benchmarks/xblock_wat/bidname.com_36724922_c8f1a3802c40.wat","SUPPORTED",109657,109657,0,100.00,"",""
"benchmarks/xblock_wat/bidname.com_36728376_dc858c0ddd84.wat","SUPPORTED",112645,112645,0,100.00,"",""
"benchmarks/xblock_wat/bidname.com_36729349_1cb43b13a9e2.wat","SUPPORTED",112596,112596,0,100.00,"",""
"benchmarks/xblock_wat/bidname.com_36729861_6303451fb852.wat","SUPPORTED",112652,112652,0,100.00,"",""
"benchmarks/xblock_wat/bidname.com_36730897_44f09f033f56.wat","SUPPORTED",112665,112665,0,100.00,"",""
"benchmarks/xblock_wat/bidname.com_36737750_86f6cfd14a02.wat","SUPPORTED",110939,110939,0,100.00,"",""
"benchmarks/xblock_wat/bidname.com_36741906_c2ef5eaa11a3.wat","SUPPORTED",111166,111166,0,100.00,"",""
"benchmarks/xblock_wat/bidname.com_36786221_8eea6954298d.wat","SUPPORTED",111255,111255,0,100.00,"",""
"benchmarks/xblock_wat/bidname.com_36788013_47b95130b0a1.wat","SUPPORTED",111166,111166,0,100.00,"",""
"benchmarks/xblock_wat/bidname.com_36788323_f29155ab35aa.wat","SUPPORTED",111258,111258,0,100.00,"",""
"benchmarks/xblock_wat/bidname.com_36789074_64d9d63705f5.wat","SUPPORTED",111255,111255,0,100.00,"",""
"benchmarks/xblock_wat/bidname.com_36790700_50a4feaa765f.wat","SUPPORTED",111267,111267,0,100.00,"",""
"benchmarks/xblock_wat/bidname.com_36790984_7d4296e79ad8.wat","SUPPORTED",111264,111264,0,100.00,"",""
"benchmarks/xblock_wat/bidname.com_36791149_82ba85a9cc3e.wat","SUPPORTED",111261,111261,0,100.00,"",""
"benchmarks/xblock_wat/bidname.com_36791377_6a1bc68829a1.wat","SUPPORTED",111258,111258,0,100.00,"",""
"benchmarks/xblock_wat/bidname.com_36794177_d40dbc006e2f.wat","SUPPORTED",111257,111257,0,100.00,"",""
"benchmarks/xblock_wat/bidname.com_36795626_c4f2599cf8ea.wat","SUPPORTED",111165,111165,0,100.00,"",""
"benchmarks/xblock_wat/bidname.com_36808399_69520b971e04.wat","SUPPORTED",111202,111202,0,100.00,"",""
"benchmarks/xblock_wat/bidname.com_36984386_a05a192fe862.wat","SUPPORTED",111287,111287,0,100.00,"",""
"benchmarks/xblock_wat/bidname.com_40236083_0a7d6a9206a7.wat","SUPPORTED",64549,64549,0,100.00,"",""
"benchmarks/xblock_wat/bidname.com_40239102_3107090062cf.wat","SUPPORTED",64571,64571,0,100.00,"",""
"benchmarks/xblock_wat/bidname.com_40239662_ca33802ea2b3.wat","SUPPORTED",64570,64570,0,100.00,"",""
"benchmarks/xblock_wat/bidname.com_40241725_84411124dd54.wat","SUPPORTED",64584,64584,0,100.00,"",""
"benchmarks/xblock_wat/bidname.com_40246537_e2adea069128.wat","SUPPORTED",64511,64511,0,100.00,"",""
"benchmarks/xblock_wat/bidname.com_40255525_f43c55c2a63b.wat","SUPPORTED",64710,64710,0,100.00,"",""
"benchmarks/xblock_wat/bidname.com_40255935_3be3f61f1357.wat","SUPPORTED",64713,64713,0,100.00,"",""
"benchmarks/xblock_wat/bidname.com_40295145_1220c6f0c16a.wat","SUPPORTED",64514,64514,0,100.00,"",""
"benchmarks/xblock_wat/bidname.com_45765269_fbecb4ce2db6.wat","SUPPORTED",65144,65144,0,100.00,"",""
"benchmarks/xblock_wat/bidname.com_60839220_09f500699745.wat","SUPPORTED",67480,67480,0,100.00,"",""
"benchmarks/xblock_wat/bidname.com_72753577_d221c2ed91a9.wat","SUPPORTED",70202,70202,0,100.00,"",""
"benchmarks/xblock_wat/bidname.com_73055807_83e41b2d0938.wat","SUPPORTED",73722,73722,0,100.00,"",""
"benchmarks/xblock_wat/bidname.com_84167952_ee699ffea2d1.wat","SUPPORTED",73564,73564,0,100.00,"",""
"benchmarks/xblock_wat/bidname.com_87738437_553855038e2d.wat","SUPPORTED",69838,69838,0,100.00,"",""
"benchmarks/xblock_wat/bidname.com_87742814_8c1f6afe7503.wat","SUPPORTED",69546,69546,0,100.00,"",""
"benchmarks/xblock_wat/bidname.com_87757004_15905c0c86b7.wat","SUPPORTED",70259,70259,0,100.00,"",""
"benchmarks/xblock_wat/bidname.eos_27232379_9241428388f6.wat","SUPPORTED",4830,4830,0,100.00,"",""
"benchmarks/xblock_wat/bidname.eos_28073287_27508370b8cb.wat","SUPPORTED",5029,5029,0,100.00,"",""
"benchmarks/xblock_wat/bidname.tp_47398948_d259d97a9671.wat","SUPPORTED",29858,29858,0,100.00,"",""
"benchmarks/xblock_wat/bidname.tp_47407468_9ca9f0b66cfd.wat","SUPPORTED",29858,29858,0,100.00,"",""
"benchmarks/xblock_wat/bidname.tp_47410357_61ffcca6a868.wat","SUPPORTED",29858,29858,0,100.00,"",""
"benchmarks/xblock_wat/bidname.tp_47412031_2d94e4b4941c.wat","SUPPORTED",29472,29472,0,100.00,"",""
"benchmarks/xblock_wat/bidname.tp_47414056_487f5592d198.wat","SUPPORTED",30092,30092,0,100.00,"",""
"benchmarks/xblock_wat/bidname.tp_47415782_14e920283b1e.wat","SUPPORTED",29510,29510,0,100.00,"",""
"benchmarks/xblock_wat/bidname.tp_47418278_10a9e87ed730.wat","SUPPORTED",29779,29779,0,100.00,"",""
"benchmarks/xblock_wat/bidname.tp_47418430_1008ee32fa31.wat","SUPPORTED",29813,29813,0,100.00,"",""
"benchmarks/xblock_wat/bidname.tp_47418849_332115ab1404.wat","SUPPORTED",29813,29813,0,100.00,"",""
"benchmarks/xblock_wat/bidname.tp_47420559_01d16b91b4af.wat","SUPPORTED",29782,29782,0,100.00,"",""
"benchmarks/xblock_wat/bidname.tp_47540984_73c9a87a922d.wat","SUPPORTED",30861,30861,0,100.00,"",""
"benchmarks/xblock_wat/bidname.tp_47565977_28763876e400.wat","SUPPORTED",30892,30892,0,100.00,"",""
"benchmarks/xblock_wat/bidname.tp_47568191_97dc472878e4.wat","SUPPORTED",31661,31661,0,100.00,"",""
"benchmarks/xblock_wat/bidname.tp_50087194_dd196da6d22b.wat","SUPPORTED",32562,32562,0,100.00,"",""
"benchmarks/xblock_wat/bidname.tp_50352774_eee458b0489a.wat","SUPPORTED",32562,32562,0,100.00,"",""
"benchmarks/xblock_wat/bidname.tp_60633956_9bc2000b05ed.wat","SUPPORTED",32451,32451,0,100.00,"",""
"benchmarks/xblock_wat/bidreamroute_39050291_8d51ff4de60a.wat","SUPPORTED",5947,5947,0,100.00,"",""
"benchmarks/xblock_wat/bidtokencvrt_45803461_095433c3616f.wat","SUPPORTED",11474,11474,0,100.00,"",""
"benchmarks/xblock_wat/bigdickmorty_62326015_d528bac374ab.wat","SUPPORTED",6978,6978,0,100.00,"",""
"benchmarks/xblock_wat/bigdickmorty_62326206_1c987b8b8d68.wat","SUPPORTED",6978,6978,0,100.00,"",""
"benchmarks/xblock_wat/biggamebonus_23232666_704ca621b10c.wat","SUPPORTED",3193,3193,0,100.00,"",""
"benchmarks/xblock_wat/biggamebonus_26891667_795cb5fea617.wat","SUPPORTED",5519,5519,0,100.00,"",""
"benchmarks/xblock_wat/biggamebonus_27426431_41317521a4ad.wat","SUPPORTED",5533,5533,0,100.00,"",""
"benchmarks/xblock_wat/biggamebonus_27449174_57956eb9fb9f.wat","SUPPORTED",5533,5533,0,100.00,"",""
"benchmarks/xblock_wat/biggamebonus_66836902_855b41d00047.wat","SUPPORTED",5614,5614,0,100.00,"",""
"benchmarks/xblock_wat/biggamehunte_30868772_7fc0b4a7a6e4.wat","SUPPORTED",2756,2756,0,100.00,"",""
"benchmarks/xblock_wat/biggamehunte_31556433_e07fc8bb07f8.wat","SUPPORTED",5384,5384,0,100.00,"",""
"benchmarks/xblock_wat/biggamehunte_31556694_89e33ba94956.wat","SUPPORTED",5384,5384,0,100.00,"",""
"benchmarks/xblock_wat/biggamehunte_31556850_b7df67a32371.wat","SUPPORTED",5397,5397,0,100.00,"",""
"benchmarks/xblock_wat/biggamehunte_31557135_e58e479dacfe.wat","SUPPORTED",5483,5483,0,100.00,"",""
"benchmarks/xblock_wat/biggamehunte_31607843_664a3b715f61.wat","SUPPORTED",2756,2756,0,100.00,"",""
"benchmarks/xblock_wat/biggamehunte_32040421_a9a6470da31b.wat","SUPPORTED",2173,2173,0,100.00,"",""
"benchmarks/xblock_wat/biggamehunte_32042261_49bfade68a63.wat","SUPPORTED",2173,2173,0,100.00,"",""
"benchmarks/xblock_wat/biggamehunte_78459538_48f2ba282633.wat","SUPPORTED",3895,3895,0,100.00,"",""
"benchmarks/xblock_wat/biggamehunte_78461805_85e30cdc2bac.wat","SUPPORTED",5755,5755,0,100.00,"",""
"benchmarks/xblock_wat/biggamehunte_78463538_67c752670531.wat","SUPPORTED",4952,4952,0,100.00,"",""
"benchmarks/xblock_wat/biggamehunte_79080867_51160e08deb0.wat","SUPPORTED",4894,4894,0,100.00,"",""
"benchmarks/xblock_wat/biggamehunte_79081881_21d232dbb9fe.wat","SUPPORTED",4894,4894,0,100.00,"",""
"benchmarks/xblock_wat/biggamehunte_79082298_d5986f9e3fcc.wat","SUPPORTED",4808,4808,0,100.00,"",""
"benchmarks/xblock_wat/biggamehunte_79097411_341c3b59628f.wat","SUPPORTED",4176,4176,0,100.00,"",""
"benchmarks/xblock_wat/biggamehunte_79097922_afe5073aa1e6.wat","SUPPORTED",4647,4647,0,100.00,"",""
"benchmarks/xblock_wat/biggamehunte_79098101_cbb1f01d63b7.wat","SUPPORTED",4713,4713,0,100.00,"",""
"benchmarks/xblock_wat/biggamehunte_79105282_d5a2e948ab20.wat","SUPPORTED",4531,4531,0,100.00,"",""
"benchmarks/xblock_wat/biggamehunte_79128300_e28a6daa66c6.wat","SUPPORTED",3384,3384,0,100.00,"",""
"benchmarks/xblock_wat/biggamehunte_79128466_ae889a3a7637.wat","SUPPORTED",3928,3928,0,100.00,"",""
"benchmarks/xblock_wat/biggamehunte_79129371_3e288156dc81.wat","SUPPORTED",4280,4280,0,100.00,"",""
"benchmarks/xblock_wat/biggamehunte_79307968_d01be7cd55f9.wat","SUPPORTED",5292,5292,0,100.00,"",""
"benchmarks/xblock_wat/biggamehunte_79309177_ce3989b1b1a8.wat","SUPPORTED",4974,4974,0,100.00,"",""
"benchmarks/xblock_wat/biggamehunte_79309790_e62f12021259.wat","SUPPORTED",4968,4968,0,100.00,"",""
"benchmarks/xblock_wat/biggamehunte_79309953_59087e9392bc.wat","SUPPORTED",4965,4965,0,100.00,"",""
"benchmarks/xblock_wat/biggamehunte_79312722_2f858935118d.wat","SUPPORTED",4988,4988,0,100.00,"",""
"benchmarks/xblock_wat/biggamehunte_79313773_241264f2d697.wat","SUPPORTED",5103,5103,0,100.00,"",""
"benchmarks/xblock_wat/biggamehunte_79314096_12861bb8b33e.wat","SUPPORTED",5090,5090,0,100.00,"",""
"benchmarks/xblock_wat/biggamehunte_79314679_b9a55803f27e.wat","SUPPORTED",3962,3962,0,100.00,"",""
"benchmarks/xblock_wat/biggamehunte_79314969_267ca55747d2.wat","SUPPORTED",3963,3963,0,100.00,"",""
"benchmarks/xblock_wat/biggamehunte_79315527_adad29713092.wat","SUPPORTED",4053,4053,0,100.00,"",""
"benchmarks/xblock_wat/biggamehunte_79315728_451b2e3fa52d.wat","SUPPORTED",5174,5174,0,100.00,"",""
"benchmarks/xblock_wat/biggamehunte_79316935_31d25f04e916.wat","SUPPORTED",5174,5174,0,100.00,"",""
"benchmarks/xblock_wat/biggamehunte_79322672_144db6394e83.wat","SUPPORTED",5420,5420,0,100.00,"",""
"benchmarks/xblock_wat/biggamehunte_79323023_48ff9b3925a1.wat","SUPPORTED",4928,4928,0,100.00,"",""
"benchmarks/xblock_wat/biggamehunte_79323195_5d517b0acb9e.wat","SUPPORTED",4842,4842,0,100.00,"",""
"benchmarks/xblock_wat/biggamehunte_79323406_56ceb18673e7.wat","SUPPORTED",1203,1203,0,100.00,"",""
"benchmarks/xblock_wat/biggamehunte_79324010_c30275f258e2.wat","SUPPORTED",3720,3720,0,100.00,"",""
"benchmarks/xblock_wat/biggamehunte_79324475_253b998b8e64.wat","SUPPORTED",4016,4016,0,100.00,"",""
"benchmarks/xblock_wat/biggamehunte_79325036_392258218172.wat","SUPPORTED",4016,4016,0,100.00,"",""
"benchmarks/xblock_wat/biggamehunte_79325317_5d40b17b1d22.wat","SUPPORTED",5138,5138,0,100.00,"",""
"benchmarks/xblock_wat/biggamehunte_79325478_75aaf99b8ed3.wat","SUPPORTED",2665,2665,0,100.00,"",""
"benchmarks/xblock_wat/biggamehunte_79325871_928f0bfc576d.wat","SUPPORTED",2183,2183,0,100.00,"",""
"benchmarks/xblock_wat/biggamehunte_79326548_3904ea4cc185.wat","SUPPORTED",2566,2566,0,100.00,"",""
"benchmarks/xblock_wat/biggamehunte_79327243_f7f76d977373.wat","SUPPORTED",2664,2664,0,100.00,"",""
"benchmarks/xblock_wat/biggamehunte_79327565_bfde091b1936.wat","SUPPORTED",2571,2571,0,100.00,"",""
"benchmarks/xblock_wat/biggamehunte_79333844_fe7e1546ff68.wat","SUPPORTED",4039,4039,0,100.00,"",""
"benchmarks/xblock_wat/biggamehunte_79335009_4d9e0a66a7cf.wat","SUPPORTED",3951,3951,0,100.00,"",""
"benchmarks/xblock_wat/biggamehunte_79412913_66f76e287f0f.wat","SUPPORTED",4039,4039,0,100.00,"",""
"benchmarks/xblock_wat/biggamehunte_79427585_f9110e60aea6.wat","SUPPORTED",2633,2633,0,100.00,"",""
"benchmarks/xblock_wat/biggamehunte_79490104_3e5945f67ee6.wat","SUPPORTED",2489,2489,0,100.00,"",""
"benchmarks/xblock_wat/biggamehunte_79494655_72f058176864.wat","SUPPORTED",3763,3763,0,100.00,"",""
"benchmarks/xblock_wat/biggamehunte_79993203_3770baa114c3.wat","SUPPORTED",5489,5489,0,100.00,"",""
"benchmarks/xblock_wat/biggamehunte_79993347_ee2a373280e3.wat","SUPPORTED",5489,5489,0,100.00,"",""
"benchmarks/xblock_wat/biggamehunte_79993464_fe89f7bc600c.wat","SUPPORTED",5400,5400,0,100.00,"",""
"benchmarks/xblock_wat/biggamehunte_79993690_8f2d2428037f.wat","SUPPORTED",4419,4419,0,100.00,"",""
"benchmarks/xblock_wat/biggamehunte_79993909_4474949264d9.wat","SUPPORTED",3834,3834,0,100.00,"",""
"benchmarks/xblock_wat/biggamehunte_79994071_a768598b03d1.wat","SUPPORTED",2378,2378,0,100.00,"",""
"benchmarks/xblock_wat/biggamehunte_79994359_66e7d2d5f537.wat","SUPPORTED",2354,2354,0,100.00,"",""
"benchmarks/xblock_wat/biggamehunte_79994446_e2f115facb09.wat","SUPPORTED",2250,2250,0,100.00,"",""
"benchmarks/xblock_wat/biggamehunte_79994636_5a85e241c304.wat","SUPPORTED",4376,4376,0,100.00,"",""
"benchmarks/xblock_wat/biggamehunte_79994847_92c223800e7e.wat","SUPPORTED",4290,4290,0,100.00,"",""
"benchmarks/xblock_wat/biggamehunte_79995406_eb0cf93c9450.wat","SUPPORTED",3910,3910,0,100.00,"",""
"benchmarks/xblock_wat/biggamehunte_79995532_4f7a3640a609.wat","SUPPORTED",3911,3911,0,100.00,"",""
"benchmarks/xblock_wat/biggamehunte_79995657_7b473e9e3d80.wat","SUPPORTED",4936,4936,0,100.00,"",""
"benchmarks/xblock_wat/biggamehunte_79995854_45e124b60a90.wat","SUPPORTED",4850,4850,0,100.00,"",""
"benchmarks/xblock_wat/biggamehunte_79997171_57f5645ac52d.wat","SUPPORTED",5405,5405,0,100.00,"",""
"benchmarks/xblock_wat/biggamehunte_79999847_fef3616a0074.wat","SUPPORTED",5402,5402,0,100.00,"",""
"benchmarks/xblock_wat/biggamehunte_80000165_89c0856d3be8.wat","SUPPORTED",4935,4935,0,100.00,"",""
"benchmarks/xblock_wat/biggamehunte_80001132_fa6c46ba4d85.wat","SUPPORTED",4849,4849,0,100.00,"",""
"benchmarks/xblock_wat/biggamehunte_80001235_ce4cedf17f25.wat","SUPPORTED",4849,4849,0,100.00,"",""
"benchmarks/xblock_wat/biggamehunte_80002639_33d01b91370d.wat","SUPPORTED",4748,4748,0,100.00,"",""
"benchmarks/xblock_wat/biggamehunte_80003003_12e7eb162a10.wat","SUPPORTED",5103,5103,0,100.00,"",""
"benchmarks/xblock_wat/biggamehunte_80012552_d0819c52a56b.wat","SUPPORTED",4808,4808,0,100.00,"",""
"benchmarks/xblock_wat/biggamehunte_80013154_a29ca3909c98.wat","SUPPORTED",4789,4789,0,100.00,"",""
"benchmarks/xblock_wat/biggamehunte_80013327_2dc631683388.wat","SUPPORTED",5079,5079,0,100.00,"",""
"benchmarks/xblock_wat/biggamehunte_80017195_8baaf48d0f6b.wat","SUPPORTED",4892,4892,0,100.00,"",""
"benchmarks/xblock_wat/biggamehunte_80018719_67e77d9e60f2.wat","SUPPORTED",4892,4892,0,100.00,"",""
"benchmarks/xblock_wat/biggamehunte_80018922_1eee8f98ac94.wat","SUPPORTED",5079,5079,0,100.00,"",""
"benchmarks/xblock_wat/biggamehunte_80019134_402ab4a296c0.wat","SUPPORTED",5079,5079,0,100.00,"",""
"benchmarks/xblock_wat/biggamehunte_89650182_7abf3a278f90.wat","SUPPORTED",3439,3439,0,100.00,"",""
"benchmarks/xblock_wat/biggamehunte_89651600_3ed44524323b.wat","SUPPORTED",3439,3439,0,100.00,"",""
"benchmarks/xblock_wat/biggamehunte_89652602_83c92d78f98c.wat","SUPPORTED",3439,3439,0,100.00,"",""
"benchmarks/xblock_wat/biggamehunte_89656452_b0659d3588a0.wat","SUPPORTED",3439,3439,0,100.00,"",""
"benchmarks/xblock_wat/biggamehunte_89656875_90ad4a2e541c.wat","SUPPORTED",3441,3441,0,100.00,"",""
"benchmarks/xblock_wat/biggamehunte_89659464_bcd48a247459.wat","SUPPORTED",4080,4080,0,100.00,"",""
"benchmarks/xblock_wat/biggamelots1_17023030_fd2318c67cf9.wat","SUPPORTED",27132,27132,0,100.00,"",""
"benchmarks/xblock_wat/biggamelots5_17023016_f4c17d90b857.wat","SUPPORTED",26985,26985,0,100.00,"",""
"benchmarks/xblock_wat/biggameminer_26183426_f27bc30c2398.wat","SUPPORTED",4879,4879,0,100.00,"",""
"benchmarks/xblock_wat/biggameminer_29061671_eb37d9084380.wat","SUPPORTED",5339,5339,0,100.00,"",""
"benchmarks/xblock_wat/biggameminer_37721028_d1528bfc4cfe.wat","SUPPORTED",5420,5420,0,100.00,"",""
"benchmarks/xblock_wat/biggameminer_53372207_a0b7c8028b4e.wat","SUPPORTED",5582,5582,0,100.00,"",""
"benchmarks/xblock_wat/biggameminer_55315716_d7620917928b.wat","SUPPORTED",5663,5663,0,100.00,"",""
"benchmarks/xblock_wat/biggameminer_66492249_eeaf479d2633.wat","SUPPORTED",5264,5264,0,100.00,"",""
"benchmarks/xblock_wat/biggameminer_66872430_edd43752023b.wat","SUPPORTED",4654,4654,0,100.00,"",""
"benchmarks/xblock_wat/biggameminer_71536682_93526568c0a9.wat","SUPPORTED",4668,4668,0,100.00,"",""
"benchmarks/xblock_wat/biggamerank1_27422389_2520fb6509d0.wat","SUPPORTED",18240,18240,0,100.00,"",""
"benchmarks/xblock_wat/biggamerefer_19133107_540b47348e41.wat","SUPPORTED",6836,6836,0,100.00,"",""
"benchmarks/xblock_wat/biggamerefer_23248653_48fb49353731.wat","SUPPORTED",6840,6840,0,100.00,"",""
"benchmarks/xblock_wat/biggamerefer_24841323_219b31be3b14.wat","SUPPORTED",148200,148200,0,100.00,"",""
"benchmarks/xblock_wat/biggamerefer_24843926_167075b8bcd1.wat","SUPPORTED",7497,7497,0,100.00,"",""
"benchmarks/xblock_wat/biggamerefer_26167284_c40c21a6dfce.wat","SUPPORTED",7484,7484,0,100.00,"",""
"benchmarks/xblock_wat/biggamerefer_26225437_3b6a4c76253f.wat","SUPPORTED",7488,7488,0,100.00,"",""
"benchmarks/xblock_wat/biggamerefer_29249148_8c22d0ba3012.wat","SUPPORTED",8003,8003,0,100.00,"",""
"benchmarks/xblock_wat/biggamerefer_37721053_e468f052fdf1.wat","SUPPORTED",8084,8084,0,100.00,"",""
"benchmarks/xblock_wat/biggamerefer_38044733_cab57a051b08.wat","SUPPORTED",10078,10078,0,100.00,"",""
"benchmarks/xblock_wat/biggamerefer_38053420_1abe9490c0e9.wat","SUPPORTED",10073,10073,0,100.00,"",""
"benchmarks/xblock_wat/biggamerefer_48702046_ed13f7089a31.wat","SUPPORTED",10154,10154,0,100.00,"",""
"benchmarks/xblock_wat/biggamerefer_51154357_67deb08e2d67.wat","SUPPORTED",10425,10425,0,100.00,"",""
"benchmarks/xblock_wat/biggamerefer_51486284_0772430105f9.wat","SUPPORTED",12215,12215,0,100.00,"",""
"benchmarks/xblock_wat/biggamerefer_53372163_5e52a721b284.wat","SUPPORTED",12296,12296,0,100.00,"",""
"benchmarks/xblock_wat/biggamerefer_55315719_22455094f16a.wat","SUPPORTED",12377,12377,0,100.00,"",""
"benchmarks/xblock_wat/biggamerefer_66842621_bf0d58de2974.wat","SUPPORTED",14188,14188,0,100.00,"",""
"benchmarks/xblock_wat/biggamerefer_71849063_766e714752b3.wat","SUPPORTED",14975,14975,0,100.00,"",""
"benchmarks/xblock_wat/biggamerefer_72747107_0261e2da762e.wat","SUPPORTED",13794,13794,0,100.00,"",""
"benchmarks/xblock_wat/biggamerefer_83956276_ea3255c29835.wat","SUPPORTED",16346,16346,0,100.00,"",""
"benchmarks/xblock_wat/biggameshare_27076260_2a0f413d6f3f.wat","SUPPORTED",2976,2976,0,100.00,"",""
"benchmarks/xblock_wat/biggameshare_27430917_de4cd9109a2b.wat","SUPPORTED",3837,3837,0,100.00,"",""
"benchmarks/xblock_wat/biggameshare_27430963_1b930894760f.wat","SUPPORTED",3861,3861,0,100.00,"",""
"benchmarks/xblock_wat/biggamevip11_24842463_adb904fd7b7a.wat","SUPPORTED",6270,6270,0,100.00,"",""
"benchmarks/xblock_wat/biggamevip11_33076836_a8d99bec6806.wat","SUPPORTED",13458,13458,0,100.00,"",""
"benchmarks/xblock_wat/biggamevip11_33191833_c9a29e2eab36.wat","SUPPORTED",13455,13455,0,100.00,"",""
"benchmarks/xblock_wat/biggamevip11_33241936_a04fc82a92da.wat","SUPPORTED",13460,13460,0,100.00,"",""
"benchmarks/xblock_wat/biggamevip11_33705625_7d72f54d2f57.wat","SUPPORTED",25358,25358,0,100.00,"",""
"benchmarks/xblock_wat/biggamevip11_66861554_a6fbab79c19f.wat","SUPPORTED",14103,14103,0,100.00,"",""
"benchmarks/xblock_wat/biggamevip11_71840462_adb118ddea7e.wat","SUPPORTED",19385,19385,0,100.00,"",""
"benchmarks/xblock_wat/biggamevip11_72747147_45d87f678751.wat","SUPPORTED",16838,16838,0,100.00,"",""
"benchmarks/xblock_wat/biggamevip11_73596691_4be17ec26a59.wat","SUPPORTED",18100,18100,0,100.00,"",""
"benchmarks/xblock_wat/biggamevip11_74936437_fdfa5b0c4479.wat","SUPPORTED",16655,16655,0,100.00,"",""
"benchmarks/xblock_wat/biggamevip11_83966571_e607c1510f42.wat","SUPPORTED",19486,19486,0,100.00,"",""
"benchmarks/xblock_wat/bigwinpayout_31208083_3309e722de2a.wat","SUPPORTED",19277,19277,0,100.00,"",""
"benchmarks/xblock_wat/bigwinpayout_31667982_d364112c4f0c.wat","SUPPORTED",20408,20408,0,100.00,"",""
"benchmarks/xblock_wat/bigwinpayout_32411489_3c5eff8e6de4.wat","SUPPORTED",20509,20509,0,100.00,"",""
"benchmarks/xblock_wat/bigwinrank11_30176851_7a79749d8a24.wat","SUPPORTED",13932,13932,0,100.00,"",""
"benchmarks/xblock_wat/bigwinrank11_30527842_dc6bebf1952b.wat","SUPPORTED",14749,14749,0,100.00,"",""
"benchmarks/xblock_wat/bigwinshare1_26576330_d21b927e4e33.wat","SUPPORTED",12989,12989,0,100.00,"",""
"benchmarks/xblock_wat/bigwinshare1_26887772_99761f2037fb.wat","SUPPORTED",14601,14601,0,100.00,"",""
"benchmarks/xblock_wat/bigwinshare1_28053346_9808d0731414.wat","SUPPORTED",16844,16844,0,100.00,"",""
"benchmarks/xblock_wat/bigwinshare1_28215728_7b76605a0af3.wat","SUPPORTED",16860,16860,0,100.00,"",""
"benchmarks/xblock_wat/bigwinshare1_30173465_9914349f923e.wat","SUPPORTED",13897,13897,0,100.00,"",""
"benchmarks/xblock_wat/bigwinshare1_30174598_2c1aa3215af8.wat","SUPPORTED",21858,21858,0,100.00,"",""
"benchmarks/xblock_wat/bigwinshare1_31210601_43d8b42b91fb.wat","SUPPORTED",21897,21897,0,100.00,"",""
"benchmarks/xblock_wat/bigwinshare1_31324675_2ff0c1ee113d.wat","SUPPORTED",21897,21897,0,100.00,"",""
"benchmarks/xblock_wat/bigwinshare1_31555016_3a4d7ac8fbad.wat","SUPPORTED",21904,21904,0,100.00,"",""
"benchmarks/xblock_wat/bigwinshare1_31562624_6c20f9a6073c.wat","SUPPORTED",21904,21904,0,100.00,"",""
"benchmarks/xblock_wat/bigwinshare1_31726288_d7b3f65842a7.wat","SUPPORTED",22417,22417,0,100.00,"",""
"benchmarks/xblock_wat/bigwintoken1_27262306_8abbd821a0dd.wat","SUPPORTED",13074,13074,0,100.00,"",""
"benchmarks/xblock_wat/bigwintoken1_27270989_03c457c103df.wat","SUPPORTED",13074,13074,0,100.00,"",""
"benchmarks/xblock_wat/bigwintoken1_27272076_14c4df492118.wat","SUPPORTED",13428,13428,0,100.00,"",""
"benchmarks/xblock_wat/bigwintoken1_27876792_7c67bd252306.wat","SUPPORTED",15224,15224,0,100.00,"",""
"benchmarks/xblock_wat/bigwintoken1_27919873_0d30ccdfd30f.wat","SUPPORTED",15845,15845,0,100.00,"",""
"benchmarks/xblock_wat/bigwintoken1_27920982_1dbb2ed9dc7f.wat","SUPPORTED",15843,15843,0,100.00,"",""
"benchmarks/xblock_wat/bigwintoken1_28053446_6af01fa852c1.wat","SUPPORTED",16803,16803,0,100.00,"",""
"benchmarks/xblock_wat/bigwintoken1_31201981_749b85622f0a.wat","SUPPORTED",21801,21801,0,100.00,"",""
"benchmarks/xblock_wat/bigwintoken1_31202232_ec00079eefc8.wat","SUPPORTED",21801,21801,0,100.00,"",""
"benchmarks/xblock_wat/bigwintoken1_31215747_84c1461dfd32.wat","SUPPORTED",21944,21944,0,100.00,"",""
"benchmarks/xblock_wat/bikicoineos5_59636147_c6a1a3077402.wat","SUPPORTED",2611,2611,0,100.00,"",""
"benchmarks/xblock_wat/billbusiness_20094836_4734c78d5d5c.wat","SUPPORTED",28581,28581,0,100.00,"",""
"benchmarks/xblock_wat/billbusiness_21948292_53796e142f70.wat","SUPPORTED",29235,29235,0,100.00,"",""
"benchmarks/xblock_wat/billbusiness_21950151_20a0dedbc29a.wat","SUPPORTED",29239,29239,0,100.00,"",""
"benchmarks/xblock_wat/billionairet_41201104_58d7ee56ebd2.wat","SUPPORTED",9619,9619,0,100.00,"",""
"benchmarks/xblock_wat/billionairet_42395164_b6803be5cb92.wat","SUPPORTED",11381,11381,0,100.00,"",""
"benchmarks/xblock_wat/billionairet_42459994_74c71c1a9630.wat","SUPPORTED",11378,11378,0,100.00,"",""
"benchmarks/xblock_wat/billionairet_47290773_6c73f68928f4.wat","SUPPORTED",9690,9690,0,100.00,"",""
"benchmarks/xblock_wat/billionburnr_42583942_9b0578b2cff0.wat","SUPPORTED",5727,5727,0,100.00,"",""
"benchmarks/xblock_wat/billionraffl_42579355_7fb161b31522.wat","SUPPORTED",18164,18164,0,100.00,"",""
"benchmarks/xblock_wat/binancecleos_11387487_35152040f0db.wat","SUPPORTED",2386,2386,0,100.00,"",""
"benchmarks/xblock_wat/binaryfun111_33129889_a2ad21a9fc89.wat","SUPPORTED",2595,2595,0,100.00,"",""
"benchmarks/xblock_wat/binaryfun112_33130842_24c5580f1754.wat","SUPPORTED",2595,2595,0,100.00,"",""
"benchmarks/xblock_wat/binaryfun113_33131618_a719bca34f8c.wat","SUPPORTED",2595,2595,0,100.00,"",""
"benchmarks/xblock_wat/binaryfun114_33133044_5d2caa06d7b3.wat","SUPPORTED",2595,2595,0,100.00,"",""
"benchmarks/xblock_wat/binaryfun115_33142177_13b23815b797.wat","SUPPORTED",2595,2595,0,100.00,"",""
"benchmarks/xblock_wat/binaryfun121_33143435_9176568a133b.wat","SUPPORTED",2595,2595,0,100.00,"",""
"benchmarks/xblock_wat/binaryfun122_33144229_bab65ccbdb26.wat","SUPPORTED",2595,2595,0,100.00,"",""
"benchmarks/xblock_wat/binaryfun122_33144845_062a25792ce3.wat","SUPPORTED",2595,2595,0,100.00,"",""
"benchmarks/xblock_wat/binaryfun123_33145669_f75489892548.wat","SUPPORTED",2595,2595,0,100.00,"",""
"benchmarks/xblock_wat/binaryfun124_33146354_b3b105ccb6f6.wat","SUPPORTED",2595,2595,0,100.00,"",""
"benchmarks/xblock_wat/binaryfuneos_33125903_6d832e4d38d6.wat","SUPPORTED",2662,2662,0,100.00,"",""
"benchmarks/xblock_wat/binaryfuneos_33127669_492d0e6fe557.wat","SUPPORTED",2595,2595,0,100.00,"",""
"benchmarks/xblock_wat/binaryfuneos_33134973_dcada48b3136.wat","SUPPORTED",1962,1962,0,100.00,"",""
"benchmarks/xblock_wat/binaryfuneos_33136960_a63d653a9faf.wat","SUPPORTED",3501,3501,0,100.00,"",""
"benchmarks/xblock_wat/binaryfuneos_33139706_aa43380d3168.wat","SUPPORTED",2981,2981,0,100.00,"",""
"benchmarks/xblock_wat/binaryfuneos_34146092_fd36d243a6e8.wat","SUPPORTED",3220,3220,0,100.00,"",""
"benchmarks/xblock_wat/binaryfuneos_34148391_30dde63ec253.wat","SUPPORTED",2665,2665,0,100.00,"",""
"benchmarks/xblock_wat/binaryfuneos_34641396_c2519b4eab2f.wat","SUPPORTED",3225,3225,0,100.00,"",""
"benchmarks/xblock_wat/binaryfuneos_34757676_cd3d36e1903a.wat","SUPPORTED",3102,3102,0,100.00,"",""
"benchmarks/xblock_wat/binaryfuneos_34825967_744753c12e8c.wat","SUPPORTED",1752,1752,0,100.00,"",""
"benchmarks/xblock_wat/binaryfuneos_34953843_e67676233662.wat","SUPPORTED",5697,5697,0,100.00,"",""
"benchmarks/xblock_wat/binaryfuneos_34982481_c7db104549a2.wat","SUPPORTED",2296,2296,0,100.00,"",""
"benchmarks/xblock_wat/binaryfunxx1_33209687_3ad2b0e6d76c.wat","SUPPORTED",1962,1962,0,100.00,"",""
"benchmarks/xblock_wat/binaryfunxxx_33208333_686b9ff2f381.wat","SUPPORTED",1962,1962,0,100.00,"",""
"benchmarks/xblock_wat/binaryoption_16980787_85b3f38b64f3.wat","SUPPORTED",2362,2362,0,100.00,"",""
"benchmarks/xblock_wat/binaryoption_17000320_835807b1a395.wat","SUPPORTED",3901,3901,0,100.00,"",""
"benchmarks/xblock_wat/binaryoption_17159113_529da008e713.wat","SUPPORTED",3901,3901,0,100.00,"",""
"benchmarks/xblock_wat/binaryoption_27850972_c452b59f1580.wat","SUPPORTED",13276,13276,0,100.00,"",""
"benchmarks/xblock_wat/binaryoption_29050113_7a584c72240c.wat","SUPPORTED",13276,13276,0,100.00,"",""
"benchmarks/xblock_wat/binaryoption_29053192_19d02af6355c.wat","SUPPORTED",13286,13286,0,100.00,"",""
"benchmarks/xblock_wat/binaryoption_32518521_2c42f4bcd634.wat","SUPPORTED",14120,14120,0,100.00,"",""
"benchmarks/xblock_wat/bingbingeos1_15983295_77eb0d66ab13.wat","SUPPORTED",5213,5213,0,100.00,"",""
"benchmarks/xblock_wat/bingbingeos1_17419901_eac55ce4a8a2.wat","SUPPORTED",8551,8551,0,100.00,"",""
"benchmarks/xblock_wat/bingbingeos1_18755723_deff61e797bf.wat","SUPPORTED",8133,8133,0,100.00,"",""
"benchmarks/xblock_wat/bingobetgame_28946828_d1a39172bc8f.wat","SUPPORTED",112951,112951,0,100.00,"",""
"benchmarks/xblock_wat/bingobetgame_28959464_93165374d49c.wat","SUPPORTED",113735,113735,0,100.00,"",""
"benchmarks/xblock_wat/bingobetgame_29303785_f6262f823837.wat","SUPPORTED",116333,116333,0,100.00,"",""
"benchmarks/xblock_wat/bingobetgame_30338367_e09af35a0629.wat","SUPPORTED",117365,117365,0,100.00,"",""
"benchmarks/xblock_wat/bingobetgame_30511270_f63803ecd882.wat","SUPPORTED",117459,117459,0,100.00,"",""
"benchmarks/xblock_wat/bingobetgame_30519702_06f2d9041959.wat","SUPPORTED",117494,117494,0,100.00,"",""
"benchmarks/xblock_wat/bingobetgame_31192832_fa85957b3fcb.wat","SUPPORTED",118129,118129,0,100.00,"",""
"benchmarks/xblock_wat/bingobetgame_32005989_f33d804f5885.wat","SUPPORTED",118624,118624,0,100.00,"",""
"benchmarks/xblock_wat/bingobetgame_32185289_c915bc1de6ef.wat","SUPPORTED",118663,118663,0,100.00,"",""
"benchmarks/xblock_wat/bingobetgame_32440390_87550658935f.wat","SUPPORTED",118841,118841,0,100.00,"",""
"benchmarks/xblock_wat/bingobetgame_33040653_36596a774b02.wat","SUPPORTED",122051,122051,0,100.00,"",""
"benchmarks/xblock_wat/bingobetgame_33254138_49b895f96d4e.wat","SUPPORTED",133261,133261,0,100.00,"",""
"benchmarks/xblock_wat/bingobetgame_33945568_1570a1fef4b1.wat","SUPPORTED",132252,132252,0,100.00,"",""
"benchmarks/xblock_wat/bingobetgame_36208639_831eea05df75.wat","SUPPORTED",144862,144862,0,100.00,"",""
"benchmarks/xblock_wat/bingobetgame_37533712_04e0d531a957.wat","SUPPORTED",152878,152878,0,100.00,"",""
"benchmarks/xblock_wat/bingobetgame_37563450_37d3635d6a38.wat","SUPPORTED",152876,152876,0,100.00,"",""
"benchmarks/xblock_wat/bingobetgame_38066839_8385bd6103f1.wat","SUPPORTED",163713,163713,0,100.00,"",""
"benchmarks/xblock_wat/bingobetgame_38910339_34223473f6df.wat","SUPPORTED",163713,163713,0,100.00,"",""
"benchmarks/xblock_wat/bingobetgame_38911412_eb4310af27d6.wat","SUPPORTED",166226,166226,0,100.00,"",""
"benchmarks/xblock_wat/bingobetgame_39100447_0754df40d086.wat","SUPPORTED",163694,163694,0,100.00,"",""
"benchmarks/xblock_wat/bingobetgame_39278154_d860c7e8968a.wat","SUPPORTED",166307,166307,0,100.00,"",""
"benchmarks/xblock_wat/bingobetgame_39280917_32aa8d99c88c.wat","SUPPORTED",165358,165358,0,100.00,"",""
"benchmarks/xblock_wat/bingobetgame_39554637_4e39781997a2.wat","SUPPORTED",166359,166359,0,100.00,"",""
"benchmarks/xblock_wat/bingobetgame_39606489_2b8caf69cf98.wat","SUPPORTED",166532,166532,0,100.00,"",""
"benchmarks/xblock_wat/bingobetgame_39807601_da6b0ca84012.wat","SUPPORTED",166844,166844,0,100.00,"",""
"benchmarks/xblock_wat/bingobetgame_39971694_cede493bde17.wat","SUPPORTED",168266,168266,0,100.00,"",""
"benchmarks/xblock_wat/bingobetgame_41166121_95f991887bc9.wat","SUPPORTED",170255,170255,0,100.00,"",""
"benchmarks/xblock_wat/bingobetgame_42382573_2768894465b1.wat","SUPPORTED",175763,175763,0,100.00,"",""
"benchmarks/xblock_wat/bingobetgame_42383052_a4fbaa70b191.wat","SUPPORTED",178745,178745,0,100.00,"",""
"benchmarks/xblock_wat/bingobetgame_42383763_0112369e2ed3.wat","SUPPORTED",182411,182411,0,100.00,"",""
"benchmarks/xblock_wat/bingobetgame_42384592_d03c659c2476.wat","SUPPORTED",190494,190494,0,100.00,"",""
"benchmarks/xblock_wat/bingobetgame_42552161_d071c9b2988e.wat","SUPPORTED",190003,190003,0,100.00,"",""
"benchmarks/xblock_wat/bingobetgame_43437143_a2d6733ce093.wat","SUPPORTED",192168,192168,0,100.00,"",""
"benchmarks/xblock_wat/bingobetgame_43549713_a7f88329ce30.wat","SUPPORTED",192141,192141,0,100.00,"",""
"benchmarks/xblock_wat/bingobetgame_43559906_4e8a7549dcd2.wat","SUPPORTED",193270,193270,0,100.00,"",""
"benchmarks/xblock_wat/bingobetgame_45157893_7d91277be89e.wat","SUPPORTED",196671,196671,0,100.00,"",""
"benchmarks/xblock_wat/bingobetgame_46347229_26da134f3d15.wat","SUPPORTED",196684,196684,0,100.00,"",""
"benchmarks/xblock_wat/bingobetgame_46350580_9cc3d7eeac13.wat","SUPPORTED",196694,196694,0,100.00,"",""
"benchmarks/xblock_wat/bingobetgame_46354228_667a64623e84.wat","SUPPORTED",196861,196861,0,100.00,"",""
"benchmarks/xblock_wat/bingobetgame_56849078_a8ea0ab12264.wat","SUPPORTED",152921,152921,0,100.00,"",""
"benchmarks/xblock_wat/bingobetgame_56854136_382683a737e9.wat","SUPPORTED",161700,161700,0,100.00,"",""
"benchmarks/xblock_wat/bingobetgame_56854384_b4ad0f3579b3.wat","SUPPORTED",161861,161861,0,100.00,"",""
"benchmarks/xblock_wat/bingobetgame_58416723_57dda73f66b7.wat","SUPPORTED",161993,161993,0,100.00,"",""
"benchmarks/xblock_wat/bingobetgame_60839010_6ba0a8737c84.wat","SUPPORTED",171862,171862,0,100.00,"",""
"benchmarks/xblock_wat/bingobetgame_60839296_168f9d89e9e8.wat","SUPPORTED",177698,177698,0,100.00,"",""
"benchmarks/xblock_wat/bingobetgame_62917117_afeb8d69b458.wat","SUPPORTED",179545,179545,0,100.00,"",""
"benchmarks/xblock_wat/bingobetgame_76554662_6cf67101a94b.wat","SUPPORTED",182258,182258,0,100.00,"",""
"benchmarks/xblock_wat/bingobetoken_27935747_e1a62d55e362.wat","SUPPORTED",9358,9358,0,100.00,"",""
"benchmarks/xblock_wat/bingobetserv_29451318_3c2e57fef3ac.wat","SUPPORTED",2141,2141,0,100.00,"",""
"benchmarks/xblock_wat/bingobetserv_29466082_90b2bae13621.wat","SUPPORTED",2216,2216,0,100.00,"",""
"benchmarks/xblock_wat/bingobetuser_45158567_f9f84d5c8ced.wat","SUPPORTED",67541,67541,0,100.00,"",""
"benchmarks/xblock_wat/bingobetuser_45499699_a072a89858ea.wat","SUPPORTED",67449,67449,0,100.00,"",""
"benchmarks/xblock_wat/bingobetuser_46347310_726be59a0baf.wat","SUPPORTED",67448,67448,0,100.00,"",""
"benchmarks/xblock_wat/bingobetuser_47057188_13fe20dc102b.wat","SUPPORTED",68049,68049,0,100.00,"",""
"benchmarks/xblock_wat/bingobetuser_49977497_184642381dcc.wat","SUPPORTED",85036,85036,0,100.00,"",""
"benchmarks/xblock_wat/bingobetuser_51344965_2159cc46e5b0.wat","SUPPORTED",86896,86896,0,100.00,"",""
"benchmarks/xblock_wat/bingobetuser_51517441_a26e15e7541d.wat","SUPPORTED",86891,86891,0,100.00,"",""
"benchmarks/xblock_wat/bingobetuser_56853705_f6ad570b5656.wat","SUPPORTED",14464,14464,0,100.00,"",""
"benchmarks/xblock_wat/bingobetuser_56855613_a1d677616811.wat","SUPPORTED",13457,13457,0,100.00,"",""
"benchmarks/xblock_wat/bingogateaaa_48969555_decd06923999.wat","SUPPORTED",3418,3418,0,100.00,"",""
"benchmarks/xblock_wat/bingogateway_48967734_9ef533a6bf08.wat","SUPPORTED",33871,33871,0,100.00,"",""
"benchmarks/xblock_wat/bingogateway_49978172_65ba4773d34b.wat","SUPPORTED",33911,33911,0,100.00,"",""
"benchmarks/xblock_wat/bingoprofits_28948165_2168a3ef6094.wat","SUPPORTED",28955,28955,0,100.00,"",""
"benchmarks/xblock_wat/bingoprofits_29466395_67caeca93a71.wat","SUPPORTED",30995,30995,0,100.00,"",""
"benchmarks/xblock_wat/bingoprofits_29479404_16c30ab38b43.wat","SUPPORTED",31008,31008,0,100.00,"",""
"benchmarks/xblock_wat/bingoprofits_30174674_763f7a18eaa2.wat","SUPPORTED",32549,32549,0,100.00,"",""
"benchmarks/xblock_wat/bingoprofits_30511354_378a1faec1d8.wat","SUPPORTED",32683,32683,0,100.00,"",""
"benchmarks/xblock_wat/bingoprofits_30518609_3dc08f117df2.wat","SUPPORTED",32730,32730,0,100.00,"",""
"benchmarks/xblock_wat/bingoprofits_31192947_68ae30444263.wat","SUPPORTED",34187,34187,0,100.00,"",""
"benchmarks/xblock_wat/bingoprofits_32005757_34a44ba7d1cd.wat","SUPPORTED",33599,33599,0,100.00,"",""
"benchmarks/xblock_wat/bingoprofits_33041252_fc7550100137.wat","SUPPORTED",35268,35268,0,100.00,"",""
"benchmarks/xblock_wat/bingoprofits_33946049_bf3cf6b91d53.wat","SUPPORTED",37793,37793,0,100.00,"",""
"benchmarks/xblock_wat/bingoprofits_45157414_c2ab8d7ab0ea.wat","SUPPORTED",45324,45324,0,100.00,"",""
"benchmarks/xblock_wat/bingoprofits_45499394_5d1a65f104af.wat","SUPPORTED",45467,45467,0,100.00,"",""
"benchmarks/xblock_wat/bingoprofits_45502350_3121565f95c1.wat","SUPPORTED",44788,44788,0,100.00,"",""
"benchmarks/xblock_wat/bingoprofits_56855435_f8515924c4c7.wat","SUPPORTED",43958,43958,0,100.00,"",""
"benchmarks/xblock_wat/bingoprofits_56856895_22d59d36f934.wat","SUPPORTED",43190,43190,0,100.00,"",""
"benchmarks/xblock_wat/bitcashtoken_60913429_1a30bbe87a53.wat","SUPPORTED",9152,9152,0,100.00,"",""
"benchmarks/xblock_wat/bitcashtoken_60914646_a9299e67996c.wat","SUPPORTED",9152,9152,0,100.00,"",""
"benchmarks/xblock_wat/bitcashtreas_60891498_582058f27a84.wat","SUPPORTED",40700,40700,0,100.00,"",""
"benchmarks/xblock_wat/bitcashtreas_60914738_a91a5fa2e4f7.wat","SUPPORTED",40700,40700,0,100.00,"",""
"benchmarks/xblock_wat/bitcashtreas_60916682_61f8ced93e1f.wat","SUPPORTED",41365,41365,0,100.00,"",""
"benchmarks/xblock_wat/bitcashtreas_60917636_e64a5af7c18f.wat","SUPPORTED",40431,40431,0,100.00,"",""
"benchmarks/xblock_wat/bitcashtreas_60936905_393f51d04b55.wat","SUPPORTED",41640,41640,0,100.00,"",""
"benchmarks/xblock_wat/bitcashtreas_61087432_0a0d3fd41294.wat","SUPPORTED",41629,41629,0,100.00,"",""
"benchmarks/xblock_wat/bitcashtreas_61091013_ed31c6e75d6d.wat","SUPPORTED",41629,41629,0,100.00,"",""
"benchmarks/xblock_wat/bitcashtreas_61098628_173270bbaf0c.wat","SUPPORTED",42353,42353,0,100.00,"",""
"benchmarks/xblock_wat/bitcashtreas_61101193_c25284b47f89.wat","SUPPORTED",41946,41946,0,100.00,"",""
"benchmarks/xblock_wat/bitcashtreas_61985434_832fc2ced92b.wat","SUPPORTED",41963,41963,0,100.00,"",""
"benchmarks/xblock_wat/bitcashtreas_61986958_13d4c4516830.wat","SUPPORTED",41963,41963,0,100.00,"",""
"benchmarks/xblock_wat/bitcashtreas_63528250_fcc91afcd85c.wat","SUPPORTED",42369,42369,0,100.00,"",""
"benchmarks/xblock_wat/bitcashtreas_79871902_9081673c0b9a.wat","SUPPORTED",42093,42093,0,100.00,"",""
"benchmarks/xblock_wat/bitcashtreas_80255995_87bb24ff7ff5.wat","SUPPORTED",43909,43909,0,100.00,"",""
"benchmarks/xblock_wat/bitcashtreas_80713191_60c4df785fac.wat","SUPPORTED",43349,43349,0,100.00,"",""
"benchmarks/xblock_wat/bitcashtreas_80719083_c784669a0c25.wat","SUPPORTED",44787,44787,0,100.00,"",""
"benchmarks/xblock_wat/bitcashtreas_81777450_026f809fb42e.wat","SUPPORTED",43968,43968,0,100.00,"",""
"benchmarks/xblock_wat/bitcashtreas_84004212_7fa7a17d24b3.wat","SUPPORTED",42599,42599,0,100.00,"",""
"benchmarks/xblock_wat/bitcashtreas_86115193_1a7f7d5a8a60.wat","SUPPORTED",47551,47551,0,100.00,"",""
"benchmarks/xblock_wat/bitcoinrobot_13240500_cce1d18d79e6.wat","SUPPORTED",2092,2092,0,100.00,"",""
"benchmarks/xblock_wat/bitcoinrobot_13418931_8f7466df1851.wat","SUPPORTED",11733,11733,0,100.00,"",""
"benchmarks/xblock_wat/bitcoinrobot_13443718_b4a955c7bdcd.wat","SUPPORTED",5157,5157,0,100.00,"",""
"benchmarks/xblock_wat/bitcoinrobot_13447928_8f7f00dfeb71.wat","SUPPORTED",6988,6988,0,100.00,"",""
"benchmarks/xblock_wat/bitcoinrobot_13453282_06146e6e779a.wat","SUPPORTED",6731,6731,0,100.00,"",""
"benchmarks/xblock_wat/bitcoinrobot_13751129_67a7bf7e7cbc.wat","SUPPORTED",6697,6697,0,100.00,"",""
"benchmarks/xblock_wat/bitcoinrobot_13751579_2671ae020ee2.wat","SUPPORTED",6699,6699,0,100.00,"",""
"benchmarks/xblock_wat/bitcoinrobot_13754745_4a55c9a8d243.wat","SUPPORTED",2167,2167,0,100.00,"",""
"benchmarks/xblock_wat/bitcoinrobot_13774381_857d69cf230a.wat","SUPPORTED",8508,8508,0,100.00,"",""
"benchmarks/xblock_wat/bitcoinrobot_13778067_fb0c8d78967a.wat","SUPPORTED",8508,8508,0,100.00,"",""
"benchmarks/xblock_wat/bitcoinrobot_13779478_5f0cdbfcfb96.wat","SUPPORTED",8465,8465,0,100.00,"",""
"benchmarks/xblock_wat/bitcoinrobot_13780297_42f940f26987.wat","SUPPORTED",8429,8429,0,100.00,"",""
"benchmarks/xblock_wat/bitcoinrobot_13780572_c7aa2c11ca5a.wat","SUPPORTED",8431,8431,0,100.00,"",""
"benchmarks/xblock_wat/bitcoinrobot_13780953_efda2f644385.wat","SUPPORTED",8502,8502,0,100.00,"",""
"benchmarks/xblock_wat/bitcoinrobot_13781717_077b27e3f179.wat","SUPPORTED",8520,8520,0,100.00,"",""
"benchmarks/xblock_wat/bitcoinrobot_13921064_ba7170090c58.wat","SUPPORTED",8644,8644,0,100.00,"",""
"benchmarks/xblock_wat/bitcoinrobot_13922064_c02eca08e6e4.wat","SUPPORTED",8406,8406,0,100.00,"",""
"benchmarks/xblock_wat/bitcoinrobot_13928028_3b0c08cb8a3f.wat","SUPPORTED",8408,8408,0,100.00,"",""
"benchmarks/xblock_wat/bitcoinrobot_13928782_8562910a521f.wat","SUPPORTED",8415,8415,0,100.00,"",""
"benchmarks/xblock_wat/bitcoinrobot_13929285_833d4b7d9707.wat","SUPPORTED",8410,8410,0,100.00,"",""
"benchmarks/xblock_wat/bitcoinrobot_13930413_c118ca887609.wat","SUPPORTED",8488,8488,0,100.00,"",""
"benchmarks/xblock_wat/bitcoinrobot_13935045_33fc33269363.wat","SUPPORTED",8653,8653,0,100.00,"",""
"benchmarks/xblock_wat/bitcoinrobot_13939152_32d3191fa7d1.wat","SUPPORTED",8994,8994,0,100.00,"",""
"benchmarks/xblock_wat/bitcoinrobot_13939534_78e492470187.wat","SUPPORTED",8995,8995,0,100.00,"",""
"benchmarks/xblock_wat/bitcoinrobot_13971041_7032b2bdb262.wat","SUPPORTED",8992,8992,0,100.00,"",""
"benchmarks/xblock_wat/bitcoinrobot_13971593_8a60f6f58b61.wat","SUPPORTED",9000,9000,0,100.00,"",""
"benchmarks/xblock_wat/bitcoinrobot_13971784_c5d1c78679aa.wat","SUPPORTED",8871,8871,0,100.00,"",""
"benchmarks/xblock_wat/bitcoinrobot_13973939_ec7eca43633f.wat","SUPPORTED",9235,9235,0,100.00,"",""
"benchmarks/xblock_wat/bitcoinrobot_13975725_82ff392cf593.wat","SUPPORTED",9235,9235,0,100.00,"",""
"benchmarks/xblock_wat/bitcoinrobot_13976363_b20e4fa62506.wat","SUPPORTED",9234,9234,0,100.00,"",""
"benchmarks/xblock_wat/bitcoinrobot_13977007_253622f4c057.wat","SUPPORTED",9234,9234,0,100.00,"",""
"benchmarks/xblock_wat/bitcoinrobot_13977461_e60fc797c1c2.wat","SUPPORTED",9237,9237,0,100.00,"",""
"benchmarks/xblock_wat/bitcoinrobot_13977873_0627fd60dead.wat","SUPPORTED",9241,9241,0,100.00,"",""
"benchmarks/xblock_wat/bitcoinrobot_14001939_caaa3209e4e2.wat","SUPPORTED",9265,9265,0,100.00,"",""
"benchmarks/xblock_wat/bitcoinrobot_16860027_562aab42563d.wat","SUPPORTED",4793,4793,0,100.00,"",""
"benchmarks/xblock_wat/bitcoinrobot_18540867_fb70f6ea61d8.wat","SUPPORTED",9389,9389,0,100.00,"",""
"benchmarks/xblock_wat/bitcoinrobot_18542735_8c41b1d7e52c.wat","SUPPORTED",9386,9386,0,100.00,"",""
"benchmarks/xblock_wat/bitcoinrobot_18543558_7a7c24f97e45.wat","SUPPORTED",9392,9392,0,100.00,"",""
"benchmarks/xblock_wat/bitcoinrobot_18543883_9c2fe2fc6cf0.wat","SUPPORTED",9479,9479,0,100.00,"",""
"benchmarks/xblock_wat/bitcoinrobot_18544937_093953bff36a.wat","SUPPORTED",9634,9634,0,100.00,"",""
"benchmarks/xblock_wat/biteyebiteye_10233700_1ffee642b331.wat","SUPPORTED",11792,11792,0,100.00,"",""
"benchmarks/xblock_wat/biteyebiteye_10234862_d234c6f97a1c.wat","SUPPORTED",11792,11792,0,100.00,"",""
"benchmarks/xblock_wat/biteyebiteye_10244614_706b17f69e4d.wat","SUPPORTED",11825,11825,0,100.00,"",""
"benchmarks/xblock_wat/biteyebiteye_10257989_233b8126a5ec.wat","SUPPORTED",3553,3553,0,100.00,"",""
"benchmarks/xblock_wat/biteyebiteye_10262521_7d6aa4b0b30c.wat","SUPPORTED",3582,3582,0,100.00,"",""
"benchmarks/xblock_wat/biteyebiteye_10265524_55f33c12737d.wat","SUPPORTED",3582,3582,0,100.00,"",""
"benchmarks/xblock_wat/biteyebiteye_10274359_af35bce440e0.wat","SUPPORTED",3582,3582,0,100.00,"",""
"benchmarks/xblock_wat/biteyebiteye_10278428_16a7f2ebd7bb.wat","SUPPORTED",4606,4606,0,100.00,"",""
"benchmarks/xblock_wat/biteyebiteye_10279144_6846854814bc.wat","SUPPORTED",4606,4606,0,100.00,"",""
"benchmarks/xblock_wat/biteyebiteye_10285980_a4ad637b49a3.wat","SUPPORTED",4606,4606,0,100.00,"",""
"benchmarks/xblock_wat/biteyebiteye_10358405_f4ae552c3a70.wat","SUPPORTED",9609,9609,0,100.00,"",""
"benchmarks/xblock_wat/biteyebiteye_10370526_fcfb0cbd2dd8.wat","SUPPORTED",3899,3899,0,100.00,"",""
"benchmarks/xblock_wat/biteyebiteye_10370863_7dcaa646cae7.wat","SUPPORTED",3899,3899,0,100.00,"",""
"benchmarks/xblock_wat/biteyebiteye_10372045_edc179a2a43c.wat","SUPPORTED",4602,4602,0,100.00,"",""
"benchmarks/xblock_wat/biteyebiteye_10383548_769da81acd5d.wat","SUPPORTED",7869,7869,0,100.00,"",""
"benchmarks/xblock_wat/biteyebiteye_10437134_364f72e9ebd0.wat","SUPPORTED",14817,14817,0,100.00,"",""
"benchmarks/xblock_wat/biteyebiteye_10437981_d8e04f15c890.wat","SUPPORTED",14817,14817,0,100.00,"",""
"benchmarks/xblock_wat/biteyebiteye_10438125_ab7461f3f776.wat","SUPPORTED",14817,14817,0,100.00,"",""
"benchmarks/xblock_wat/biteyebiteye_10439087_2fa2e69867a7.wat","SUPPORTED",14817,14817,0,100.00,"",""
"benchmarks/xblock_wat/biteyebiteye_16208752_d359e9f1815f.wat","SUPPORTED",11210,11210,0,100.00,"",""
"benchmarks/xblock_wat/biteyebiteye_16209031_83de237abade.wat","SUPPORTED",11020,11020,0,100.00,"",""
"benchmarks/xblock_wat/biteyebiteye_16209559_f210f606e0f1.wat","SUPPORTED",10624,10624,0,100.00,"",""
"benchmarks/xblock_wat/biteyebiteye_30516354_febf8dee86d4.wat","SUPPORTED",43361,43361,0,100.00,"",""
"benchmarks/xblock_wat/biteyebiteye_30522410_41ded831dbe4.wat","SUPPORTED",43482,43482,0,100.00,"",""
"benchmarks/xblock_wat/biteyebiteye_36836329_231d4bde5de3.wat","SUPPORTED",43671,43671,0,100.00,"",""
"benchmarks/xblock_wat/biteyebiteye_36840727_920ab21b2cf4.wat","SUPPORTED",42996,42996,0,100.00,"",""
"benchmarks/xblock_wat/biteyebiteye_36877900_3ac925bfd905.wat","SUPPORTED",43723,43723,0,100.00,"",""
"benchmarks/xblock_wat/biteyebiteye_37025762_221742445761.wat","SUPPORTED",43894,43894,0,100.00,"",""
"benchmarks/xblock_wat/biteyebiteye_37032008_18e9cc1c8dd0.wat","SUPPORTED",43808,43808,0,100.00,"",""
"benchmarks/xblock_wat/biteyebiteye_37043631_ac9b59fcecca.wat","SUPPORTED",13244,13244,0,100.00,"",""
"benchmarks/xblock_wat/biteyebiteye_37045884_9df4d67ecaba.wat","SUPPORTED",43799,43799,0,100.00,"",""
"benchmarks/xblock_wat/biteyebiteye_54134594_80bb6f80f5e1.wat","SUPPORTED",49081,49081,0,100.00,"",""
"benchmarks/xblock_wat/biteyebiteye_54136744_cb5b490c61d5.wat","SUPPORTED",55473,55473,0,100.00,"",""
"benchmarks/xblock_wat/biteyebiteye_54140242_83e27ddf295a.wat","SUPPORTED",47843,47843,0,100.00,"",""
"benchmarks/xblock_wat/biteyebiteye_54141615_fc5e7d8a611b.wat","SUPPORTED",51114,51114,0,100.00,"",""
"benchmarks/xblock_wat/biteyebiteye_54142916_1f8470d25b43.wat","SUPPORTED",55480,55480,0,100.00,"",""
"benchmarks/xblock_wat/biteyebiteye_54144239_a2c3537cc431.wat","SUPPORTED",55480,55480,0,100.00,"",""
"benchmarks/xblock_wat/biteyebiteye_54147342_d9d544d8e776.wat","SUPPORTED",55663,55663,0,100.00,"",""
"benchmarks/xblock_wat/biteyebiteye_54215201_da09f0e207a7.wat","SUPPORTED",55748,55748,0,100.00,"",""
"benchmarks/xblock_wat/biteyebiteye_54277446_0601c9353b8c.wat","SUPPORTED",56140,56140,0,100.00,"",""
"benchmarks/xblock_wat/biteyebiteye_54281721_cbf6e5f06776.wat","SUPPORTED",56241,56241,0,100.00,"",""
"benchmarks/xblock_wat/biteyebiteye_54282198_25f382027099.wat","SUPPORTED",56241,56241,0,100.00,"",""
"benchmarks/xblock_wat/biteyebiteye_54282615_14a5e6351e0c.wat","SUPPORTED",56241,56241,0,100.00,"",""
"benchmarks/xblock_wat/biteyebiteye_54282950_aa3221148add.wat","SUPPORTED",56241,56241,0,100.00,"",""
"benchmarks/xblock_wat/biteyebiteye_54371799_e60745b15771.wat","SUPPORTED",56337,56337,0,100.00,"",""
"benchmarks/xblock_wat/biteyebiteye_54443001_242f9b558702.wat","SUPPORTED",59205,59205,0,100.00,"",""
"benchmarks/xblock_wat/biteyebiteye_9231829_ea43a0c874c6.wat","SUPPORTED",8347,8347,0,100.00,"",""
"benchmarks/xblock_wat/biteyebiteye_9233327_e5373f9656ca.wat","SUPPORTED",13198,13198,0,100.00,"",""
"benchmarks/xblock_wat/biteyebiteye_9233575_46e1a647f8c9.wat","SUPPORTED",13198,13198,0,100.00,"",""
"benchmarks/xblock_wat/biteyebiteye_9503713_8e23af5cadeb.wat","SUPPORTED",7066,7066,0,100.00,"",""
"benchmarks/xblock_wat/bitlandowner_32194866_9a6a6f3f7437.wat","SUPPORTED",48073,48073,0,100.00,"",""
"benchmarks/xblock_wat/bitlandowner_36129899_75188f7969f5.wat","SUPPORTED",51452,51452,0,100.00,"",""
"benchmarks/xblock_wat/bitlandowner_38249557_e4b916366e68.wat","SUPPORTED",51810,51810,0,100.00,"",""
"benchmarks/xblock_wat/bitlandowner_39903576_f25e94d5c8d7.wat","SUPPORTED",52032,52032,0,100.00,"",""
"benchmarks/xblock_wat/bitlogsample_45105421_6973f9d4feb5.wat","SUPPORTED",4199,4199,0,100.00,"",""
"benchmarks/xblock_wat/bitlogsample_45120556_b391a0b0f338.wat","SUPPORTED",4738,4738,0,100.00,"",""
"benchmarks/xblock_wat/bitlogsample_45147810_e91c971fa60a.wat","SUPPORTED",4738,4738,0,100.00,"",""
"benchmarks/xblock_wat/bitpiecurrex_35310718_b1c69e1f2ee9.wat","SUPPORTED",25472,25472,0,100.00,"",""
"benchmarks/xblock_wat/bitpiecurrex_35314656_cec0f5448ff9.wat","SUPPORTED",25472,25472,0,100.00,"",""
"benchmarks/xblock_wat/bitpiecurrex_35324392_ceb8ecf07ca3.wat","SUPPORTED",26171,26171,0,100.00,"",""
"benchmarks/xblock_wat/bitpiecurrex_35646099_2fa1286f22e6.wat","SUPPORTED",34631,34631,0,100.00,"",""
"benchmarks/xblock_wat/bitpiecurrex_36634040_81e193b52f09.wat","SUPPORTED",34667,34667,0,100.00,"",""
"benchmarks/xblock_wat/bitpiecurrex_36638002_9195d23d3b12.wat","SUPPORTED",34667,34667,0,100.00,"",""
"benchmarks/xblock_wat/bitpiecurrex_48766521_f076cefcadde.wat","SUPPORTED",48992,48992,0,100.00,"",""
"benchmarks/xblock_wat/bitpiecurrex_48774823_8062ae62bdcc.wat","SUPPORTED",48993,48993,0,100.00,"",""
"benchmarks/xblock_wat/bitpiecurrex_50639098_0c974d0c3624.wat","SUPPORTED",49061,49061,0,100.00,"",""
"benchmarks/xblock_wat/bitpiecurrex_53213364_b17de10e0d76.wat","SUPPORTED",49063,49063,0,100.00,"",""
"benchmarks/xblock_wat/bitpiecurrex_53248063_aa69b09ada89.wat","SUPPORTED",49531,49531,0,100.00,"",""
"benchmarks/xblock_wat/bitpiecurrex_53265688_30d2ec667396.wat","SUPPORTED",50932,50932,0,100.00,"",""
"benchmarks/xblock_wat/bitpiecurrex_53291956_af20dfca2435.wat","SUPPORTED",50928,50928,0,100.00,"",""
"benchmarks/xblock_wat/bitpiecurrex_59779271_985dede2ebf9.wat","SUPPORTED",50260,50260,0,100.00,"",""
"benchmarks/xblock_wat/bitpiecurrex_70555918_fe0bf3ba2ca3.wat","SUPPORTED",50535,50535,0,100.00,"",""
"benchmarks/xblock_wat/bitpiecurrex_73609631_bca37da8bbd3.wat","SUPPORTED",50358,50358,0,100.00,"",""
"benchmarks/xblock_wat/bitpiecurrex_86377160_57332783b180.wat","SUPPORTED",56040,56040,0,100.00,"",""
"benchmarks/xblock_wat/bitpiedaisiu_30972650_92a67f47797c.wat","SUPPORTED",23456,23456,0,100.00,"",""
"benchmarks/xblock_wat/bitpiedaisiu_30997152_f1c73bb7aa0d.wat","SUPPORTED",23456,23456,0,100.00,"",""
"benchmarks/xblock_wat/bitpiedaisiu_31128422_80b7307142dd.wat","SUPPORTED",25466,25466,0,100.00,"",""
"benchmarks/xblock_wat/bitpiedaisiu_31129091_9055ce2bb8e2.wat","SUPPORTED",25444,25444,0,100.00,"",""
"benchmarks/xblock_wat/bitpiedaisiu_31130171_fa9a3bce4e6e.wat","SUPPORTED",25484,25484,0,100.00,"",""
"benchmarks/xblock_wat/bitpiedaisiu_31292945_a0afd5ecaa5d.wat","SUPPORTED",25418,25418,0,100.00,"",""
"benchmarks/xblock_wat/bitpiedaisiu_31305599_f3dc5309a8f4.wat","SUPPORTED",25544,25544,0,100.00,"",""
"benchmarks/xblock_wat/bitpiedaisiu_31330711_71822b125ba7.wat","SUPPORTED",25544,25544,0,100.00,"",""
"benchmarks/xblock_wat/bitpiedaisiu_31342613_120113f0bee7.wat","SUPPORTED",26238,26238,0,100.00,"",""
"benchmarks/xblock_wat/bitpiedaisiu_31876348_000d64b700b0.wat","SUPPORTED",27586,27586,0,100.00,"",""
"benchmarks/xblock_wat/bitpiedaisiu_32000582_8b1fefb8c232.wat","SUPPORTED",27615,27615,0,100.00,"",""
"benchmarks/xblock_wat/bitpiedaisiu_32055726_398c8c69924f.wat","SUPPORTED",27884,27884,0,100.00,"",""
"benchmarks/xblock_wat/bitpiedaisiu_32057268_940ac3abdd83.wat","SUPPORTED",27884,27884,0,100.00,"",""
"benchmarks/xblock_wat/bitpiedaisiu_32057603_3602d2b98ad5.wat","SUPPORTED",27886,27886,0,100.00,"",""
"benchmarks/xblock_wat/bitpiedaisiu_32084077_206223b81867.wat","SUPPORTED",27757,27757,0,100.00,"",""
"benchmarks/xblock_wat/bitpiedaisiu_32084356_12655f4872ce.wat","SUPPORTED",27757,27757,0,100.00,"",""
"benchmarks/xblock_wat/bitpiedaisiu_32085170_eeb7957d5c0c.wat","SUPPORTED",27241,27241,0,100.00,"",""
"benchmarks/xblock_wat/bitpiedaisiu_32085413_8dab0cffb0bd.wat","SUPPORTED",27751,27751,0,100.00,"",""
"benchmarks/xblock_wat/bitpiedaisiu_32085994_a3be637d0b64.wat","SUPPORTED",27855,27855,0,100.00,"",""
"benchmarks/xblock_wat/bitpiedaisiu_32250460_0e761449454b.wat","SUPPORTED",27855,27855,0,100.00,"",""
"benchmarks/xblock_wat/bitpiedaisiu_32252114_50964f3e2b75.wat","SUPPORTED",28189,28189,0,100.00,"",""
"benchmarks/xblock_wat/bitpiedaisiu_32426254_c4c0b84e3f82.wat","SUPPORTED",28189,28189,0,100.00,"",""
"benchmarks/xblock_wat/bitpiedaisiu_32529453_340ba10b4585.wat","SUPPORTED",26229,26229,0,100.00,"",""
"benchmarks/xblock_wat/bitpiedaisiu_32536116_1f10b67fa495.wat","SUPPORTED",28189,28189,0,100.00,"",""
"benchmarks/xblock_wat/bitpiedaisiu_32542841_966d535007db.wat","SUPPORTED",29533,29533,0,100.00,"",""
"benchmarks/xblock_wat/bitpiedaisiu_32550561_4cc7dc916adf.wat","SUPPORTED",29533,29533,0,100.00,"",""
"benchmarks/xblock_wat/bitpiedaisiu_32886724_826eb754741c.wat","SUPPORTED",28543,28543,0,100.00,"",""
"benchmarks/xblock_wat/bitpiedaisiu_33195237_d27d548ebb91.wat","SUPPORTED",28543,28543,0,100.00,"",""
"benchmarks/xblock_wat/bitsplatform_32192538_0917a6fab05c.wat","SUPPORTED",27244,27244,0,100.00,"",""
"benchmarks/xblock_wat/bitsplatform_32209041_f85e4dd13d9e.wat","SUPPORTED",27199,27199,0,100.00,"",""
"benchmarks/xblock_wat/bitsplatform_32210188_cec847a8453f.wat","SUPPORTED",26883,26883,0,100.00,"",""
"benchmarks/xblock_wat/bitsplatform_32210895_85c4fdf64215.wat","SUPPORTED",27146,27146,0,100.00,"",""
"benchmarks/xblock_wat/bitsplatform_32227455_75d762975545.wat","SUPPORTED",27204,27204,0,100.00,"",""
"benchmarks/xblock_wat/bitsplatform_33396621_cd1b9e18f116.wat","SUPPORTED",55792,55792,0,100.00,"",""
"benchmarks/xblock_wat/bitsplatform_33607372_16576b373607.wat","SUPPORTED",55940,55940,0,100.00,"",""
"benchmarks/xblock_wat/bitsplatform_33715533_9aeb005628e6.wat","SUPPORTED",55940,55940,0,100.00,"",""
"benchmarks/xblock_wat/bitsplatform_35310797_2dc3fb977431.wat","SUPPORTED",47805,47805,0,100.00,"",""
"benchmarks/xblock_wat/bitsplatform_35311326_252db554f979.wat","SUPPORTED",48184,48184,0,100.00,"",""
"benchmarks/xblock_wat/bitsplatform_36129809_28b42c2cf88a.wat","SUPPORTED",73781,73781,0,100.00,"",""
"benchmarks/xblock_wat/bitsplatform_36133245_af29014b25e8.wat","SUPPORTED",70372,70372,0,100.00,"",""
"benchmarks/xblock_wat/bitsplatform_36133483_6673424fb705.wat","SUPPORTED",69910,69910,0,100.00,"",""
"benchmarks/xblock_wat/bitsplatform_36133674_24941b626aa9.wat","SUPPORTED",69100,69100,0,100.00,"",""
"benchmarks/xblock_wat/bitsplatform_36134969_2dc068cc2cd0.wat","SUPPORTED",73356,73356,0,100.00,"",""
"benchmarks/xblock_wat/bitsplatform_36135206_ce6b10177123.wat","SUPPORTED",67400,67400,0,100.00,"",""
"benchmarks/xblock_wat/bitsplatform_36136532_cb3b5bdd8693.wat","SUPPORTED",55623,55623,0,100.00,"",""
"benchmarks/xblock_wat/bitsplatform_37020207_6d4f214e3f65.wat","SUPPORTED",73803,73803,0,100.00,"",""
"benchmarks/xblock_wat/bitsplatform_37869449_e0f97ffac94f.wat","SUPPORTED",73845,73845,0,100.00,"",""
"benchmarks/xblock_wat/bitsplatform_37869682_eb948797c92d.wat","SUPPORTED",73682,73682,0,100.00,"",""
"benchmarks/xblock_wat/bitsplatform_39048605_4f8dbdbb2d20.wat","SUPPORTED",73707,73707,0,100.00,"",""
"benchmarks/xblock_wat/bitsplatform_39048792_ac804302f9b3.wat","SUPPORTED",73702,73702,0,100.00,"",""
"benchmarks/xblock_wat/bitsplatform_39396184_9db3f62e0f85.wat","SUPPORTED",73890,73890,0,100.00,"",""
"benchmarks/xblock_wat/bitsplatform_61558220_f8a0402d7d48.wat","SUPPORTED",79370,79370,0,100.00,"",""
"benchmarks/xblock_wat/bitsplatform_61559706_8550060692d5.wat","SUPPORTED",79370,79370,0,100.00,"",""
"benchmarks/xblock_wat/bitthirtymax_32196540_a2048309824a.wat","SUPPORTED",26836,26836,0,100.00,"",""
"benchmarks/xblock_wat/bitthirtymax_33397406_54956eb48b42.wat","SUPPORTED",28473,28473,0,100.00,"",""
"benchmarks/xblock_wat/bitthirtymax_33577891_7ff6f4dfb3ee.wat","SUPPORTED",28473,28473,0,100.00,"",""
"benchmarks/xblock_wat/bitthirtymax_36129963_3bc1558f40b0.wat","SUPPORTED",31749,31749,0,100.00,"",""
"benchmarks/xblock_wat/bitthirtymax_36290234_b06c9479701c.wat","SUPPORTED",31749,31749,0,100.00,"",""
"benchmarks/xblock_wat/bitthirtymax_36291682_650ac3db5d98.wat","SUPPORTED",31993,31993,0,100.00,"",""
"benchmarks/xblock_wat/bitthirtymax_37884656_15a1e9c76bb0.wat","SUPPORTED",30097,30097,0,100.00,"",""
"benchmarks/xblock_wat/bitthirtymax_39904333_4a3245692451.wat","SUPPORTED",32012,32012,0,100.00,"",""
"benchmarks/xblock_wat/bitthirtymax_39904453_52153100eb13.wat","SUPPORTED",32012,32012,0,100.00,"",""
"benchmarks/xblock_wat/bitthirtymax_39923401_671c0cc0b488.wat","SUPPORTED",31901,31901,0,100.00,"",""
"benchmarks/xblock_wat/bitthirtymax_47497334_bbcf59945a40.wat","SUPPORTED",32680,32680,0,100.00,"",""
"benchmarks/xblock_wat/bitthirtymax_47497736_b98d643e3684.wat","SUPPORTED",61825,61825,0,100.00,"",""
"benchmarks/xblock_wat/bitthirtymax_47674317_5a2a7d5e73fe.wat","SUPPORTED",61888,61888,0,100.00,"",""
"benchmarks/xblock_wat/bitthirtymax_61540100_3816909447bc.wat","SUPPORTED",67442,67442,0,100.00,"",""
"benchmarks/xblock_wat/bitthirtymax_61540706_d2a1e6526097.wat","SUPPORTED",67442,67442,0,100.00,"",""
"benchmarks/xblock_wat/bitthirtymax_61541134_e5e2c92e8c57.wat","SUPPORTED",67442,67442,0,100.00,"",""
"benchmarks/xblock_wat/bitthirtymax_61541753_3810755deb51.wat","SUPPORTED",66812,66812,0,100.00,"",""
"benchmarks/xblock_wat/bitthirtymax_61542424_6866d2b68942.wat","SUPPORTED",66810,66810,0,100.00,"",""
"benchmarks/xblock_wat/bitthirtymax_61542824_f939665aa12f.wat","SUPPORTED",67048,67048,0,100.00,"",""
"benchmarks/xblock_wat/bitthirtymax_61546732_a46e7dba9583.wat","SUPPORTED",238,238,0,100.00,"",""
"benchmarks/xblock_wat/bitveosgames_17109916_2de44fb08550.wat","SUPPORTED",10222,10222,0,100.00,"",""
"benchmarks/xblock_wat/bitveosgames_17117749_ab72b2970d78.wat","SUPPORTED",2889,2889,0,100.00,"",""
"benchmarks/xblock_wat/bitveosgames_17122217_8374d83e0553.wat","SUPPORTED",3732,3732,0,100.00,"",""
"benchmarks/xblock_wat/bitveosgames_17122931_04f4f9d5936e.wat","SUPPORTED",3734,3734,0,100.00,"",""
"benchmarks/xblock_wat/bitveosgames_17123177_617b36207701.wat","SUPPORTED",3734,3734,0,100.00,"",""
"benchmarks/xblock_wat/bitveosgames_17123634_445736ce9c76.wat","SUPPORTED",3721,3721,0,100.00,"",""
"benchmarks/xblock_wat/bitveosgames_22618755_6101df1a1efb.wat","SUPPORTED",15843,15843,0,100.00,"",""
"benchmarks/xblock_wat/bitveosgames_22619759_16bee2454db0.wat","SUPPORTED",15845,15845,0,100.00,"",""
"benchmarks/xblock_wat/bitveosgames_23939796_d4b48d5548ae.wat","SUPPORTED",15637,15637,0,100.00,"",""
"benchmarks/xblock_wat/bitveosgames_23939937_b6db11dd1b3c.wat","SUPPORTED",15845,15845,0,100.00,"",""
"benchmarks/xblock_wat/biubiubiu111_88314146_caf526e8ee7b.wat","SUPPORTED",2565,2565,0,100.00,"",""
"benchmarks/xblock_wat/biubiubiu111_88315795_1919453c0742.wat","SUPPORTED",2565,2565,0,100.00,"",""
"benchmarks/xblock_wat/biubiubiu111_88395528_edf6d6603fd2.wat","SUPPORTED",5343,5343,0,100.00,"",""
"benchmarks/xblock_wat/biubiubiu111_88409833_412daf2bd02a.wat","SUPPORTED",5284,5284,0,100.00,"",""
"benchmarks/xblock_wat/biubiubiu111_88410995_97a637ea402e.wat","SUPPORTED",5280,5280,0,100.00,"",""
"benchmarks/xblock_wat/biubiubiu111_88417016_f3729ae4c386.wat","SUPPORTED",3429,3429,0,100.00,"",""
"benchmarks/xblock_wat/biubiubiu111_88427459_699633f0eef5.wat","SUPPORTED",3629,3629,0,100.00,"",""
"benchmarks/xblock_wat/biubiubiu111_88459602_0b982894e0b9.wat","SUPPORTED",4947,4947,0,100.00,"",""
"benchmarks/xblock_wat/biubiubiu111_88650116_2a125911d18b.wat","SUPPORTED",5498,5498,0,100.00,"",""
"benchmarks/xblock_wat/biubiubiu111_88650656_588d47b9b0fd.wat","SUPPORTED",5508,5508,0,100.00,"",""
"benchmarks/xblock_wat/bizhitu12345_36848894_1a67553edc4a.wat","SUPPORTED",9646,9646,0,100.00,"",""
"benchmarks/xblock_wat/bizhitu12345_36856948_36fad2d5e683.wat","SUPPORTED",9633,9633,0,100.00,"",""
"benchmarks/xblock_wat/bizhitu12345_36857827_98ceeb7c4fff.wat","SUPPORTED",9971,9971,0,100.00,"",""
"benchmarks/xblock_wat/bizhitu12345_36863600_20077219a82c.wat","SUPPORTED",9990,9990,0,100.00,"",""
"benchmarks/xblock_wat/bizhitu12345_37354504_a0cde05e196f.wat","SUPPORTED",10184,10184,0,100.00,"",""
"benchmarks/xblock_wat/bjlondondemo_15410956_7ad5e43a93db.wat","SUPPORTED",6501,6501,0,100.00,"",""
"benchmarks/xblock_wat/bjlondondemo_15414140_4ce98f3fefdc.wat","SUPPORTED",6805,6805,0,100.00,"",""
"benchmarks/xblock_wat/bjlondondemo_15414196_6d2d5959ea1e.wat","SUPPORTED",6811,6811,0,100.00,"",""
"benchmarks/xblock_wat/bjlondondemo_15414469_5078a584de30.wat","SUPPORTED",6814,6814,0,100.00,"",""
"benchmarks/xblock_wat/bjlondondemo_15414521_ff1b1e12b402.wat","SUPPORTED",6818,6818,0,100.00,"",""
"benchmarks/xblock_wat/bjlondondemo_15414838_bd7048824ee0.wat","SUPPORTED",7208,7208,0,100.00,"",""
"benchmarks/xblock_wat/bjlondondemo_15415160_e52aaf762313.wat","SUPPORTED",7217,7217,0,100.00,"",""
"benchmarks/xblock_wat/bjlondondemo_15416932_1e3fb415ca84.wat","SUPPORTED",7462,7462,0,100.00,"",""
"benchmarks/xblock_wat/bjlondondemo_15422746_e4e3f5507b43.wat","SUPPORTED",8631,8631,0,100.00,"",""
"benchmarks/xblock_wat/bjlondondemo_15422963_cf5dbef74037.wat","SUPPORTED",8729,8729,0,100.00,"",""
"benchmarks/xblock_wat/bjlondondemo_15423132_ec05a9c35545.wat","SUPPORTED",8727,8727,0,100.00,"",""
"benchmarks/xblock_wat/bjlondondemo_15423650_472c3ab3d042.wat","SUPPORTED",8947,8947,0,100.00,"",""
"benchmarks/xblock_wat/bjlondondemo_15423815_2855a984d821.wat","SUPPORTED",8955,8955,0,100.00,"",""
"benchmarks/xblock_wat/bjlondondemo_15424336_6b2a279c84d9.wat","SUPPORTED",8958,8958,0,100.00,"",""
"benchmarks/xblock_wat/bjlondondemo_15580744_d331002acb45.wat","SUPPORTED",8958,8958,0,100.00,"",""
"benchmarks/xblock_wat/bjlondondemo_15774881_b97c063c1fbd.wat","SUPPORTED",8958,8958,0,100.00,"",""
"benchmarks/xblock_wat/bjlondondemo_15774925_d7b59aa163d5.wat","SUPPORTED",9469,9469,0,100.00,"",""
"benchmarks/xblock_wat/bjpkshitest1_60690178_3a13c0e11e4c.wat","SUPPORTED",38535,38535,0,100.00,"",""
"benchmarks/xblock_wat/bjpkshitest1_60701052_637fd30784a5.wat","SUPPORTED",38712,38712,0,100.00,"",""
"benchmarks/xblock_wat/bjpkshitest1_60819270_eb8156d2e42f.wat","SUPPORTED",38751,38751,0,100.00,"",""
"benchmarks/xblock_wat/bjpkshitest1_61148664_5bd80a04a0dc.wat","SUPPORTED",39026,39026,0,100.00,"",""
"benchmarks/xblock_wat/bjpkshitest1_61152269_ab3b8b3967b4.wat","SUPPORTED",39044,39044,0,100.00,"",""
"benchmarks/xblock_wat/bjpkshitest1_61155846_e32d107c91f4.wat","SUPPORTED",39045,39045,0,100.00,"",""
"benchmarks/xblock_wat/bjpkshitest1_61165095_62b9c60069bf.wat","SUPPORTED",39045,39045,0,100.00,"",""
"benchmarks/xblock_wat/bjpkshitest1_61508788_879646af3899.wat","SUPPORTED",39047,39047,0,100.00,"",""
"benchmarks/xblock_wat/bjpkshitest1_61513658_0e883e0131fc.wat","SUPPORTED",39067,39067,0,100.00,"",""
"benchmarks/xblock_wat/bjpkshitest1_61558491_998c2b380eb7.wat","SUPPORTED",39089,39089,0,100.00,"",""
"benchmarks/xblock_wat/bjpkshitest1_61559303_8daba2abd6d1.wat","SUPPORTED",39089,39089,0,100.00,"",""
"benchmarks/xblock_wat/bjpkshitest1_61654668_8b5ddf711066.wat","SUPPORTED",39105,39105,0,100.00,"",""
"benchmarks/xblock_wat/bjpkshitest1_63753058_e517537b766c.wat","SUPPORTED",39107,39107,0,100.00,"",""
"benchmarks/xblock_wat/bjpkshitest1_69468447_9872087d8650.wat","SUPPORTED",39377,39377,0,100.00,"",""
"benchmarks/xblock_wat/bjpkshitest1_69470340_6348a6ac5665.wat","SUPPORTED",39377,39377,0,100.00,"",""
"benchmarks/xblock_wat/bjpkshitest1_69994253_52021cc0383b.wat","SUPPORTED",39377,39377,0,100.00,"",""
"benchmarks/xblock_wat/bkbankservic_18926373_2bb8786a5d48.wat","SUPPORTED",8863,8863,0,100.00,"",""
"benchmarks/xblock_wat/bkyyshayysha_12782124_325ec5e3e8fb.wat","SUPPORTED",13187,13187,0,100.00,"",""
"benchmarks/xblock_wat/bkyyshayysha_18129975_49c8f466ed8b.wat","SUPPORTED",13156,13156,0,100.00,"",""
"benchmarks/xblock_wat/bkyyshayysha_23445724_45ebc4e265aa.wat","SUPPORTED",14237,14237,0,100.00,"",""
"benchmarks/xblock_wat/bkyyshayysha_23445958_7e36b0e3c423.wat","SUPPORTED",14237,14237,0,100.00,"",""
"benchmarks/xblock_wat/bkyyshayysha_23452561_fb17c60e5fb5.wat","SUPPORTED",13587,13587,0,100.00,"",""
"benchmarks/xblock_wat/bkyyshayysha_23452952_1091054263cd.wat","SUPPORTED",14237,14237,0,100.00,"",""
"benchmarks/xblock_wat/blabberminer_70684135_4421837ffd0d.wat","SUPPORTED",12719,12719,0,100.00,"",""
"benchmarks/xblock_wat/blabberminer_83450135_9a0a563abef4.wat","SUPPORTED",12719,12719,0,100.00,"",""
"benchmarks/xblock_wat/blabberminer_85507323_bd517678ab0c.wat","SUPPORTED",12692,12692,0,100.00,"",""
"benchmarks/xblock_wat/blabberrefer_78162867_115956b109b2.wat","SUPPORTED",14483,14483,0,100.00,"",""
"benchmarks/xblock_wat/blabbersales_86767377_fc7258dafb97.wat","SUPPORTED",19821,19821,0,100.00,"",""
"benchmarks/xblock_wat/blabbertoken_55892889_58ae0cb021ce.wat","SUPPORTED",13976,13976,0,100.00,"",""
"benchmarks/xblock_wat/blabbertoken_70655183_c6a2b64a2460.wat","SUPPORTED",17132,17132,0,100.00,"",""
"benchmarks/xblock_wat/blabbervault_70712534_ca3bcd81c77d.wat","SUPPORTED",49366,49366,0,100.00,"",""
"benchmarks/xblock_wat/blabbervault_84486942_26a1abcb6cdd.wat","SUPPORTED",52155,52155,0,100.00,"",""
"benchmarks/xblock_wat/blabbervault_86767469_7c52834e5d90.wat","SUPPORTED",56450,56450,0,100.00,"",""
"benchmarks/xblock_wat/blackjack.e_33755994_59143ac64505.wat","SUPPORTED",29149,29149,0,100.00,"",""
"benchmarks/xblock_wat/blackjack.e_33908980_c6fdd858a6d3.wat","SUPPORTED",30092,30092,0,100.00,"",""
"benchmarks/xblock_wat/blackjack.e_34340821_c6968999ae30.wat","SUPPORTED",29536,29536,0,100.00,"",""
"benchmarks/xblock_wat/blackjack.e_34605926_9e1ffaf4b7b0.wat","SUPPORTED",30202,30202,0,100.00,"",""
"benchmarks/xblock_wat/blackjack.e_47673184_a07e324df9f3.wat","SUPPORTED",33403,33403,0,100.00,"",""
"benchmarks/xblock_wat/blackjack.e_48739236_a69b8f226458.wat","SUPPORTED",34598,34598,0,100.00,"",""
"benchmarks/xblock_wat/blackjackfun_35653050_47c863dc8e82.wat","SUPPORTED",16867,16867,0,100.00,"",""
"benchmarks/xblock_wat/blackjackx21_22566033_16fdc13024a9.wat","SUPPORTED",32796,32796,0,100.00,"",""
"benchmarks/xblock_wat/blackjackx21_22571242_db3f1e5348d1.wat","SUPPORTED",32796,32796,0,100.00,"",""
"benchmarks/xblock_wat/blackjackx21_22697569_6ba289ce8313.wat","SUPPORTED",33286,33286,0,100.00,"",""
"benchmarks/xblock_wat/blackjackx21_23220013_c9652e9bfc9c.wat","SUPPORTED",33498,33498,0,100.00,"",""
"benchmarks/xblock_wat/blackjackx21_23495362_5bd1be21ed83.wat","SUPPORTED",35298,35298,0,100.00,"",""
"benchmarks/xblock_wat/blackjackx21_23505539_e2e38cc21eb7.wat","SUPPORTED",35298,35298,0,100.00,"",""
"benchmarks/xblock_wat/blackjackx21_23518403_ffeb1eb01b6c.wat","SUPPORTED",35297,35297,0,100.00,"",""
"benchmarks/xblock_wat/blackjackx21_23606588_8f4f84c5bfa9.wat","SUPPORTED",36576,36576,0,100.00,"",""
"benchmarks/xblock_wat/blackjackx21_23607473_2eb807ca16e8.wat","SUPPORTED",36576,36576,0,100.00,"",""
"benchmarks/xblock_wat/blackjackx21_23610148_aed3d6454433.wat","SUPPORTED",36839,36839,0,100.00,"",""
"benchmarks/xblock_wat/blackjackx21_23648953_98bbbde3a455.wat","SUPPORTED",36920,36920,0,100.00,"",""
"benchmarks/xblock_wat/blackjackx21_23920339_bae65a08a86e.wat","SUPPORTED",36565,36565,0,100.00,"",""
"benchmarks/xblock_wat/blackjackx21_24194619_1be84228bef3.wat","SUPPORTED",37336,37336,0,100.00,"",""
"benchmarks/xblock_wat/blackjackx21_29103202_c32173c8a644.wat","SUPPORTED",40182,40182,0,100.00,"",""
"benchmarks/xblock_wat/blackjackx21_29104313_1697d0653017.wat","SUPPORTED",40490,40490,0,100.00,"",""
"benchmarks/xblock_wat/blackjackx21_29105384_416ae112238b.wat","SUPPORTED",40221,40221,0,100.00,"",""
"benchmarks/xblock_wat/blackjackx21_29107309_106ebe52bd48.wat","SUPPORTED",40490,40490,0,100.00,"",""
"benchmarks/xblock_wat/blackjackx21_29326946_5b8b89c048e7.wat","SUPPORTED",41466,41466,0,100.00,"",""
"benchmarks/xblock_wat/blackjackx21_29734274_c29b54705403.wat","SUPPORTED",41259,41259,0,100.00,"",""
"benchmarks/xblock_wat/blackjackx21_32746813_6af3d6b1c608.wat","SUPPORTED",43224,43224,0,100.00,"",""
"benchmarks/xblock_wat/blackjackx21_32747313_4649b4a34356.wat","SUPPORTED",43224,43224,0,100.00,"",""
"benchmarks/xblock_wat/blacklistmee_911842_083e545f9b82.wat","SUPPORTED",1187,1187,0,100.00,"",""
"benchmarks/xblock_wat/blacklistmee_912172_893598f8b202.wat","SUPPORTED",1155,1155,0,100.00,"",""
"benchmarks/xblock_wat/blicicooffer_47568340_90c7c7ac3eed.wat","SUPPORTED",14858,14858,0,100.00,"",""
"benchmarks/xblock_wat/blocfountain_55264250_d46093ab7cda.wat","SUPPORTED",5944,5944,0,100.00,"",""
"benchmarks/xblock_wat/blocfountain_55381041_b22b407a5c38.wat","SUPPORTED",5944,5944,0,100.00,"",""
"benchmarks/xblock_wat/block1notify_58657917_3763fc52d3c4.wat","SUPPORTED",9052,9052,0,100.00,"",""
"benchmarks/xblock_wat/blockairdrop_89321638_15a5e38e4cc9.wat","SUPPORTED",3466,3466,0,100.00,"",""
"benchmarks/xblock_wat/blockairdrop_89356985_08b04b189179.wat","SUPPORTED",5016,5016,0,100.00,"",""
"benchmarks/xblock_wat/blockairdrop_89359977_971ca21ab451.wat","SUPPORTED",5794,5794,0,100.00,"",""
"benchmarks/xblock_wat/blockairdrop_89361934_04ed03a57012.wat","SUPPORTED",4081,4081,0,100.00,"",""
"benchmarks/xblock_wat/blockairdrop_89362402_11351e4f06f8.wat","SUPPORTED",4081,4081,0,100.00,"",""
"benchmarks/xblock_wat/blockairdrop_89422231_d61bdeef2ada.wat","SUPPORTED",4058,4058,0,100.00,"",""
"benchmarks/xblock_wat/blockairdrop_89426841_c56485bee242.wat","SUPPORTED",3503,3503,0,100.00,"",""
"benchmarks/xblock_wat/blockairdrop_89439151_9c6e473f7630.wat","SUPPORTED",3466,3466,0,100.00,"",""
"benchmarks/xblock_wat/blockairdrop_89445280_cd9521164b21.wat","SUPPORTED",3466,3466,0,100.00,"",""
"benchmarks/xblock_wat/blockairdrop_89456037_1e4edf098df2.wat","SUPPORTED",6789,6789,0,100.00,"",""
"benchmarks/xblock_wat/blockairdrop_89495152_ff446941bdb5.wat","SUPPORTED",5708,5708,0,100.00,"",""
"benchmarks/xblock_wat/blockairdrop_89516464_69b7098e1aed.wat","SUPPORTED",5708,5708,0,100.00,"",""
"benchmarks/xblock_wat/blockairdrop_89623358_3b865c188f6e.wat","SUPPORTED",3470,3470,0,100.00,"",""
"benchmarks/xblock_wat/blockbankers_30642952_237d80ad6635.wat","SUPPORTED",20955,20955,0,100.00,"",""
"benchmarks/xblock_wat/blockbankers_31318846_334c6d06cf39.wat","SUPPORTED",21573,21573,0,100.00,"",""
"benchmarks/xblock_wat/blockbankers_33080734_aa412ad40d03.wat","SUPPORTED",8792,8792,0,100.00,"",""
"benchmarks/xblock_wat/blockbankers_33081590_c5456d03c448.wat","SUPPORTED",24914,24914,0,100.00,"",""
"benchmarks/xblock_wat/blockbasetkn_81583936_c45cc1a99ca4.wat","SUPPORTED",20671,20671,0,100.00,"",""
"benchmarks/xblock_wat/blockcentrex_63127177_f03626c4ab77.wat","SUPPORTED",8895,8895,0,100.00,"",""
"benchmarks/xblock_wat/blockcoined1_55259080_b1167cce4beb.wat","SUPPORTED",34056,34056,0,100.00,"",""
"benchmarks/xblock_wat/blockfishads_26270705_47402ef485d4.wat","SUPPORTED",3999,3999,0,100.00,"",""
"benchmarks/xblock_wat/blockfishads_26271598_693e83b80fa8.wat","SUPPORTED",3999,3999,0,100.00,"",""
"benchmarks/xblock_wat/blockfishads_26274469_d7a5b8ecc194.wat","SUPPORTED",2651,2651,0,100.00,"",""
"benchmarks/xblock_wat/blockfishads_26275773_be86524b3d9c.wat","SUPPORTED",4075,4075,0,100.00,"",""
"benchmarks/xblock_wat/blockfishads_26287576_4457792fc023.wat","SUPPORTED",3610,3610,0,100.00,"",""
"benchmarks/xblock_wat/blockfishads_26288736_30e804a662b2.wat","SUPPORTED",3603,3603,0,100.00,"",""
"benchmarks/xblock_wat/blockfishads_26340251_ebcbc9cfea1f.wat","SUPPORTED",5302,5302,0,100.00,"",""
"benchmarks/xblock_wat/blockfishads_26441714_44f1b4a932c7.wat","SUPPORTED",6644,6644,0,100.00,"",""
"benchmarks/xblock_wat/blockfishbgp_12408314_0a2877cd7a2c.wat","SUPPORTED",0,0,0,100.00,"",""
"benchmarks/xblock_wat/blockfishbgp_15280154_cf40817f67e2.wat","SUPPORTED",5309,5309,0,100.00,"",""
"benchmarks/xblock_wat/blockfishbgp_15311043_fbb495fb66ce.wat","SUPPORTED",6056,6056,0,100.00,"",""
"benchmarks/xblock_wat/blockfishbgp_15315121_042e8e1e558c.wat","SUPPORTED",6519,6519,0,100.00,"",""
"benchmarks/xblock_wat/blockfishbgp_15315357_f78afc3b5c6b.wat","SUPPORTED",6519,6519,0,100.00,"",""
"benchmarks/xblock_wat/blockfishbgp_15336845_44875e672adb.wat","SUPPORTED",6495,6495,0,100.00,"",""
"benchmarks/xblock_wat/blockfishbgp_15402930_ebe6409afc75.wat","SUPPORTED",8873,8873,0,100.00,"",""
"benchmarks/xblock_wat/blockfishbgp_15416869_e639952e1d9a.wat","SUPPORTED",10554,10554,0,100.00,"",""
"benchmarks/xblock_wat/blockfishbgp_15417592_c25a00e01b30.wat","SUPPORTED",10554,10554,0,100.00,"",""
"benchmarks/xblock_wat/blockfishbgp_15419345_c8bf8f93d70c.wat","SUPPORTED",10568,10568,0,100.00,"",""
"benchmarks/xblock_wat/blockfishbgp_15455739_b1de257d2594.wat","SUPPORTED",10559,10559,0,100.00,"",""
"benchmarks/xblock_wat/blockfishbgp_15464010_d624f3e7ab2b.wat","SUPPORTED",10263,10263,0,100.00,"",""
"benchmarks/xblock_wat/blockfishbgp_15464065_66071afaa0e0.wat","SUPPORTED",10042,10042,0,100.00,"",""
"benchmarks/xblock_wat/blockfishbgp_21148718_1ba1f84bd139.wat","SUPPORTED",17071,17071,0,100.00,"",""
"benchmarks/xblock_wat/blockfishbgp_21149240_cfd916cf4a27.wat","SUPPORTED",17073,17073,0,100.00,"",""
"benchmarks/xblock_wat/blockfishbgp_21228191_f0350c03981e.wat","SUPPORTED",4852,4852,0,100.00,"",""
"benchmarks/xblock_wat/blockfishbgp_21270704_64de46c231da.wat","SUPPORTED",5020,5020,0,100.00,"",""
"benchmarks/xblock_wat/blockfishbgp_21287169_4155eef7a218.wat","SUPPORTED",3387,3387,0,100.00,"",""
"benchmarks/xblock_wat/blockfishbgp_26271468_fd4337500283.wat","SUPPORTED",10670,10670,0,100.00,"",""
"benchmarks/xblock_wat/blockfishbgp_26273655_6ca2c405abe4.wat","SUPPORTED",9446,9446,0,100.00,"",""
"benchmarks/xblock_wat/blockfishbgp_26281407_2cd98a8f6e77.wat","SUPPORTED",10832,10832,0,100.00,"",""
"benchmarks/xblock_wat/blockfishbgp_26287857_0e67f96182ab.wat","SUPPORTED",17471,17471,0,100.00,"",""
"benchmarks/xblock_wat/blockfishbgp_26288124_ce789c561962.wat","SUPPORTED",17476,17476,0,100.00,"",""
"benchmarks/xblock_wat/blockfishbgp_26288452_0457a296d433.wat","SUPPORTED",17477,17477,0,100.00,"",""
"benchmarks/xblock_wat/blockfishbgp_26288586_0027ad96c23a.wat","SUPPORTED",8932,8932,0,100.00,"",""
"benchmarks/xblock_wat/blockfishbgp_26423757_30026aa0fc98.wat","SUPPORTED",19656,19656,0,100.00,"",""
"benchmarks/xblock_wat/blockfishbgp_26584484_f11f28ea22db.wat","SUPPORTED",6596,6596,0,100.00,"",""
"benchmarks/xblock_wat/blockfishbgp_26585476_4f31a4c8096c.wat","SUPPORTED",5911,5911,0,100.00,"",""
"benchmarks/xblock_wat/blockfishbgp_7911313_5aaaf78bd798.wat","SUPPORTED",3151,3151,0,100.00,"",""
"benchmarks/xblock_wat/blockfishbgp_8268393_25bf19e43d2c.wat","SUPPORTED",4023,4023,0,100.00,"",""
"benchmarks/xblock_wat/blockfishbgp_8275273_001e804e1f75.wat","SUPPORTED",5956,5956,0,100.00,"",""
"benchmarks/xblock_wat/blockfishbgp_8290945_52a2016b2456.wat","SUPPORTED",7451,7451,0,100.00,"",""
"benchmarks/xblock_wat/blockfishbgp_8297845_cd0c7e31ae97.wat","SUPPORTED",6633,6633,0,100.00,"",""
"benchmarks/xblock_wat/blockfishbgp_8299906_e25ada5dc171.wat","SUPPORTED",6619,6619,0,100.00,"",""
"benchmarks/xblock_wat/blockfishbgp_8318321_13c05b76a20f.wat","SUPPORTED",7506,7506,0,100.00,"",""
"benchmarks/xblock_wat/blockfishbgp_8421995_99f92a5cf4fc.wat","SUPPORTED",7878,7878,0,100.00,"",""
"benchmarks/xblock_wat/blockfishbgp_9822763_731992f4882a.wat","SUPPORTED",7871,7871,0,100.00,"",""
"benchmarks/xblock_wat/blockfishbgp_9823234_5d0d2e649ab8.wat","SUPPORTED",7805,7805,0,100.00,"",""
"benchmarks/xblock_wat/blockfishbgp_9865380_03e5ebf7ae85.wat","SUPPORTED",1185,1185,0,100.00,"",""
"benchmarks/xblock_wat/blockgamehub_8857366_0cfaa6d41f87.wat","SUPPORTED",1249,1249,0,100.00,"",""
"benchmarks/xblock_wat/blockgamehub_9165875_de53c0a84236.wat","SUPPORTED",1766,1766,0,100.00,"",""
"benchmarks/xblock_wat/blockgamehub_9181906_1264d11268aa.wat","SUPPORTED",1770,1770,0,100.00,"",""
"benchmarks/xblock_wat/blocknamedex_81037024_68dd92035e90.wat","SUPPORTED",120169,120169,0,100.00,"",""
"benchmarks/xblock_wat/blocknamedex_82187627_873e741f0d5c.wat","SUPPORTED",120174,120174,0,100.00,"",""
"benchmarks/xblock_wat/blocknamedex_82279938_d6f91f718498.wat","SUPPORTED",123709,123709,0,100.00,"",""
"benchmarks/xblock_wat/blocknamedex_83720812_abcb6d2d5ec5.wat","SUPPORTED",130663,130663,0,100.00,"",""
"benchmarks/xblock_wat/blocknamedex_83741538_33175ba17d8c.wat","SUPPORTED",130662,130662,0,100.00,"",""
"benchmarks/xblock_wat/blocknamedex_83779345_ed826f1626ee.wat","SUPPORTED",130987,130987,0,100.00,"",""
"benchmarks/xblock_wat/blocknamedex_84113337_9769adfc7c2e.wat","SUPPORTED",130993,130993,0,100.00,"",""
"benchmarks/xblock_wat/blocknamedex_84125659_59361d82deb0.wat","SUPPORTED",130997,130997,0,100.00,"",""
"benchmarks/xblock_wat/blocknamedex_84522692_3e542b3537db.wat","SUPPORTED",131018,131018,0,100.00,"",""
"benchmarks/xblock_wat/blocknamedex_85183081_23672a44ac56.wat","SUPPORTED",140325,140325,0,100.00,"",""
"benchmarks/xblock_wat/blocknamedex_85185746_8c9d301036bf.wat","SUPPORTED",140328,140328,0,100.00,"",""
"benchmarks/xblock_wat/blocknamedex_85315476_05ccfa1419ea.wat","SUPPORTED",140354,140354,0,100.00,"",""
"benchmarks/xblock_wat/blocknamedex_85370019_8fc2a616cdcf.wat","SUPPORTED",134499,134499,0,100.00,"",""
"benchmarks/xblock_wat/blocknamedex_87791837_95ebd7184e16.wat","SUPPORTED",131360,131360,0,100.00,"",""
"benchmarks/xblock_wat/blocknamedex_87793323_be1351cc450a.wat","SUPPORTED",127390,127390,0,100.00,"",""
"benchmarks/xblock_wat/blocknamedex_87923325_e1990f52b186.wat","SUPPORTED",127390,127390,0,100.00,"",""
"benchmarks/xblock_wat/blocknamedex_89015709_d09798fb536b.wat","SUPPORTED",127957,127957,0,100.00,"",""
"benchmarks/xblock_wat/blocknamekey_83720126_92bd81644976.wat","SUPPORTED",7968,7968,0,100.00,"",""
"benchmarks/xblock_wat/blocknamekey_86696564_054476c7c213.wat","SUPPORTED",9993,9993,0,100.00,"",""
"benchmarks/xblock_wat/blocknamelog_81036849_9ee8d9960d27.wat","SUPPORTED",15538,15538,0,100.00,"",""
"benchmarks/xblock_wat/blocknamelog_82190997_d0c03ff174bc.wat","SUPPORTED",15578,15578,0,100.00,"",""
"benchmarks/xblock_wat/blockoneosio_16688837_bf838c401fd8.wat","SUPPORTED",8873,8873,0,100.00,"",""
"benchmarks/xblock_wat/blockoneosio_16692758_e0ece598cab0.wat","SUPPORTED",8873,8873,0,100.00,"",""
"benchmarks/xblock_wat/blockoneosio_24292806_7509d58c6f8d.wat","SUPPORTED",12801,12801,0,100.00,"",""
"benchmarks/xblock_wat/blockoneosio_24293277_9bbc06b29ba9.wat","SUPPORTED",12801,12801,0,100.00,"",""
"benchmarks/xblock_wat/blockpetmain_37829568_4c4d982b9fce.wat","SUPPORTED",12320,12320,0,100.00,"",""
"benchmarks/xblock_wat/blockpetmain_45099207_02c3218675c5.wat","SUPPORTED",14297,14297,0,100.00,"",""
"benchmarks/xblock_wat/blockpetmain_47353916_4dda54989712.wat","SUPPORTED",14171,14171,0,100.00,"",""
"benchmarks/xblock_wat/blockpetmain_88214282_fae1e3699749.wat","SUPPORTED",1366,1366,0,100.00,"",""
"benchmarks/xblock_wat/blockstartac_24668414_36115064bdba.wat","SUPPORTED",9403,9403,0,100.00,"",""
"benchmarks/xblock_wat/blockstartac_25468051_9a2372a216da.wat","SUPPORTED",10597,10597,0,100.00,"",""
"benchmarks/xblock_wat/blockstartac_25469756_04eece32af1d.wat","SUPPORTED",11101,11101,0,100.00,"",""
"benchmarks/xblock_wat/blockstartac_25470284_6a21f90853ea.wat","SUPPORTED",11098,11098,0,100.00,"",""
"benchmarks/xblock_wat/blockstartac_26250210_0592ef7f0e9f.wat","SUPPORTED",11095,11095,0,100.00,"",""
"benchmarks/xblock_wat/blockstartac_26630272_8c673bf025d0.wat","SUPPORTED",11104,11104,0,100.00,"",""
"benchmarks/xblock_wat/blockstartac_28426505_31d11c8b267e.wat","SUPPORTED",11928,11928,0,100.00,"",""
"benchmarks/xblock_wat/blockstartac_75316396_4450a2cf67ff.wat","SUPPORTED",2348,2348,0,100.00,"",""
"benchmarks/xblock_wat/blocktivity1_87700891_c9b62f62f472.wat","SUPPORTED",7516,7516,0,100.00,"",""
"benchmarks/xblock_wat/blocktivity1_87838572_76c26dc22458.wat","SUPPORTED",7617,7617,0,100.00,"",""
"benchmarks/xblock_wat/blocktivity1_87888529_927d4474ee34.wat","SUPPORTED",7648,7648,0,100.00,"",""
"benchmarks/xblock_wat/blocktivity1_88008169_cde50fdc23c5.wat","SUPPORTED",7736,7736,0,100.00,"",""
"benchmarks/xblock_wat/blocktivity1_88012196_dbd6ba71487c.wat","SUPPORTED",10485,10485,0,100.00,"",""
"benchmarks/xblock_wat/blocktivity1_88013751_896626e8587f.wat","SUPPORTED",10999,10999,0,100.00,"",""
"benchmarks/xblock_wat/blocktivity1_88014834_8197362e59db.wat","SUPPORTED",11477,11477,0,100.00,"",""
"benchmarks/xblock_wat/blocktivity1_88015202_0fd829d42f2d.wat","SUPPORTED",11602,11602,0,100.00,"",""
"benchmarks/xblock_wat/blocktivity1_88052941_e263d904b5ca.wat","SUPPORTED",11718,11718,0,100.00,"",""
"benchmarks/xblock_wat/blocktivity1_88056507_471e5d5599ba.wat","SUPPORTED",11910,11910,0,100.00,"",""
"benchmarks/xblock_wat/blocktivity1_88058762_77d0e0164bc2.wat","SUPPORTED",12251,12251,0,100.00,"",""
"benchmarks/xblock_wat/blocktivity1_88061510_8fb31e6317cd.wat","SUPPORTED",12301,12301,0,100.00,"",""
"benchmarks/xblock_wat/blocktwitter_5080049_c68234a51fe9.wat","SUPPORTED",2068,2068,0,100.00,"",""
"benchmarks/xblock_wat/blocointoken_55255776_159ef1b08a96.wat","SUPPORTED",9268,9268,0,100.00,"",""
"benchmarks/xblock_wat/blogsbyjerry_51705709_78ce78caf7a4.wat","SUPPORTED",7422,7422,0,100.00,"",""
"benchmarks/xblock_wat/blogsbyjerry_51707535_3b4e73f49e7c.wat","SUPPORTED",7426,7426,0,100.00,"",""
"benchmarks/xblock_wat/bluebet12345_59106860_6189f3f7a2e6.wat","SUPPORTED",11398,11398,0,100.00,"",""
"benchmarks/xblock_wat/bluebet12345_60629509_63492eeaa039.wat","SUPPORTED",14048,14048,0,100.00,"",""
"benchmarks/xblock_wat/bluebet12345_68785978_983dd7155551.wat","SUPPORTED",15885,15885,0,100.00,"",""
"benchmarks/xblock_wat/bluebet12345_68786874_e8784b3d30a8.wat","SUPPORTED",16021,16021,0,100.00,"",""
"benchmarks/xblock_wat/bluebet12345_68789741_dc0d41346c64.wat","SUPPORTED",14920,14920,0,100.00,"",""
"benchmarks/xblock_wat/bluebet12345_89521346_5ecc91ec83ab.wat","SUPPORTED",15050,15050,0,100.00,"",""
"benchmarks/xblock_wat/bluebet12345_89521687_551677225445.wat","SUPPORTED",15043,15043,0,100.00,"",""
"benchmarks/xblock_wat/bluebet2ball_65123190_bce71b616c1a.wat","SUPPORTED",25627,25627,0,100.00,"",""
"benchmarks/xblock_wat/bluebetbcrat_64637900_96e2dca38855.wat","SUPPORTED",29268,29268,0,100.00,"",""
"benchmarks/xblock_wat/bluebetbcrat_65127910_6340ac90cfce.wat","SUPPORTED",29349,29349,0,100.00,"",""
"benchmarks/xblock_wat/bluebetbcrat_66696969_acedfa93f14a.wat","SUPPORTED",29336,29336,0,100.00,"",""
"benchmarks/xblock_wat/bluebetbcrat_72707798_fe8a42e326d1.wat","SUPPORTED",31302,31302,0,100.00,"",""
"benchmarks/xblock_wat/bluebetbcrat_77916145_ab464d7e3b8b.wat","SUPPORTED",31779,31779,0,100.00,"",""
"benchmarks/xblock_wat/bluebetbcrat_78404399_0bac148afb9b.wat","SUPPORTED",31779,31779,0,100.00,"",""
"benchmarks/xblock_wat/bluebetbcrat_88629669_56a63ecdfbe7.wat","SUPPORTED",32884,32884,0,100.00,"",""
"benchmarks/xblock_wat/bluebetbcrat_88630191_3a3ff32f9e37.wat","SUPPORTED",32884,32884,0,100.00,"",""
"benchmarks/xblock_wat/bluebetbonus_64486639_14c4ac07a727.wat","SUPPORTED",26565,26565,0,100.00,"",""
"benchmarks/xblock_wat/bluebetbonus_64645366_46051ddd4a4e.wat","SUPPORTED",27567,27567,0,100.00,"",""
"benchmarks/xblock_wat/bluebetbonus_65123505_e47c06320f1b.wat","SUPPORTED",27733,27733,0,100.00,"",""
"benchmarks/xblock_wat/bluebetbonus_65516587_6a62408bdc4f.wat","SUPPORTED",28091,28091,0,100.00,"",""
"benchmarks/xblock_wat/bluebetbonus_65518011_a1d97e85a7b1.wat","SUPPORTED",28002,28002,0,100.00,"",""
"benchmarks/xblock_wat/bluebetbonus_65518104_156eacf1140c.wat","SUPPORTED",28005,28005,0,100.00,"",""
"benchmarks/xblock_wat/bluebetbonus_65519447_e8b6db313365.wat","SUPPORTED",28002,28002,0,100.00,"",""
"benchmarks/xblock_wat/bluebetbonus_65520257_8d3174a91382.wat","SUPPORTED",28005,28005,0,100.00,"",""
"benchmarks/xblock_wat/bluebetbonus_65521232_f6292cae64ea.wat","SUPPORTED",28002,28002,0,100.00,"",""
"benchmarks/xblock_wat/bluebetbonus_65522226_d4cf14335c70.wat","SUPPORTED",28073,28073,0,100.00,"",""
"benchmarks/xblock_wat/bluebetbonus_65523346_ca89789aa64d.wat","SUPPORTED",27825,27825,0,100.00,"",""
"benchmarks/xblock_wat/bluebetbonus_65523508_80892ff6427c.wat","SUPPORTED",27828,27828,0,100.00,"",""
"benchmarks/xblock_wat/bluebetbonus_65523741_3e7c06921440.wat","SUPPORTED",27745,27745,0,100.00,"",""
"benchmarks/xblock_wat/bluebetbonus_65524869_4501d334e6f5.wat","SUPPORTED",27827,27827,0,100.00,"",""
"benchmarks/xblock_wat/bluebetbonus_65525007_80111a326c27.wat","SUPPORTED",27827,27827,0,100.00,"",""
"benchmarks/xblock_wat/bluebetbonus_65525473_27665773f13a.wat","SUPPORTED",28151,28151,0,100.00,"",""
"benchmarks/xblock_wat/bluebetbonus_65525594_781d612e0ba4.wat","SUPPORTED",28076,28076,0,100.00,"",""
"benchmarks/xblock_wat/bluebetbonus_65525696_b6a5cda89272.wat","SUPPORTED",28101,28101,0,100.00,"",""
"benchmarks/xblock_wat/bluebetbonus_65526092_016c8e17f64d.wat","SUPPORTED",28076,28076,0,100.00,"",""
"benchmarks/xblock_wat/bluebetbonus_65527113_9e321ffbfe3b.wat","SUPPORTED",28076,28076,0,100.00,"",""
"benchmarks/xblock_wat/bluebetbonus_65527633_34a807bc162f.wat","SUPPORTED",27828,27828,0,100.00,"",""
"benchmarks/xblock_wat/bluebetbonus_65624035_ca85953cfd1e.wat","SUPPORTED",28675,28675,0,100.00,"",""
"benchmarks/xblock_wat/bluebetbonus_75502666_0c9ed9523613.wat","SUPPORTED",29948,29948,0,100.00,"",""
"benchmarks/xblock_wat/bluebetbonus_75502968_bceb31575033.wat","SUPPORTED",30154,30154,0,100.00,"",""
"benchmarks/xblock_wat/bluebetbonus_75504054_fa2e460b16f7.wat","SUPPORTED",30148,30148,0,100.00,"",""
"benchmarks/xblock_wat/bluebetbonus_78787100_63d9559a0845.wat","SUPPORTED",30312,30312,0,100.00,"",""
"benchmarks/xblock_wat/bluebetbonus_83941052_acc2a9c1814a.wat","SUPPORTED",30699,30699,0,100.00,"",""
"benchmarks/xblock_wat/bluebetbonus_83963283_6a366c4b4470.wat","SUPPORTED",32820,32820,0,100.00,"",""
"benchmarks/xblock_wat/bluebetbonus_84437914_3382a104c197.wat","SUPPORTED",32822,32822,0,100.00,"",""
"benchmarks/xblock_wat/bluebetbonus_84444799_05dfb7d99029.wat","SUPPORTED",32827,32827,0,100.00,"",""
"benchmarks/xblock_wat/bluebetbonus_89458564_f40ec9b3b662.wat","SUPPORTED",34704,34704,0,100.00,"",""
"benchmarks/xblock_wat/bluebetbulls_65154523_0e3fa50fbcb6.wat","SUPPORTED",28430,28430,0,100.00,"",""
"benchmarks/xblock_wat/bluebetbulls_70516441_6bd6ccb24d6b.wat","SUPPORTED",33378,33378,0,100.00,"",""
"benchmarks/xblock_wat/bluebetbulls_72390653_2cda2c54ac25.wat","SUPPORTED",33415,33415,0,100.00,"",""
"benchmarks/xblock_wat/bluebetbulls_72392690_c56ee7f31c3a.wat","SUPPORTED",33415,33415,0,100.00,"",""
"benchmarks/xblock_wat/bluebetbulls_72401226_5d9a8d137f6b.wat","SUPPORTED",33443,33443,0,100.00,"",""
"benchmarks/xblock_wat/bluebetbulls_77916493_5e290d70ec98.wat","SUPPORTED",34136,34136,0,100.00,"",""
"benchmarks/xblock_wat/bluebetbulls_78404708_e2c5d4a7b4c8.wat","SUPPORTED",34142,34142,0,100.00,"",""
"benchmarks/xblock_wat/bluebetbulls_88632414_01103bf664d7.wat","SUPPORTED",35247,35247,0,100.00,"",""
"benchmarks/xblock_wat/bluebetbulls_88632598_86b705348c23.wat","SUPPORTED",35247,35247,0,100.00,"",""
"benchmarks/xblock_wat/bluebetbulls_89318626_a6ad8a451195.wat","SUPPORTED",35247,35247,0,100.00,"",""
"benchmarks/xblock_wat/bluebetcarib_64651606_87c6cc67a00f.wat","SUPPORTED",41262,41262,0,100.00,"",""
"benchmarks/xblock_wat/bluebetcarib_65122450_9457078ae720.wat","SUPPORTED",41347,41347,0,100.00,"",""
"benchmarks/xblock_wat/bluebetcarib_65154177_67ad91acd01d.wat","SUPPORTED",41428,41428,0,100.00,"",""
"benchmarks/xblock_wat/bluebetcarib_77915216_aa41b1f3a487.wat","SUPPORTED",42121,42121,0,100.00,"",""
"benchmarks/xblock_wat/bluebetcarib_78404601_05e77169afc9.wat","SUPPORTED",42127,42127,0,100.00,"",""
"benchmarks/xblock_wat/bluebetcarib_88630794_16c2498bedbe.wat","SUPPORTED",43238,43238,0,100.00,"",""
"benchmarks/xblock_wat/bluebetcarib_89318270_91f356f8a338.wat","SUPPORTED",43238,43238,0,100.00,"",""
"benchmarks/xblock_wat/bluebetjacks_64647227_f14ad5464fb8.wat","SUPPORTED",47229,47229,0,100.00,"",""
"benchmarks/xblock_wat/bluebetjacks_65121872_465668a3e8dd.wat","SUPPORTED",47314,47314,0,100.00,"",""
"benchmarks/xblock_wat/bluebetjacks_65125334_a9c5dd845b0f.wat","SUPPORTED",47326,47326,0,100.00,"",""
"benchmarks/xblock_wat/bluebetjacks_65126115_914b4eedba09.wat","SUPPORTED",47395,47395,0,100.00,"",""
"benchmarks/xblock_wat/bluebetjacks_65127038_18f29d1ba70b.wat","SUPPORTED",47395,47395,0,100.00,"",""
"benchmarks/xblock_wat/bluebetjacks_77915635_8299a48e81b7.wat","SUPPORTED",48088,48088,0,100.00,"",""
"benchmarks/xblock_wat/bluebetjacks_78404503_93128bb8856d.wat","SUPPORTED",48094,48094,0,100.00,"",""
"benchmarks/xblock_wat/bluebetjacks_88626874_cd687c8f43c3.wat","SUPPORTED",49193,49193,0,100.00,"",""
"benchmarks/xblock_wat/bluebetjacks_88627532_ff836d258218.wat","SUPPORTED",49199,49199,0,100.00,"",""
"benchmarks/xblock_wat/bluebetjacks_88628840_1626746dc914.wat","SUPPORTED",49199,49199,0,100.00,"",""
"benchmarks/xblock_wat/bluebetproxy_65181812_967f4e563f30.wat","SUPPORTED",37260,37260,0,100.00,"",""
"benchmarks/xblock_wat/bluebetproxy_65504781_571860a9a9eb.wat","SUPPORTED",38071,38071,0,100.00,"",""
"benchmarks/xblock_wat/bluebetproxy_65521694_4a0175578e40.wat","SUPPORTED",37785,37785,0,100.00,"",""
"benchmarks/xblock_wat/bluebetproxy_65521839_f0c63635949a.wat","SUPPORTED",38046,38046,0,100.00,"",""
"benchmarks/xblock_wat/bluebetproxy_65522712_4cdeae0e40b2.wat","SUPPORTED",38049,38049,0,100.00,"",""
"benchmarks/xblock_wat/bluebetproxy_65523170_301dbe584531.wat","SUPPORTED",37981,37981,0,100.00,"",""
"benchmarks/xblock_wat/bluebetproxy_65624202_0074d09022da.wat","SUPPORTED",37975,37975,0,100.00,"",""
"benchmarks/xblock_wat/bluebetproxy_65624965_88ecf8dd4299.wat","SUPPORTED",38786,38786,0,100.00,"",""
"benchmarks/xblock_wat/bluebetproxy_88635402_2f3c14ed8265.wat","SUPPORTED",39891,39891,0,100.00,"",""
"benchmarks/xblock_wat/bluebetproxy_89318397_9d29c728442a.wat","SUPPORTED",39891,39891,0,100.00,"",""
"benchmarks/xblock_wat/bluebettexas_64650839_531bf43ec203.wat","SUPPORTED",41959,41959,0,100.00,"",""
"benchmarks/xblock_wat/bluebettexas_65154754_9ce809e3d14d.wat","SUPPORTED",42125,42125,0,100.00,"",""
"benchmarks/xblock_wat/bluebettexas_84977192_74edd90eca90.wat","SUPPORTED",42876,42876,0,100.00,"",""
"benchmarks/xblock_wat/bluebettexas_84977647_2d75a3eac2a3.wat","SUPPORTED",43005,43005,0,100.00,"",""
"benchmarks/xblock_wat/bluebettexas_84977815_249fd08d970a.wat","SUPPORTED",43008,43008,0,100.00,"",""
"benchmarks/xblock_wat/bluebettexas_84979227_a498c45dd8cd.wat","SUPPORTED",42414,42414,0,100.00,"",""
"benchmarks/xblock_wat/bluebettexas_84983501_566ac5d7289a.wat","SUPPORTED",42441,42441,0,100.00,"",""
"benchmarks/xblock_wat/bluebettexas_84984166_1be7fbce2ca1.wat","SUPPORTED",42554,42554,0,100.00,"",""
"benchmarks/xblock_wat/bluebettexas_85177838_784e411bd970.wat","SUPPORTED",42961,42961,0,100.00,"",""
"benchmarks/xblock_wat/bluebettexas_87026737_38966b4d5d45.wat","SUPPORTED",43104,43104,0,100.00,"",""
"benchmarks/xblock_wat/bluebettexas_88631889_f7652ff7a3ff.wat","SUPPORTED",45033,45033,0,100.00,"",""
"benchmarks/xblock_wat/bluebetthree_64649695_72a37a28a633.wat","SUPPORTED",46671,46671,0,100.00,"",""
"benchmarks/xblock_wat/bluebetthree_65155079_28d88668c62c.wat","SUPPORTED",46837,46837,0,100.00,"",""
"benchmarks/xblock_wat/bluebetthree_65516889_a747663a5802.wat","SUPPORTED",46837,46837,0,100.00,"",""
"benchmarks/xblock_wat/bluebetthree_71499824_fcb4fe95acbb.wat","SUPPORTED",48307,48307,0,100.00,"",""
"benchmarks/xblock_wat/bluebetthree_71500654_55c30536156e.wat","SUPPORTED",47513,47513,0,100.00,"",""
"benchmarks/xblock_wat/bluebetthree_71502397_04363bd07cb4.wat","SUPPORTED",48632,48632,0,100.00,"",""
"benchmarks/xblock_wat/bluebetthree_71503492_eabcc3547f19.wat","SUPPORTED",48640,48640,0,100.00,"",""
"benchmarks/xblock_wat/bluebetthree_71505297_9d54a6ce85b5.wat","SUPPORTED",48643,48643,0,100.00,"",""
"benchmarks/xblock_wat/bluebetthree_71505596_2be100737468.wat","SUPPORTED",48646,48646,0,100.00,"",""
"benchmarks/xblock_wat/bluebetthree_71506097_34ed4e1521e0.wat","SUPPORTED",48640,48640,0,100.00,"",""
"benchmarks/xblock_wat/bluebetthree_71507074_f0fc2bea348f.wat","SUPPORTED",48777,48777,0,100.00,"",""
"benchmarks/xblock_wat/bluebetthree_71507825_ee00fd81c543.wat","SUPPORTED",48642,48642,0,100.00,"",""
"benchmarks/xblock_wat/bluebetthree_72527879_ad56ec9d2392.wat","SUPPORTED",48642,48642,0,100.00,"",""
"benchmarks/xblock_wat/bluebetthree_72736296_312458f26f08.wat","SUPPORTED",49657,49657,0,100.00,"",""
"benchmarks/xblock_wat/bluebetthree_72737145_6deb74d62b63.wat","SUPPORTED",49660,49660,0,100.00,"",""
"benchmarks/xblock_wat/bluebetthree_73045149_175d54abc505.wat","SUPPORTED",49686,49686,0,100.00,"",""
"benchmarks/xblock_wat/bluebetthree_73046313_ffe6bc12c0ae.wat","SUPPORTED",49681,49681,0,100.00,"",""
"benchmarks/xblock_wat/bluebetthree_75501757_62e40cb077c1.wat","SUPPORTED",48856,48856,0,100.00,"",""
"benchmarks/xblock_wat/bluebetthree_76328237_584201d5e619.wat","SUPPORTED",48874,48874,0,100.00,"",""
"benchmarks/xblock_wat/bluebetthree_77914501_e502522a191b.wat","SUPPORTED",48517,48517,0,100.00,"",""
"benchmarks/xblock_wat/bluebetthree_77914627_ec07ac475e89.wat","SUPPORTED",48517,48517,0,100.00,"",""
"benchmarks/xblock_wat/bluebetthree_78404928_962231b52055.wat","SUPPORTED",48523,48523,0,100.00,"",""
"benchmarks/xblock_wat/bluehedgehog_2890692_7f7fe88270f2.wat","SUPPORTED",8119,8119,0,100.00,"",""
"benchmarks/xblock_wat/bluehedgehog_2891457_818dbf320b54.wat","SUPPORTED",8033,8033,0,100.00,"",""
"benchmarks/xblock_wat/bluehedgehog_3031988_44e739962656.wat","SUPPORTED",2647,2647,0,100.00,"",""
"benchmarks/xblock_wat/bluehedgehog_3032255_cdc25019604f.wat","SUPPORTED",1353,1353,0,100.00,"",""
"benchmarks/xblock_wat/blueos111111_29814942_e01a72808991.wat","SUPPORTED",52016,52016,0,100.00,"",""
"benchmarks/xblock_wat/blueos111111_29825763_d92a2f3b017f.wat","SUPPORTED",44294,44294,0,100.00,"",""
"benchmarks/xblock_wat/blueos111111_30089479_79119702f3e4.wat","SUPPORTED",32701,32701,0,100.00,"",""
"benchmarks/xblock_wat/blueos111111_30149473_d9fdbc2820de.wat","SUPPORTED",33083,33083,0,100.00,"",""
"benchmarks/xblock_wat/blueos111111_30153722_c8a07d388f17.wat","SUPPORTED",33024,33024,0,100.00,"",""
"benchmarks/xblock_wat/blueos111111_30272989_fde8ef1e5bba.wat","SUPPORTED",33131,33131,0,100.00,"",""
"benchmarks/xblock_wat/blueoscrowd1_29118866_802fcffcb53c.wat","SUPPORTED",6964,6964,0,100.00,"",""
"benchmarks/xblock_wat/bluepayments_59461762_ad09ba3dffb0.wat","SUPPORTED",10897,10897,0,100.00,"",""
"benchmarks/xblock_wat/bluepayments_59575797_6255d60e214c.wat","SUPPORTED",10897,10897,0,100.00,"",""
"benchmarks/xblock_wat/bluepayments_59625002_c43e8a8ba653.wat","SUPPORTED",10975,10975,0,100.00,"",""
"benchmarks/xblock_wat/bmismyfather_32725779_9e42d23afa1c.wat","SUPPORTED",2400,2400,0,100.00,"",""
"benchmarks/xblock_wat/bmismyfather_32729165_de756dcdc24d.wat","SUPPORTED",3301,3301,0,100.00,"",""
"benchmarks/xblock_wat/bnbcontadmin_36700109_fad373ea8138.wat","SUPPORTED",7974,7974,0,100.00,"",""
"benchmarks/xblock_wat/bnbcontadmin_36700851_4fd767bb3f16.wat","SUPPORTED",7662,7662,0,100.00,"",""
"benchmarks/xblock_wat/bnbcontadmin_36876228_7c81dfd365c8.wat","SUPPORTED",7938,7938,0,100.00,"",""
"benchmarks/xblock_wat/bnbcontadmin_36883888_0fda7a353515.wat","SUPPORTED",4507,4507,0,100.00,"",""
"benchmarks/xblock_wat/bnbcontadmin_36886712_7995f6a918f8.wat","SUPPORTED",4600,4600,0,100.00,"",""
"benchmarks/xblock_wat/bnbcontadmin_36887763_6a0bf54fc1a4.wat","SUPPORTED",4883,4883,0,100.00,"",""
"benchmarks/xblock_wat/bnbcontadmin_39764282_5dc42d4a144a.wat","SUPPORTED",7131,7131,0,100.00,"",""
"benchmarks/xblock_wat/bnbcontadmin_43529230_5a2c03419fe9.wat","SUPPORTED",7131,7131,0,100.00,"",""
"benchmarks/xblock_wat/bnbcontadmin_43531900_19cc8b4f8c74.wat","SUPPORTED",7131,7131,0,100.00,"",""
"benchmarks/xblock_wat/bnbcontadmin_43768496_1a1f5b97ccf1.wat","SUPPORTED",6433,6433,0,100.00,"",""
"benchmarks/xblock_wat/bnr225242525_89325907_4c5debd83051.wat","SUPPORTED",5842,5842,0,100.00,"",""
"benchmarks/xblock_wat/bnt2eoscnvrt_23549573_72ad619fa217.wat","SUPPORTED",20139,20139,0,100.00,"",""
"benchmarks/xblock_wat/bnt2eoscnvrt_39679377_d9b1d9a7d011.wat","SUPPORTED",20068,20068,0,100.00,"",""
"benchmarks/xblock_wat/bnt2eoscnvrt_75351017_7040dc225e95.wat","SUPPORTED",25431,25431,0,100.00,"",""
"benchmarks/xblock_wat/bntbntbntbnt_23547519_50764b7c20ec.wat","SUPPORTED",9928,9928,0,100.00,"",""
"benchmarks/xblock_wat/bntbntbntbnt_23547821_92b1a24fa11c.wat","SUPPORTED",9928,9928,0,100.00,"",""
"benchmarks/xblock_wat/bntbntbntbnt_39677313_c3dc207431b0.wat","SUPPORTED",11471,11471,0,100.00,"",""
"benchmarks/xblock_wat/boatpirate24_27709104_4c1c7485ebc2.wat","SUPPORTED",16018,16018,0,100.00,"",""
"benchmarks/xblock_wat/boatpirate24_27883472_aa0c9c91c1b9.wat","SUPPORTED",16018,16018,0,100.00,"",""
"benchmarks/xblock_wat/boatpirate24_29598698_8bc25b370085.wat","SUPPORTED",16166,16166,0,100.00,"",""
"benchmarks/xblock_wat/bobingbank12_34640281_1884391a232d.wat","SUPPORTED",22576,22576,0,100.00,"",""
"benchmarks/xblock_wat/bobingbank12_35636226_0e53922800cb.wat","SUPPORTED",23188,23188,0,100.00,"",""
"benchmarks/xblock_wat/bobinggame11_34634568_f1aca2a06ad9.wat","SUPPORTED",43333,43333,0,100.00,"",""
"benchmarks/xblock_wat/bobinggame11_34796321_f5560b1acc6e.wat","SUPPORTED",36033,36033,0,100.00,"",""
"benchmarks/xblock_wat/bobinggame11_35650060_bcf47897499f.wat","SUPPORTED",36045,36045,0,100.00,"",""
"benchmarks/xblock_wat/bobinggame11_37145515_608ffb4f373d.wat","SUPPORTED",36065,36065,0,100.00,"",""
"benchmarks/xblock_wat/bobinggame11_37695750_900ee0633d6a.wat","SUPPORTED",36560,36560,0,100.00,"",""
"benchmarks/xblock_wat/bobinggame11_37914896_82dde6a2899a.wat","SUPPORTED",36215,36215,0,100.00,"",""
"benchmarks/xblock_wat/bobinggame11_38007950_8c26094b7496.wat","SUPPORTED",34342,34342,0,100.00,"",""
"benchmarks/xblock_wat/bobinggame11_38044901_bb0323fefa4e.wat","SUPPORTED",34375,34375,0,100.00,"",""
"benchmarks/xblock_wat/bobinggame11_38548908_4b0dd888899d.wat","SUPPORTED",34375,34375,0,100.00,"",""
"benchmarks/xblock_wat/bobinggame11_39784447_74023d4e235f.wat","SUPPORTED",35691,35691,0,100.00,"",""
"benchmarks/xblock_wat/bobinggame11_47495916_5a7853133324.wat","SUPPORTED",36146,36146,0,100.00,"",""
"benchmarks/xblock_wat/bobinggame11_48753206_f7895fb87710.wat","SUPPORTED",43811,43811,0,100.00,"",""
"benchmarks/xblock_wat/bobinggame12_39768902_62dde6ee7c45.wat","SUPPORTED",1774,1774,0,100.00,"",""
"benchmarks/xblock_wat/bobinghotbag_15982952_d9899e9dbbc5.wat","SUPPORTED",6045,6045,0,100.00,"",""
"benchmarks/xblock_wat/bobinghotbag_38043220_299b8a15d420.wat","SUPPORTED",8768,8768,0,100.00,"",""
"benchmarks/xblock_wat/bobukulabobu_46736252_5c701c0ad31e.wat","SUPPORTED",2333,2333,0,100.00,"",""
"benchmarks/xblock_wat/bobukulabobu_46737519_d2ef3043b1f7.wat","SUPPORTED",2361,2361,0,100.00,"",""
"benchmarks/xblock_wat/bobukulabobu_46738403_ca53e8ca0290.wat","SUPPORTED",2359,2359,0,100.00,"",""
"benchmarks/xblock_wat/bobukulabobu_46738635_2caea93a245d.wat","SUPPORTED",2366,2366,0,100.00,"",""
"benchmarks/xblock_wat/bobukulabobu_46739897_fe5a0bee57c7.wat","SUPPORTED",2366,2366,0,100.00,"",""
"benchmarks/xblock_wat/bocai.game_29248355_dd918de413cd.wat","SUPPORTED",26231,26231,0,100.00,"",""
"benchmarks/xblock_wat/bocai.game_29312604_f112d6fb2661.wat","SUPPORTED",26211,26211,0,100.00,"",""
"benchmarks/xblock_wat/bocai.game_32883174_92689dafcf58.wat","SUPPORTED",27363,27363,0,100.00,"",""
"benchmarks/xblock_wat/bocai.game_33230565_6fec06c17de9.wat","SUPPORTED",27366,27366,0,100.00,"",""
"benchmarks/xblock_wat/bocai.game_33630212_ae5ef94104e2.wat","SUPPORTED",42312,42312,0,100.00,"",""
"benchmarks/xblock_wat/bocai.game_33631873_14b82b145c41.wat","SUPPORTED",42310,42310,0,100.00,"",""
"benchmarks/xblock_wat/bocai.game_33805882_d6f8a0b3bb5e.wat","SUPPORTED",28122,28122,0,100.00,"",""
"benchmarks/xblock_wat/bocai.game_33806378_11792eb98e12.wat","SUPPORTED",28105,28105,0,100.00,"",""
"benchmarks/xblock_wat/bocai.game_33806801_acbc90ac0446.wat","SUPPORTED",24053,24053,0,100.00,"",""
"benchmarks/xblock_wat/bocai.game_33806945_6ba42c0928c4.wat","SUPPORTED",28218,28218,0,100.00,"",""
"benchmarks/xblock_wat/bocai.game_37347396_3ce8caf6a228.wat","SUPPORTED",28306,28306,0,100.00,"",""
"benchmarks/xblock_wat/bocai.game_38047386_72ee29b6afdc.wat","SUPPORTED",28309,28309,0,100.00,"",""
"benchmarks/xblock_wat/boidcompower_83876578_658fab3e2209.wat","SUPPORTED",33413,33413,0,100.00,"",""
"benchmarks/xblock_wat/boidcompower_83912838_da8f5c94443a.wat","SUPPORTED",33843,33843,0,100.00,"",""
"benchmarks/xblock_wat/boidcompower_86002144_bd4e5e7cb664.wat","SUPPORTED",36013,36013,0,100.00,"",""
"benchmarks/xblock_wat/boidcompower_86792293_80bf5b77251c.wat","SUPPORTED",36779,36779,0,100.00,"",""
"benchmarks/xblock_wat/boidcompower_86837468_26b93a2df5b2.wat","SUPPORTED",37072,37072,0,100.00,"",""
"benchmarks/xblock_wat/boidcompower_86841151_90f1330a5dbe.wat","SUPPORTED",36988,36988,0,100.00,"",""
"benchmarks/xblock_wat/boidcompower_86849827_c542a0808e5a.wat","SUPPORTED",37672,37672,0,100.00,"",""
"benchmarks/xblock_wat/boidcompower_86858017_d6ae1f18ef01.wat","SUPPORTED",37667,37667,0,100.00,"",""
"benchmarks/xblock_wat/boidcompower_86962402_17d061436f24.wat","SUPPORTED",37834,37834,0,100.00,"",""
"benchmarks/xblock_wat/boidcompower_87105459_953a735aadd1.wat","SUPPORTED",36570,36570,0,100.00,"",""
"benchmarks/xblock_wat/boidcompower_87836358_e8982099f75f.wat","SUPPORTED",36605,36605,0,100.00,"",""
"benchmarks/xblock_wat/boidcompower_88391578_e9a0f03e6381.wat","SUPPORTED",36487,36487,0,100.00,"",""
"benchmarks/xblock_wat/boidcompower_88394122_20684f760a8e.wat","SUPPORTED",36462,36462,0,100.00,"",""
"benchmarks/xblock_wat/boidcompower_88416101_f1b248d2f2e6.wat","SUPPORTED",36072,36072,0,100.00,"",""
"benchmarks/xblock_wat/boidcompower_88428261_7eba30c4aa93.wat","SUPPORTED",36963,36963,0,100.00,"",""
"benchmarks/xblock_wat/boidcomstake_35757148_04b8cbc4c762.wat","SUPPORTED",24672,24672,0,100.00,"",""
"benchmarks/xblock_wat/boidcomtoken_36127923_0ca70990e111.wat","SUPPORTED",24609,24609,0,100.00,"",""
"benchmarks/xblock_wat/boidcomtoken_37490070_828782fef8ea.wat","SUPPORTED",25150,25150,0,100.00,"",""
"benchmarks/xblock_wat/boidcomtoken_38179301_6b136e257eb0.wat","SUPPORTED",23895,23895,0,100.00,"",""
"benchmarks/xblock_wat/boidcomtoken_38193784_7cc9c2c1a1da.wat","SUPPORTED",23895,23895,0,100.00,"",""
"benchmarks/xblock_wat/boidcomtoken_39016954_0b58d81ce13b.wat","SUPPORTED",21214,21214,0,100.00,"",""
"benchmarks/xblock_wat/boidcomtoken_39441810_cbd1ee1b00a1.wat","SUPPORTED",21316,21316,0,100.00,"",""
"benchmarks/xblock_wat/boidcomtoken_39443863_01e89729fed6.wat","SUPPORTED",21358,21358,0,100.00,"",""
"benchmarks/xblock_wat/boidcomtoken_39508704_a29cd97543fe.wat","SUPPORTED",21397,21397,0,100.00,"",""
"benchmarks/xblock_wat/boidcomtoken_41595780_2e8710b92c0f.wat","SUPPORTED",26717,26717,0,100.00,"",""
"benchmarks/xblock_wat/boidcomtoken_41606747_e54e21318a0b.wat","SUPPORTED",26628,26628,0,100.00,"",""
"benchmarks/xblock_wat/boidcomtoken_45000442_52d86af3f674.wat","SUPPORTED",27158,27158,0,100.00,"",""
"benchmarks/xblock_wat/boidcomtoken_45006494_48d3fa7e222b.wat","SUPPORTED",26629,26629,0,100.00,"",""
"benchmarks/xblock_wat/boidcomtoken_75910855_cc8ec95ec8b2.wat","SUPPORTED",63407,63407,0,100.00,"",""
"benchmarks/xblock_wat/boidcomtoken_76553171_97689ce4a154.wat","SUPPORTED",52560,52560,0,100.00,"",""
"benchmarks/xblock_wat/boidcomtoken_79184803_3f1ea04fdfa3.wat","SUPPORTED",51999,51999,0,100.00,"",""
"benchmarks/xblock_wat/boidcomtoken_80749715_fbe9f560504b.wat","SUPPORTED",52343,52343,0,100.00,"",""
"benchmarks/xblock_wat/boidcomtoken_80896432_39c933b8437f.wat","SUPPORTED",54205,54205,0,100.00,"",""
"benchmarks/xblock_wat/boidcomtoken_81095056_640865b749e7.wat","SUPPORTED",57602,57602,0,100.00,"",""
"benchmarks/xblock_wat/boidcomtoken_81107391_24d84219d60d.wat","SUPPORTED",57456,57456,0,100.00,"",""
"benchmarks/xblock_wat/boidcomtoken_81109165_e3813dabec49.wat","SUPPORTED",57512,57512,0,100.00,"",""
"benchmarks/xblock_wat/boidcomtoken_81112572_e9bf434d8b16.wat","SUPPORTED",57552,57552,0,100.00,"",""
"benchmarks/xblock_wat/boidcomtoken_81285460_cfb311d779b0.wat","SUPPORTED",48053,48053,0,100.00,"",""
"benchmarks/xblock_wat/boidcomtoken_81971689_e090d54b0a48.wat","SUPPORTED",47192,47192,0,100.00,"",""
"benchmarks/xblock_wat/boidcomtoken_82890210_b7ecb53893b1.wat","SUPPORTED",49156,49156,0,100.00,"",""
"benchmarks/xblock_wat/boidcomtoken_85008936_ac9d910a43f8.wat","SUPPORTED",49326,49326,0,100.00,"",""
"benchmarks/xblock_wat/boidcomtoken_85995225_607d78bc72b4.wat","SUPPORTED",49325,49325,0,100.00,"",""
"benchmarks/xblock_wat/boidcomtoken_86147736_64f096ebacc0.wat","SUPPORTED",49324,49324,0,100.00,"",""
"benchmarks/xblock_wat/boidcomtoken_88878025_c0ba4e539e27.wat","SUPPORTED",49804,49804,0,100.00,"",""
"benchmarks/xblock_wat/bolalagubacn_34473559_60f9707130ff.wat","SUPPORTED",5525,5525,0,100.00,"",""
"benchmarks/xblock_wat/bolalagubacn_34475239_67eee1aca6a5.wat","SUPPORTED",6260,6260,0,100.00,"",""
"benchmarks/xblock_wat/bolalagubacn_34475309_9a2fddbf2ef9.wat","SUPPORTED",6364,6364,0,100.00,"",""
"benchmarks/xblock_wat/bolalagubacn_34480583_f1d82eb36298.wat","SUPPORTED",6302,6302,0,100.00,"",""
"benchmarks/xblock_wat/bolalagubacn_34482539_38a22d2e71aa.wat","SUPPORTED",15270,15270,0,100.00,"",""
"benchmarks/xblock_wat/bolalagubacn_34483398_6ed1f2a7d521.wat","SUPPORTED",15275,15275,0,100.00,"",""
"benchmarks/xblock_wat/bolalagubacn_34484205_bd4443323f89.wat","SUPPORTED",15275,15275,0,100.00,"",""
"benchmarks/xblock_wat/bolalagubacn_34484395_39bd35f81159.wat","SUPPORTED",15277,15277,0,100.00,"",""
"benchmarks/xblock_wat/bolalagubacn_34485903_5ad4ee8c19d1.wat","SUPPORTED",15286,15286,0,100.00,"",""
"benchmarks/xblock_wat/bolalagubacn_34486175_27f0596d92b9.wat","SUPPORTED",15286,15286,0,100.00,"",""
"benchmarks/xblock_wat/bolalagubacn_34488729_112d12243f99.wat","SUPPORTED",15286,15286,0,100.00,"",""
"benchmarks/xblock_wat/bolalagubacn_34489004_ae607ecf4cec.wat","SUPPORTED",15286,15286,0,100.00,"",""
"benchmarks/xblock_wat/bolalagubacn_34489731_b2012143f88b.wat","SUPPORTED",15286,15286,0,100.00,"",""
"benchmarks/xblock_wat/bolalagubacn_34490533_f12a8ea958b5.wat","SUPPORTED",11895,11895,0,100.00,"",""
"benchmarks/xblock_wat/bolalagubacn_34493279_99fc07f126fd.wat","SUPPORTED",11927,11927,0,100.00,"",""
"benchmarks/xblock_wat/bolalagubacn_34496338_bcafc27e99db.wat","SUPPORTED",12136,12136,0,100.00,"",""
"benchmarks/xblock_wat/bolalagubacn_34496484_19d233d1ce17.wat","SUPPORTED",12111,12111,0,100.00,"",""
"benchmarks/xblock_wat/bondavinciio_46188540_1f4d3478cb71.wat","SUPPORTED",10123,10123,0,100.00,"",""
"benchmarks/xblock_wat/bonus.bg_74815438_6ba3b886f4be.wat","SUPPORTED",22760,22760,0,100.00,"",""
"benchmarks/xblock_wat/bonus.bg_74951792_b6a10e23b7cf.wat","SUPPORTED",16652,16652,0,100.00,"",""
"benchmarks/xblock_wat/bonus.bg_76332678_3528a30bebc9.wat","SUPPORTED",17777,17777,0,100.00,"",""
"benchmarks/xblock_wat/bonus.bg_87198332_7eed0b4503de.wat","SUPPORTED",17849,17849,0,100.00,"",""
"benchmarks/xblock_wat/bonus.bg_88331747_88e017bf6ca9.wat","SUPPORTED",17875,17875,0,100.00,"",""
"benchmarks/xblock_wat/bookchaineos_39435813_dda890c67b82.wat","SUPPORTED",18757,18757,0,100.00,"",""
"benchmarks/xblock_wat/bookchaineos_40292505_43d3629816ce.wat","SUPPORTED",22664,22664,0,100.00,"",""
"benchmarks/xblock_wat/borderless11_76505193_1953ff93c0d0.wat","SUPPORTED",6854,6854,0,100.00,"",""
"benchmarks/xblock_wat/borderless11_76695096_c844c341efc1.wat","SUPPORTED",8111,8111,0,100.00,"",""
"benchmarks/xblock_wat/bosibc.io_38213442_cf31462121be.wat","SUPPORTED",86529,86529,0,100.00,"",""
"benchmarks/xblock_wat/bosibc.io_38238470_1020bec7cfa4.wat","SUPPORTED",87247,87247,0,100.00,"",""
"benchmarks/xblock_wat/bosibc.io_38248198_7287225a22f6.wat","SUPPORTED",87267,87267,0,100.00,"",""
"benchmarks/xblock_wat/bosibc.io_38248481_15a6d4e94de8.wat","SUPPORTED",86549,86549,0,100.00,"",""
"benchmarks/xblock_wat/bosibc.io_38394914_eff75d973f9e.wat","SUPPORTED",86858,86858,0,100.00,"",""
"benchmarks/xblock_wat/bosibc.io_38417129_b24e7b56077e.wat","SUPPORTED",86550,86550,0,100.00,"",""
"benchmarks/xblock_wat/bosibc.io_38421896_67b0d37355e5.wat","SUPPORTED",86727,86727,0,100.00,"",""
"benchmarks/xblock_wat/bosibc.io_38562474_ca1d81da0949.wat","SUPPORTED",87664,87664,0,100.00,"",""
"benchmarks/xblock_wat/bosibc.io_39924923_fa98dd79537b.wat","SUPPORTED",88170,88170,0,100.00,"",""
"benchmarks/xblock_wat/bosibc.io_47521013_6d2acc83d5d3.wat","SUPPORTED",88185,88185,0,100.00,"",""
"benchmarks/xblock_wat/bosibc.io_52364381_b4651b836554.wat","SUPPORTED",88477,88477,0,100.00,"",""
"benchmarks/xblock_wat/bosibc.io_52501016_dde4ad4e6ffe.wat","SUPPORTED",88521,88521,0,100.00,"",""
"benchmarks/xblock_wat/bosibc.io_52506792_4aaaf9fa0c82.wat","SUPPORTED",88510,88510,0,100.00,"",""
"benchmarks/xblock_wat/bosibc.io_57403810_08739d19b83c.wat","SUPPORTED",88967,88967,0,100.00,"",""
"benchmarks/xblock_wat/bosibc.io_58111463_dde7c22242ce.wat","SUPPORTED",89184,89184,0,100.00,"",""
"benchmarks/xblock_wat/bosibc.io_60300496_8d03b69a40eb.wat","SUPPORTED",89002,89002,0,100.00,"",""
"benchmarks/xblock_wat/bosibc.io_70488826_91ccff884fd2.wat","SUPPORTED",95343,95343,0,100.00,"",""
"benchmarks/xblock_wat/bosibc.io_70493067_173a4dd5c75a.wat","SUPPORTED",108669,108669,0,100.00,"",""
"benchmarks/xblock_wat/bosibc.io_70494303_78fa6309de2a.wat","SUPPORTED",102337,102337,0,100.00,"",""
"benchmarks/xblock_wat/bosibc.io_83780284_8060323c8aa2.wat","SUPPORTED",103752,103752,0,100.00,"",""
"benchmarks/xblock_wat/bosibc5chain_38213424_9e4d704e4c25.wat","SUPPORTED",42478,42478,0,100.00,"",""
"benchmarks/xblock_wat/bosibc5chain_38416878_17f197d47dd5.wat","SUPPORTED",42526,42526,0,100.00,"",""
"benchmarks/xblock_wat/bosibc5chain_38417088_ca925ea2bcb3.wat","SUPPORTED",42548,42548,0,100.00,"",""
"benchmarks/xblock_wat/bosibc5chain_38562465_5052545bb554.wat","SUPPORTED",42810,42810,0,100.00,"",""
"benchmarks/xblock_wat/bosibc5chain_38704547_0e29687a8ace.wat","SUPPORTED",42794,42794,0,100.00,"",""
"benchmarks/xblock_wat/bosibc5chain_38924978_9d669bd2b392.wat","SUPPORTED",42818,42818,0,100.00,"",""
"benchmarks/xblock_wat/bosibc5chain_70488750_34f1452bbd1e.wat","SUPPORTED",43799,43799,0,100.00,"",""
"benchmarks/xblock_wat/bosibc5chain_70492981_d7764a5dbee2.wat","SUPPORTED",54403,54403,0,100.00,"",""
"benchmarks/xblock_wat/bosstoken111_29279100_24bdd5816133.wat","SUPPORTED",8482,8482,0,100.00,"",""
"benchmarks/xblock_wat/bosstoken111_30125844_f912a97a6ff3.wat","SUPPORTED",16034,16034,0,100.00,"",""
"benchmarks/xblock_wat/bosstoken111_30300202_635aee4ecada.wat","SUPPORTED",16056,16056,0,100.00,"",""
"benchmarks/xblock_wat/bountyblokio_64677808_0f307cdc4bdd.wat","SUPPORTED",10674,10674,0,100.00,"",""
"benchmarks/xblock_wat/bountyblokio_68643124_d7c1e871a4f5.wat","SUPPORTED",3845,3845,0,100.00,"",""
"benchmarks/xblock_wat/bountyblokio_71055197_9735bc25addb.wat","SUPPORTED",3868,3868,0,100.00,"",""
"benchmarks/xblock_wat/bountyblokio_74375625_ebf0b22d9a1b.wat","SUPPORTED",3895,3895,0,100.00,"",""
"benchmarks/xblock_wat/boxawardpool_47362472_3eb4693ec15f.wat","SUPPORTED",9225,9225,0,100.00,"",""
"benchmarks/xblock_wat/boxawardpool_47502242_1913d887edcb.wat","SUPPORTED",9225,9225,0,100.00,"",""
"benchmarks/xblock_wat/boxawardpool_47852283_967a9abd8d05.wat","SUPPORTED",11330,11330,0,100.00,"",""
"benchmarks/xblock_wat/boxawardpool_47880925_f22564cafbba.wat","SUPPORTED",11422,11422,0,100.00,"",""
"benchmarks/xblock_wat/boxawardpool_50824405_d18ae892ee11.wat","SUPPORTED",11409,11409,0,100.00,"",""
"benchmarks/xblock_wat/boxawardpool_53730565_ae2f4ffc1c43.wat","SUPPORTED",11996,11996,0,100.00,"",""
"benchmarks/xblock_wat/boxawardpool_54909541_79ef0b5bfb80.wat","SUPPORTED",11904,11904,0,100.00,"",""
"benchmarks/xblock_wat/boxawardpool_58201604_97e51b91825e.wat","SUPPORTED",11996,11996,0,100.00,"",""
"benchmarks/xblock_wat/boxawardpool_59572078_062f29146c8d.wat","SUPPORTED",11996,11996,0,100.00,"",""
"benchmarks/xblock_wat/boxawardpool_68031793_2d11469e675d.wat","SUPPORTED",11996,11996,0,100.00,"",""
"benchmarks/xblock_wat/boxawardpool_68032306_a63a6306c9c8.wat","SUPPORTED",11996,11996,0,100.00,"",""
"benchmarks/xblock_wat/boxawardpool_68722638_bcbd6f416006.wat","SUPPORTED",11996,11996,0,100.00,"",""
"benchmarks/xblock_wat/boxawardpool_68893360_15d267562a06.wat","SUPPORTED",12009,12009,0,100.00,"",""
"benchmarks/xblock_wat/boxawardpool_69240977_4a93dd202d7e.wat","SUPPORTED",12005,12005,0,100.00,"",""
"benchmarks/xblock_wat/boxawardpool_69253625_53861282e878.wat","SUPPORTED",12007,12007,0,100.00,"",""
"benchmarks/xblock_wat/boxawardpool_80321903_e8b3c2fa26a8.wat","SUPPORTED",11670,11670,0,100.00,"",""
"benchmarks/xblock_wat/boxawardpool_80322282_e654ddbccf4d.wat","SUPPORTED",11323,11323,0,100.00,"",""
"benchmarks/xblock_wat/boxawardpool_83440587_acee7f39e1d9.wat","SUPPORTED",11344,11344,0,100.00,"",""
"benchmarks/xblock_wat/boxbeijingpk_69473362_d35050756a50.wat","SUPPORTED",39377,39377,0,100.00,"",""
"benchmarks/xblock_wat/boxbeijingpk_72553589_170e07a04e6c.wat","SUPPORTED",39377,39377,0,100.00,"",""
"benchmarks/xblock_wat/boxbeijingpk_73570742_7abdcf99be98.wat","SUPPORTED",39403,39403,0,100.00,"",""
"benchmarks/xblock_wat/boxchongqing_69473321_ec0c9d215792.wat","SUPPORTED",103053,103053,0,100.00,"",""
"benchmarks/xblock_wat/boxchongqing_72553566_61078ee7f827.wat","SUPPORTED",103053,103053,0,100.00,"",""
"benchmarks/xblock_wat/boxchongqing_73570709_61f4c3b61968.wat","SUPPORTED",103079,103079,0,100.00,"",""
"benchmarks/xblock_wat/boxgameadmin_50461287_0a1eb892cc92.wat","SUPPORTED",85197,85197,0,100.00,"",""
"benchmarks/xblock_wat/boxgameadmin_50473522_83264b379f7b.wat","SUPPORTED",85197,85197,0,100.00,"",""
"benchmarks/xblock_wat/boxgameadmin_50499306_6a6c32d3aba3.wat","SUPPORTED",85204,85204,0,100.00,"",""
"benchmarks/xblock_wat/boxgameadmin_50515071_29b1424a7ab7.wat","SUPPORTED",85188,85188,0,100.00,"",""
"benchmarks/xblock_wat/boxgameadmin_50519384_79d7a754e4fb.wat","SUPPORTED",85186,85186,0,100.00,"",""
"benchmarks/xblock_wat/boxgameadmin_50651945_cc2223bf6c8d.wat","SUPPORTED",85186,85186,0,100.00,"",""
"benchmarks/xblock_wat/boxgameadmin_50681069_a7db13b3cef3.wat","SUPPORTED",85308,85308,0,100.00,"",""
"benchmarks/xblock_wat/boxgameadmin_50702187_7b4d6b93a66c.wat","SUPPORTED",85620,85620,0,100.00,"",""
"benchmarks/xblock_wat/boxgameadmin_50934052_d440ed519849.wat","SUPPORTED",85631,85631,0,100.00,"",""
"benchmarks/xblock_wat/boxgameadmin_50938633_0cd1bdec4406.wat","SUPPORTED",85619,85619,0,100.00,"",""
"benchmarks/xblock_wat/boxgameadmin_50939724_8ee6b3f8f5ab.wat","SUPPORTED",85713,85713,0,100.00,"",""
"benchmarks/xblock_wat/boxgameadmin_50940860_156c74f7930e.wat","SUPPORTED",85730,85730,0,100.00,"",""
"benchmarks/xblock_wat/boxgameadmin_50941469_fbd9ac5288ba.wat","SUPPORTED",85276,85276,0,100.00,"",""
"benchmarks/xblock_wat/boxgameadmin_50990065_09d48f1a623e.wat","SUPPORTED",85276,85276,0,100.00,"",""
"benchmarks/xblock_wat/boxgameadmin_50990722_8d9419c77347.wat","SUPPORTED",85367,85367,0,100.00,"",""
"benchmarks/xblock_wat/boxgameadmin_51002927_3b26f2903414.wat","SUPPORTED",85717,85717,0,100.00,"",""
"benchmarks/xblock_wat/boxgameadmin_51005943_19616c44f040.wat","SUPPORTED",84808,84808,0,100.00,"",""
"benchmarks/xblock_wat/boxgameadmin_51007186_78220374ec36.wat","SUPPORTED",84996,84996,0,100.00,"",""
"benchmarks/xblock_wat/boxgameadmin_51311746_e9bbbd7e13eb.wat","SUPPORTED",87960,87960,0,100.00,"",""
"benchmarks/xblock_wat/boxgameadmin_51314029_1dd9df8a6076.wat","SUPPORTED",88138,88138,0,100.00,"",""
"benchmarks/xblock_wat/boxgameadmin_51635399_5a5e04b6d8cb.wat","SUPPORTED",88167,88167,0,100.00,"",""
"benchmarks/xblock_wat/boxgameadmin_51638362_f059e31e6dfa.wat","SUPPORTED",88159,88159,0,100.00,"",""
"benchmarks/xblock_wat/boxgameadmin_51638806_87bb0b44cd4a.wat","SUPPORTED",88178,88178,0,100.00,"",""
"benchmarks/xblock_wat/boxgameadmin_52247644_3e5b8ed78803.wat","SUPPORTED",88321,88321,0,100.00,"",""
"benchmarks/xblock_wat/boxgameadmin_53199200_d491741acf6c.wat","SUPPORTED",108816,108816,0,100.00,"",""
"benchmarks/xblock_wat/boxgameadmin_53967408_ff70af72ae7c.wat","SUPPORTED",108711,108711,0,100.00,"",""
"benchmarks/xblock_wat/boxgameadmin_53978350_c43b3ee2ff6e.wat","SUPPORTED",109574,109574,0,100.00,"",""
"benchmarks/xblock_wat/boxgameadmin_54141940_f201a8f4f0e6.wat","SUPPORTED",109871,109871,0,100.00,"",""
"benchmarks/xblock_wat/boxgameadmin_54306879_0281e14f91e1.wat","SUPPORTED",109823,109823,0,100.00,"",""
"benchmarks/xblock_wat/boxgameadmin_54412384_28eba6c1ee35.wat","SUPPORTED",109823,109823,0,100.00,"",""
"benchmarks/xblock_wat/boxgameadmin_54442208_992ffdfa84af.wat","SUPPORTED",111145,111145,0,100.00,"",""
"benchmarks/xblock_wat/boxgameadmin_54744658_743274346f42.wat","SUPPORTED",109861,109861,0,100.00,"",""
"benchmarks/xblock_wat/boxgameadmin_54819837_ef347f12aea5.wat","SUPPORTED",109861,109861,0,100.00,"",""
"benchmarks/xblock_wat/boxgameadmin_55188886_aefa7f51108e.wat","SUPPORTED",109861,109861,0,100.00,"",""
"benchmarks/xblock_wat/boxgameadmin_55438819_bc16bd7c5126.wat","SUPPORTED",110059,110059,0,100.00,"",""
"benchmarks/xblock_wat/boxgameadmin_55440464_36fc5db13567.wat","SUPPORTED",109968,109968,0,100.00,"",""
"benchmarks/xblock_wat/boxgameadmin_55441824_71a096185d93.wat","SUPPORTED",110080,110080,0,100.00,"",""
"benchmarks/xblock_wat/boxgameadmin_57245140_b8b9f60234bf.wat","SUPPORTED",110062,110062,0,100.00,"",""
"benchmarks/xblock_wat/boxgameadmin_58286432_2cba14c19ea1.wat","SUPPORTED",109873,109873,0,100.00,"",""
"benchmarks/xblock_wat/boxgameadmin_58286950_bbe35355c16d.wat","SUPPORTED",109875,109875,0,100.00,"",""
"benchmarks/xblock_wat/boxgameadmin_64173503_2226b524d758.wat","SUPPORTED",111038,111038,0,100.00,"",""
"benchmarks/xblock_wat/boxgameadmin_64177370_1f135e06ee89.wat","SUPPORTED",111048,111048,0,100.00,"",""
"benchmarks/xblock_wat/boxgametoken_50149265_e52c6ae62df9.wat","SUPPORTED",8909,8909,0,100.00,"",""
"benchmarks/xblock_wat/boxgametoken_50701915_1033c43594d8.wat","SUPPORTED",9149,9149,0,100.00,"",""
"benchmarks/xblock_wat/boxgametoken_55252602_a2eba4e7e781.wat","SUPPORTED",9140,9140,0,100.00,"",""
"benchmarks/xblock_wat/boxonewallet_69473434_db8763f1cc64.wat","SUPPORTED",14742,14742,0,100.00,"",""
"benchmarks/xblock_wat/boxonewallet_70505156_91d6d6009c65.wat","SUPPORTED",14742,14742,0,100.00,"",""
"benchmarks/xblock_wat/boxonewallet_73617155_df64fd822486.wat","SUPPORTED",14824,14824,0,100.00,"",""
"benchmarks/xblock_wat/bpeosbetdice_24640604_4840ca4e2619.wat","SUPPORTED",31790,31790,0,100.00,"",""
"benchmarks/xblock_wat/bpeosbetdice_25530383_b42fcbb4278f.wat","SUPPORTED",35540,35540,0,100.00,"",""
"benchmarks/xblock_wat/bpeosbetdice_25543279_c2ab295e0bfb.wat","SUPPORTED",34857,34857,0,100.00,"",""
"benchmarks/xblock_wat/bpeosbetdice_25634058_e5d7812f1d5c.wat","SUPPORTED",33181,33181,0,100.00,"",""
"benchmarks/xblock_wat/bpeosbetdice_25635148_b5598d934168.wat","SUPPORTED",33181,33181,0,100.00,"",""
"benchmarks/xblock_wat/bpeosbetdice_25639757_3a8bacebf50a.wat","SUPPORTED",33625,33625,0,100.00,"",""
"benchmarks/xblock_wat/bpeosbetdice_25998161_f3d6a7505ff4.wat","SUPPORTED",34403,34403,0,100.00,"",""
"benchmarks/xblock_wat/bpeosbetdice_26001026_c2be5e39fd06.wat","SUPPORTED",34369,34369,0,100.00,"",""
"benchmarks/xblock_wat/bpeosbetdice_26001460_7ddbfef60f57.wat","SUPPORTED",33986,33986,0,100.00,"",""
"benchmarks/xblock_wat/bpeosbetdice_26028949_b59b3e9ef732.wat","SUPPORTED",33919,33919,0,100.00,"",""
"benchmarks/xblock_wat/bpeosbetdice_26204903_96f29e268028.wat","SUPPORTED",32613,32613,0,100.00,"",""
"benchmarks/xblock_wat/bpeosbetdice_26344121_65c639a62205.wat","SUPPORTED",32737,32737,0,100.00,"",""
"benchmarks/xblock_wat/bpeosbetdice_26865317_7ac29bcda6fc.wat","SUPPORTED",33145,33145,0,100.00,"",""
"benchmarks/xblock_wat/bpeosbetdice_26877892_45d74dc4d63b.wat","SUPPORTED",33145,33145,0,100.00,"",""
"benchmarks/xblock_wat/bpeosbetdice_27010220_d0958cccae50.wat","SUPPORTED",33423,33423,0,100.00,"",""
"benchmarks/xblock_wat/bpeosbetdice_27707403_0b522a09fbba.wat","SUPPORTED",25551,25551,0,100.00,"",""
"benchmarks/xblock_wat/bpeosbetdice_28083727_f2e0cfd46236.wat","SUPPORTED",26092,26092,0,100.00,"",""
"benchmarks/xblock_wat/bpeosbetdice_28231795_1dc626436043.wat","SUPPORTED",26353,26353,0,100.00,"",""
"benchmarks/xblock_wat/bpeosbetdice_28237294_4278cf22a9a7.wat","SUPPORTED",26092,26092,0,100.00,"",""
"benchmarks/xblock_wat/bpeosdicelog_24642794_d8d4e2cc6232.wat","SUPPORTED",1838,1838,0,100.00,"",""
"benchmarks/xblock_wat/bpeosdicelog_25995496_516fdb9a390a.wat","SUPPORTED",1838,1838,0,100.00,"",""
"benchmarks/xblock_wat/bpeosdicelog_25995762_1157e12f92ac.wat","SUPPORTED",1774,1774,0,100.00,"",""
"benchmarks/xblock_wat/bpeosdicelog_26866050_08aa160c2053.wat","SUPPORTED",1854,1854,0,100.00,"",""
"benchmarks/xblock_wat/bpeosiotoken_26867946_20a5d5838cae.wat","SUPPORTED",13889,13889,0,100.00,"",""
"benchmarks/xblock_wat/bpeosiotoken_26873253_747a0255083e.wat","SUPPORTED",13889,13889,0,100.00,"",""
"benchmarks/xblock_wat/bpeosiotoken_27180806_48594348d118.wat","SUPPORTED",14072,14072,0,100.00,"",""
"benchmarks/xblock_wat/bpeosiotoken_27229794_e614feb16a27.wat","SUPPORTED",17477,17477,0,100.00,"",""
"benchmarks/xblock_wat/bpeosiotoken_27230351_2bfcacf2829b.wat","SUPPORTED",15454,15454,0,100.00,"",""
"benchmarks/xblock_wat/bpeosiotoken_27707358_e3b810e84ab8.wat","SUPPORTED",15577,15577,0,100.00,"",""
"benchmarks/xblock_wat/bpeosiotoken_27709102_5ce4ea74f2ef.wat","SUPPORTED",15570,15570,0,100.00,"",""
"benchmarks/xblock_wat/bpeosiotoken_27713507_bdf108c4587a.wat","SUPPORTED",15753,15753,0,100.00,"",""
"benchmarks/xblock_wat/bpeosiotoken_27715479_97cfdbfcc70f.wat","SUPPORTED",13761,13761,0,100.00,"",""
"benchmarks/xblock_wat/bpeosiotoken_28231745_078d0b0737b8.wat","SUPPORTED",16103,16103,0,100.00,"",""
"benchmarks/xblock_wat/bqai.net_67702395_b46a24a00ca2.wat","SUPPORTED",12526,12526,0,100.00,"",""
"benchmarks/xblock_wat/bqai.net_69288701_45f8e5debb38.wat","SUPPORTED",13152,13152,0,100.00,"",""
"benchmarks/xblock_wat/bqai2usdcvrt_71843395_4fda39e930df.wat","SUPPORTED",22109,22109,0,100.00,"",""
"benchmarks/xblock_wat/breakingbadc_26561670_3f6a62a0798e.wat","SUPPORTED",3690,3690,0,100.00,"",""
"benchmarks/xblock_wat/breakingbadt_25995151_7c4299fdee8f.wat","SUPPORTED",9366,9366,0,100.00,"",""
"benchmarks/xblock_wat/bsdice111111_21208033_fd509b129cbe.wat","SUPPORTED",22575,22575,0,100.00,"",""
"benchmarks/xblock_wat/bsdice111111_21508854_e693e9ce67f9.wat","SUPPORTED",24201,24201,0,100.00,"",""
"benchmarks/xblock_wat/bsdice111111_21521239_d33381d8fa44.wat","SUPPORTED",24245,24245,0,100.00,"",""
"benchmarks/xblock_wat/bsdice111111_21526593_73d5ff1e7e52.wat","SUPPORTED",24251,24251,0,100.00,"",""
"benchmarks/xblock_wat/bsdice111111_21541695_20b48d815cad.wat","SUPPORTED",23357,23357,0,100.00,"",""
"benchmarks/xblock_wat/bsdice111111_21559760_4fa6add8b89f.wat","SUPPORTED",23381,23381,0,100.00,"",""
"benchmarks/xblock_wat/bsdice111111_21562558_ab4b224d843b.wat","SUPPORTED",23299,23299,0,100.00,"",""
"benchmarks/xblock_wat/bsdice111111_21563321_587ab14214fb.wat","SUPPORTED",22646,22646,0,100.00,"",""
"benchmarks/xblock_wat/bsdice111111_21564511_db97ac320c2d.wat","SUPPORTED",23188,23188,0,100.00,"",""
"benchmarks/xblock_wat/bsdice111111_21580344_2dc6b17164a8.wat","SUPPORTED",23156,23156,0,100.00,"",""
"benchmarks/xblock_wat/bsdice111111_21583944_2b714ab82560.wat","SUPPORTED",22646,22646,0,100.00,"",""
"benchmarks/xblock_wat/bsdice111111_21584135_8a5996a98da8.wat","SUPPORTED",23097,23097,0,100.00,"",""
"benchmarks/xblock_wat/bsdice111111_21585201_b9200d7ce3bf.wat","SUPPORTED",22907,22907,0,100.00,"",""
"benchmarks/xblock_wat/bsdice111111_21645872_2074372cd8f5.wat","SUPPORTED",22633,22633,0,100.00,"",""
"benchmarks/xblock_wat/bsdice111111_21646903_399026024c87.wat","SUPPORTED",22665,22665,0,100.00,"",""
"benchmarks/xblock_wat/bsdice111111_21893774_eb6d9ecf8990.wat","SUPPORTED",22575,22575,0,100.00,"",""
"benchmarks/xblock_wat/bsdicelog111_21208171_642ed4609863.wat","SUPPORTED",1632,1632,0,100.00,"",""
"benchmarks/xblock_wat/bsquarelab12_32015674_afc2489ffa70.wat","SUPPORTED",6355,6355,0,100.00,"",""
"benchmarks/xblock_wat/btexexchange_18448148_2e13183a7d63.wat","SUPPORTED",8316,8316,0,100.00,"",""
"benchmarks/xblock_wat/btexexchange_18468486_c8c9de7b077f.wat","SUPPORTED",8316,8316,0,100.00,"",""
"benchmarks/xblock_wat/btexexchange_21710974_aa7271a54da8.wat","SUPPORTED",49234,49234,0,100.00,"",""
"benchmarks/xblock_wat/btexexchange_21751185_6f4668476ef8.wat","SUPPORTED",48571,48571,0,100.00,"",""
"benchmarks/xblock_wat/btexexchange_22453904_18e04bdb039f.wat","SUPPORTED",47307,47307,0,100.00,"",""
"benchmarks/xblock_wat/btexexchange_23093526_e0150ff6368e.wat","SUPPORTED",47307,47307,0,100.00,"",""
"benchmarks/xblock_wat/btexexchange_25110180_6afa2a260e5f.wat","SUPPORTED",48277,48277,0,100.00,"",""
"benchmarks/xblock_wat/btexexchange_26043461_8495faa19b82.wat","SUPPORTED",55014,55014,0,100.00,"",""
"benchmarks/xblock_wat/btexexchange_26145786_2dc0bb7dfe70.wat","SUPPORTED",55014,55014,0,100.00,"",""
"benchmarks/xblock_wat/btexexchange_26384378_0a8e8dc9867b.wat","SUPPORTED",54163,54163,0,100.00,"",""
"benchmarks/xblock_wat/btexexchange_26826730_cc90bf0e1367.wat","SUPPORTED",54302,54302,0,100.00,"",""
"benchmarks/xblock_wat/btexexchange_27732810_10bac5329638.wat","SUPPORTED",61087,61087,0,100.00,"",""
"benchmarks/xblock_wat/btexexchange_27733409_31feb2ba4977.wat","SUPPORTED",61087,61087,0,100.00,"",""
"benchmarks/xblock_wat/btexexchange_28950682_e9df1a207498.wat","SUPPORTED",61147,61147,0,100.00,"",""
"benchmarks/xblock_wat/btexexchange_28973911_ce9f4b0718fc.wat","SUPPORTED",61147,61147,0,100.00,"",""
"benchmarks/xblock_wat/btexexchange_33046217_e1bf04f0dd46.wat","SUPPORTED",67433,67433,0,100.00,"",""
"benchmarks/xblock_wat/btexexchange_33046737_01f92022d861.wat","SUPPORTED",63879,63879,0,100.00,"",""
"benchmarks/xblock_wat/btexexchange_33051128_0a4035cad837.wat","SUPPORTED",63046,63046,0,100.00,"",""
"benchmarks/xblock_wat/btexexchange_33735374_cc87d39b49f7.wat","SUPPORTED",69347,69347,0,100.00,"",""
"benchmarks/xblock_wat/btexexchange_33743728_6d5a29823ebe.wat","SUPPORTED",70699,70699,0,100.00,"",""
"benchmarks/xblock_wat/btexexchange_33749082_cbbe6b500d42.wat","SUPPORTED",70695,70695,0,100.00,"",""
"benchmarks/xblock_wat/btexexchange_33752697_01a923ca0d84.wat","SUPPORTED",68046,68046,0,100.00,"",""
"benchmarks/xblock_wat/btexexchange_36867697_e3ce48858ca8.wat","SUPPORTED",70092,70092,0,100.00,"",""
"benchmarks/xblock_wat/btexexchange_38873238_adbac0bd910f.wat","SUPPORTED",70091,70091,0,100.00,"",""
"benchmarks/xblock_wat/btexexchange_50649571_e0af29b60a6f.wat","SUPPORTED",91684,91684,0,100.00,"",""
"benchmarks/xblock_wat/btexexchange_57393824_63a272f2ed66.wat","SUPPORTED",91917,91917,0,100.00,"",""
"benchmarks/xblock_wat/btexkeepitup_51860189_163bddd40aa4.wat","SUPPORTED",2659,2659,0,100.00,"",""
"benchmarks/xblock_wat/btexkeepitup_51861519_0002b5ea761a.wat","SUPPORTED",2656,2656,0,100.00,"",""
"benchmarks/xblock_wat/buckprotocol_59143577_381dbee12b5e.wat","SUPPORTED",58754,58754,0,100.00,"",""
"benchmarks/xblock_wat/buckprotocol_59144399_87159078b3c3.wat","SUPPORTED",58754,58754,0,100.00,"",""
"benchmarks/xblock_wat/buckprotocol_59321088_8173cad2ff83.wat","SUPPORTED",58760,58760,0,100.00,"",""
"benchmarks/xblock_wat/buckprotocol_59789491_e5ca494a8d34.wat","SUPPORTED",60839,60839,0,100.00,"",""
"benchmarks/xblock_wat/buckprotocol_60359486_6a973040fe55.wat","SUPPORTED",60923,60923,0,100.00,"",""
"benchmarks/xblock_wat/buckprotocol_60512656_f8350a87506e.wat","SUPPORTED",61335,61335,0,100.00,"",""
"benchmarks/xblock_wat/buckprotocol_61863303_648cb145bf12.wat","SUPPORTED",61919,61919,0,100.00,"",""
"benchmarks/xblock_wat/buckprotocol_61863362_b929593439c1.wat","SUPPORTED",61365,61365,0,100.00,"",""
"benchmarks/xblock_wat/buckprotocol_61880658_48a2402ed5fe.wat","SUPPORTED",61347,61347,0,100.00,"",""
"benchmarks/xblock_wat/buff123games_33622693_6f064ea687c2.wat","SUPPORTED",28231,28231,0,100.00,"",""
"benchmarks/xblock_wat/buff123games_33630681_88ec5ba59a72.wat","SUPPORTED",28231,28231,0,100.00,"",""
"benchmarks/xblock_wat/buff123games_33802921_ffa61429aab6.wat","SUPPORTED",28635,28635,0,100.00,"",""
"benchmarks/xblock_wat/buff123games_34345865_6a5733186ca7.wat","SUPPORTED",28977,28977,0,100.00,"",""
"benchmarks/xblock_wat/buff123games_34346478_55a37db47be1.wat","SUPPORTED",28977,28977,0,100.00,"",""
"benchmarks/xblock_wat/buff123games_34349846_d545f7a243d6.wat","SUPPORTED",29079,29079,0,100.00,"",""
"benchmarks/xblock_wat/buff123games_34489243_ce2996f33450.wat","SUPPORTED",29262,29262,0,100.00,"",""
"benchmarks/xblock_wat/buff123games_34492867_3fb3266cb695.wat","SUPPORTED",29287,29287,0,100.00,"",""
"benchmarks/xblock_wat/buff123games_34642208_9f901e3b4dbf.wat","SUPPORTED",29341,29341,0,100.00,"",""
"benchmarks/xblock_wat/buff123games_35514500_0359e77d4c82.wat","SUPPORTED",30581,30581,0,100.00,"",""
"benchmarks/xblock_wat/buff123games_35521620_fd4ee4664ad5.wat","SUPPORTED",30589,30589,0,100.00,"",""
"benchmarks/xblock_wat/buff123games_35524241_4dfedc292be9.wat","SUPPORTED",29937,29937,0,100.00,"",""
"benchmarks/xblock_wat/buff123games_35524802_f91423e6255e.wat","SUPPORTED",30296,30296,0,100.00,"",""
"benchmarks/xblock_wat/buff123games_35525002_f600efabcb42.wat","SUPPORTED",30293,30293,0,100.00,"",""
"benchmarks/xblock_wat/buff123games_35525519_3ec120e7e7d9.wat","SUPPORTED",30586,30586,0,100.00,"",""
"benchmarks/xblock_wat/buff123games_35527431_9c03f3bb5cce.wat","SUPPORTED",30586,30586,0,100.00,"",""
"benchmarks/xblock_wat/buff123games_35527752_93a354e0e018.wat","SUPPORTED",30833,30833,0,100.00,"",""
"benchmarks/xblock_wat/buff123games_35530081_709d8ea58a1b.wat","SUPPORTED",30832,30832,0,100.00,"",""
"benchmarks/xblock_wat/buff123games_35530819_6cd079f0fa5f.wat","SUPPORTED",30839,30839,0,100.00,"",""
"benchmarks/xblock_wat/buff123games_35534425_06e02f4cf112.wat","SUPPORTED",30860,30860,0,100.00,"",""
"benchmarks/xblock_wat/buff123games_35539572_d8eeb47a9386.wat","SUPPORTED",30268,30268,0,100.00,"",""
"benchmarks/xblock_wat/buff123games_35548125_ca7c6e60aedb.wat","SUPPORTED",26149,26149,0,100.00,"",""
"benchmarks/xblock_wat/buff123games_35765392_79eebb97a732.wat","SUPPORTED",29729,29729,0,100.00,"",""
"benchmarks/xblock_wat/buff123games_35797618_7d779a81c5dc.wat","SUPPORTED",29729,29729,0,100.00,"",""
"benchmarks/xblock_wat/buff123games_35799657_f6bff4b6b98f.wat","SUPPORTED",29729,29729,0,100.00,"",""
"benchmarks/xblock_wat/buff123games_35976927_340f400cf534.wat","SUPPORTED",29942,29942,0,100.00,"",""
"benchmarks/xblock_wat/buff123games_36043692_393fefbf99b3.wat","SUPPORTED",29949,29949,0,100.00,"",""
"benchmarks/xblock_wat/buff123games_36296383_f6b851a97c9c.wat","SUPPORTED",29949,29949,0,100.00,"",""
"benchmarks/xblock_wat/buff123games_36302521_c5329084dbae.wat","SUPPORTED",29942,29942,0,100.00,"",""
"benchmarks/xblock_wat/buff123games_36312507_21ec27fb548b.wat","SUPPORTED",29948,29948,0,100.00,"",""
"benchmarks/xblock_wat/buff123games_36320795_86280db24d51.wat","SUPPORTED",30123,30123,0,100.00,"",""
"benchmarks/xblock_wat/buff123games_36332853_3ea5f35ef4e7.wat","SUPPORTED",30129,30129,0,100.00,"",""
"benchmarks/xblock_wat/buff123games_36333304_a4fdf01f7a7e.wat","SUPPORTED",30129,30129,0,100.00,"",""
"benchmarks/xblock_wat/buff123games_36333750_94066a7f3837.wat","SUPPORTED",30107,30107,0,100.00,"",""
"benchmarks/xblock_wat/buff123games_36334697_c00751443074.wat","SUPPORTED",30107,30107,0,100.00,"",""
"benchmarks/xblock_wat/buff123games_36400026_c64d0a10dced.wat","SUPPORTED",30043,30043,0,100.00,"",""
"benchmarks/xblock_wat/buff123games_36537155_5143532e2330.wat","SUPPORTED",30065,30065,0,100.00,"",""
"benchmarks/xblock_wat/buff123games_36571000_32af815071e8.wat","SUPPORTED",30065,30065,0,100.00,"",""
"benchmarks/xblock_wat/buff123games_36573708_8e6e1a9f2984.wat","SUPPORTED",30171,30171,0,100.00,"",""
"benchmarks/xblock_wat/buff123games_36574092_a665ec07a95d.wat","SUPPORTED",30332,30332,0,100.00,"",""
"benchmarks/xblock_wat/buff123games_36727591_c675505927c6.wat","SUPPORTED",30332,30332,0,100.00,"",""
"benchmarks/xblock_wat/buff123token_35342879_6c97d14f6de5.wat","SUPPORTED",8440,8440,0,100.00,"",""
"benchmarks/xblock_wat/buff123token_36205378_0f78aaff2d5e.wat","SUPPORTED",8814,8814,0,100.00,"",""
"benchmarks/xblock_wat/buildertoken_14860021_da43924e2aa7.wat","SUPPORTED",8736,8736,0,100.00,"",""
"benchmarks/xblock_wat/buildertoken_18162604_99774bb56518.wat","SUPPORTED",8746,8746,0,100.00,"",""
"benchmarks/xblock_wat/buildertoken_23256712_5408f9bb0fba.wat","SUPPORTED",9087,9087,0,100.00,"",""
"benchmarks/xblock_wat/building4eos_36759995_54710b63b719.wat","SUPPORTED",3685,3685,0,100.00,"",""
"benchmarks/xblock_wat/bulls.bg_74815325_52777b71beb6.wat","SUPPORTED",134271,134271,0,100.00,"",""
"benchmarks/xblock_wat/bulls.bg_74949844_09cbf799f7c7.wat","SUPPORTED",134884,134884,0,100.00,"",""
"benchmarks/xblock_wat/bulls.bg_74951776_c9ffd019ef2f.wat","SUPPORTED",122032,122032,0,100.00,"",""
"benchmarks/xblock_wat/bulls.bg_75150312_a29e8baa91cb.wat","SUPPORTED",122032,122032,0,100.00,"",""
"benchmarks/xblock_wat/bulls.bg_76502078_c215639cd8a0.wat","SUPPORTED",122032,122032,0,100.00,"",""
"benchmarks/xblock_wat/bulls.bg_76722750_34b88819ac08.wat","SUPPORTED",122036,122036,0,100.00,"",""
"benchmarks/xblock_wat/bulls.bg_77397074_44b4f50aa1c6.wat","SUPPORTED",122014,122014,0,100.00,"",""
"benchmarks/xblock_wat/bulls.bg_77912911_5b8f32708337.wat","SUPPORTED",123878,123878,0,100.00,"",""
"benchmarks/xblock_wat/bulls.bg_77919708_23ab1bed9174.wat","SUPPORTED",125828,125828,0,100.00,"",""
"benchmarks/xblock_wat/bulls.bg_78062982_f20774d0e0a3.wat","SUPPORTED",125849,125849,0,100.00,"",""
"benchmarks/xblock_wat/bulls.bg_79311714_a5ab902e3ad8.wat","SUPPORTED",126036,126036,0,100.00,"",""
"benchmarks/xblock_wat/bulls.bg_79641731_2ef8d16afb5f.wat","SUPPORTED",126036,126036,0,100.00,"",""
"benchmarks/xblock_wat/bulls.bg_79816972_28ad5381c1db.wat","SUPPORTED",126074,126074,0,100.00,"",""
"benchmarks/xblock_wat/bulls.bg_83742597_29ba846699f6.wat","SUPPORTED",126074,126074,0,100.00,"",""
"benchmarks/xblock_wat/bulls.bg_83767764_9548d138b8e7.wat","SUPPORTED",126672,126672,0,100.00,"",""
"benchmarks/xblock_wat/bulls.bg_83769415_fff7b93c59f0.wat","SUPPORTED",126697,126697,0,100.00,"",""
"benchmarks/xblock_wat/bulls.bg_84271126_f18f83e9c075.wat","SUPPORTED",126697,126697,0,100.00,"",""
"benchmarks/xblock_wat/bulls.bg_87954924_51a4b7f5891a.wat","SUPPORTED",124103,124103,0,100.00,"",""
"benchmarks/xblock_wat/bulls.bg_89674512_35b1f73f693a.wat","SUPPORTED",125420,125420,0,100.00,"",""
"benchmarks/xblock_wat/bulls.bg_89787645_98dad64f08a4.wat","SUPPORTED",125386,125386,0,100.00,"",""
"benchmarks/xblock_wat/bulls.bg_89789462_512bb40d9a14.wat","SUPPORTED",125449,125449,0,100.00,"",""
"benchmarks/xblock_wat/bulls.bg_89800311_b1b6968df2a6.wat","SUPPORTED",125570,125570,0,100.00,"",""
"benchmarks/xblock_wat/bulls.bg_89810976_2c5e08cea685.wat","SUPPORTED",125573,125573,0,100.00,"",""
"benchmarks/xblock_wat/bulls.bg_89840264_114eeb04fbd1.wat","SUPPORTED",126644,126644,0,100.00,"",""
"benchmarks/xblock_wat/bulls.bg_89951266_9fc0a2ac58dd.wat","SUPPORTED",126072,126072,0,100.00,"",""
"benchmarks/xblock_wat/bullsandcows_20884905_ad1c11a376f3.wat","SUPPORTED",10238,10238,0,100.00,"",""
"benchmarks/xblock_wat/bunnyhams422_33448524_fd23bee0363c.wat","SUPPORTED",10601,10601,0,100.00,"",""
"benchmarks/xblock_wat/buttonbutton_16686652_2dc63a938276.wat","SUPPORTED",27470,27470,0,100.00,"",""
"benchmarks/xblock_wat/buttonbutton_16707987_37eeee5201f8.wat","SUPPORTED",27477,27477,0,100.00,"",""
"benchmarks/xblock_wat/buttonbutton_17072694_2b065094c706.wat","SUPPORTED",27493,27493,0,100.00,"",""
"benchmarks/xblock_wat/buttonbutton_17221572_c2edefd191d6.wat","SUPPORTED",28421,28421,0,100.00,"",""
"benchmarks/xblock_wat/buttonbutton_17225752_4c44861470b4.wat","SUPPORTED",20215,20215,0,100.00,"",""
"benchmarks/xblock_wat/buttonbutton_17226630_6c1b07caba9d.wat","SUPPORTED",20179,20179,0,100.00,"",""
"benchmarks/xblock_wat/buttonbutton_17500217_23b19c4d3aba.wat","SUPPORTED",20256,20256,0,100.00,"",""
"benchmarks/xblock_wat/buttonbutton_18441355_19235e40683f.wat","SUPPORTED",19797,19797,0,100.00,"",""
"benchmarks/xblock_wat/buttonbutton_19667321_4ea6f90a1b4e.wat","SUPPORTED",19977,19977,0,100.00,"",""
"benchmarks/xblock_wat/buttonbutton_19847103_342842b55a18.wat","SUPPORTED",20089,20089,0,100.00,"",""
"benchmarks/xblock_wat/buttonbutton_19902186_92ba14c1e79e.wat","SUPPORTED",20129,20129,0,100.00,"",""
"benchmarks/xblock_wat/buttonbutton_19964887_0d852e3f51b6.wat","SUPPORTED",20454,20454,0,100.00,"",""
"benchmarks/xblock_wat/buttonbutton_19972529_76cef9130153.wat","SUPPORTED",20454,20454,0,100.00,"",""
"benchmarks/xblock_wat/buttonbutton_19997539_77c01f356dd0.wat","SUPPORTED",20457,20457,0,100.00,"",""
"benchmarks/xblock_wat/buttonbutton_19999556_588fdc47da4e.wat","SUPPORTED",20458,20458,0,100.00,"",""
"benchmarks/xblock_wat/buttonbutton_20002139_70279d1cd240.wat","SUPPORTED",20458,20458,0,100.00,"",""
"benchmarks/xblock_wat/buttonbutton_20002915_9319449d05d2.wat","SUPPORTED",20456,20456,0,100.00,"",""
"benchmarks/xblock_wat/buttonbutton_20003487_9759d1375050.wat","SUPPORTED",20458,20458,0,100.00,"",""
"benchmarks/xblock_wat/buttonbutton_20006911_76c393035d4d.wat","SUPPORTED",20472,20472,0,100.00,"",""
"benchmarks/xblock_wat/buttonbutton_20016255_03c621522b01.wat","SUPPORTED",20544,20544,0,100.00,"",""
"benchmarks/xblock_wat/buttonbutton_20017710_d5b6a2ff1789.wat","SUPPORTED",20516,20516,0,100.00,"",""
"benchmarks/xblock_wat/buttonbutton_20164836_ae6fde0398ee.wat","SUPPORTED",20627,20627,0,100.00,"",""
"benchmarks/xblock_wat/buttonbutton_20172967_9ede3136fe33.wat","SUPPORTED",20627,20627,0,100.00,"",""
"benchmarks/xblock_wat/buttonbutton_20442600_8e553388aacb.wat","SUPPORTED",20757,20757,0,100.00,"",""
"benchmarks/xblock_wat/buttonbutton_20506456_eaaf4aa851a0.wat","SUPPORTED",20773,20773,0,100.00,"",""
"benchmarks/xblock_wat/buttonbutton_20524559_6a51de91595d.wat","SUPPORTED",20772,20772,0,100.00,"",""
"benchmarks/xblock_wat/buttonbutton_20524775_727c72e704e0.wat","SUPPORTED",20852,20852,0,100.00,"",""
"benchmarks/xblock_wat/buttonbutton_20527604_1009216c8404.wat","SUPPORTED",20772,20772,0,100.00,"",""
"benchmarks/xblock_wat/buttonbutton_20584042_1953849d0457.wat","SUPPORTED",20498,20498,0,100.00,"",""
"benchmarks/xblock_wat/buttonbutton_21998751_61a98956e867.wat","SUPPORTED",20159,20159,0,100.00,"",""
"benchmarks/xblock_wat/buttonbutton_65479829_3a1e0ec8b6d9.wat","SUPPORTED",19540,19540,0,100.00,"",""
"benchmarks/xblock_wat/buyachareos1_23203934_e62a43e4f8e8.wat","SUPPORTED",2174,2174,0,100.00,"",""
"benchmarks/xblock_wat/buyachareos1_23218735_ca26a22639c7.wat","SUPPORTED",9243,9243,0,100.00,"",""
"benchmarks/xblock_wat/buyachareos1_28221979_61026b53ddc2.wat","SUPPORTED",10533,10533,0,100.00,"",""
"benchmarks/xblock_wat/buyachareos1_28226750_83215681497c.wat","SUPPORTED",9550,9550,0,100.00,"",""
"benchmarks/xblock_wat/buyagoodluck_20819251_98ceebb49a8d.wat","SUPPORTED",30330,30330,0,100.00,"",""
"benchmarks/xblock_wat/buyagoodluck_22850855_25875b3cb6fe.wat","SUPPORTED",30270,30270,0,100.00,"",""
"benchmarks/xblock_wat/buyagoodluck_51669966_d98a6b8db2f0.wat","SUPPORTED",32230,32230,0,100.00,"",""
"benchmarks/xblock_wat/buybuy.x_35320374_709e8400b4e4.wat","SUPPORTED",22777,22777,0,100.00,"",""
"benchmarks/xblock_wat/buybuy.x_35324168_1868fca9fce8.wat","SUPPORTED",22777,22777,0,100.00,"",""
"benchmarks/xblock_wat/buyname.io_24988705_baf0249d6f3e.wat","SUPPORTED",30063,30063,0,100.00,"",""
"benchmarks/xblock_wat/buyname.io_25005151_8aba5ee3bb02.wat","SUPPORTED",29947,29947,0,100.00,"",""
"benchmarks/xblock_wat/buyname.io_25012054_3cf63bde18c4.wat","SUPPORTED",29909,29909,0,100.00,"",""
"benchmarks/xblock_wat/buyname.io_25017861_5bedbe016483.wat","SUPPORTED",30779,30779,0,100.00,"",""
"benchmarks/xblock_wat/buyname.io_25888457_ecbafbf0ad5e.wat","SUPPORTED",30872,30872,0,100.00,"",""
"benchmarks/xblock_wat/buyname.v_35806703_f401dc785184.wat","SUPPORTED",10917,10917,0,100.00,"",""
"benchmarks/xblock_wat/buyname.vip_36641983_c44af13724a7.wat","SUPPORTED",14660,14660,0,100.00,"",""
"benchmarks/xblock_wat/buyname.x_20888141_540ba2e1d707.wat","SUPPORTED",19772,19772,0,100.00,"",""
"benchmarks/xblock_wat/buyname.x_20889053_6be1eb65afdf.wat","SUPPORTED",19772,19772,0,100.00,"",""
"benchmarks/xblock_wat/buyname.x_20889762_1008dc82069e.wat","SUPPORTED",19852,19852,0,100.00,"",""
"benchmarks/xblock_wat/buyname.x_20890510_0268b7fbf3af.wat","SUPPORTED",2231,2231,0,100.00,"",""
"benchmarks/xblock_wat/buyname.x_20897806_04a43502d77a.wat","SUPPORTED",19990,19990,0,100.00,"",""
"benchmarks/xblock_wat/buyname.x_20957966_cb8265669996.wat","SUPPORTED",19993,19993,0,100.00,"",""
"benchmarks/xblock_wat/buyname.x_20962278_57f190e7829c.wat","SUPPORTED",19985,19985,0,100.00,"",""
"benchmarks/xblock_wat/buyname.x_20995817_9b6b175eddc7.wat","SUPPORTED",19985,19985,0,100.00,"",""
"benchmarks/xblock_wat/buyname.x_21029960_1ef91c64b411.wat","SUPPORTED",20951,20951,0,100.00,"",""
"benchmarks/xblock_wat/buyname.x_21778603_2a6c8fb27017.wat","SUPPORTED",21220,21220,0,100.00,"",""
"benchmarks/xblock_wat/buyname.x_23428332_3a51cd98294c.wat","SUPPORTED",21239,21239,0,100.00,"",""
"benchmarks/xblock_wat/buyname.x_23478482_d328c32a5dbc.wat","SUPPORTED",21025,21025,0,100.00,"",""
"benchmarks/xblock_wat/buyname.x_25222977_930763c5b5de.wat","SUPPORTED",27941,27941,0,100.00,"",""
"benchmarks/xblock_wat/buyname.x_25647172_d548af9d8fb8.wat","SUPPORTED",28210,28210,0,100.00,"",""
"benchmarks/xblock_wat/buyname.x_25832792_a3aeb9609ffd.wat","SUPPORTED",32804,32804,0,100.00,"",""
"benchmarks/xblock_wat/buyname.x_25912133_097dda4f6e57.wat","SUPPORTED",32906,32906,0,100.00,"",""
"benchmarks/xblock_wat/buyname.x_27800446_d87c7114985d.wat","SUPPORTED",39448,39448,0,100.00,"",""
"benchmarks/xblock_wat/buyname.x_27801680_1c6145e9e024.wat","SUPPORTED",39448,39448,0,100.00,"",""
"benchmarks/xblock_wat/buyname.x_27803425_d01ad799a15b.wat","SUPPORTED",39448,39448,0,100.00,"",""
"benchmarks/xblock_wat/buythebutton_19654963_1e4cba4fee61.wat","SUPPORTED",7683,7683,0,100.00,"",""
"benchmarks/xblock_wat/bvcel5k3ltxw_74009247_aac7a7678cf1.wat","SUPPORTED",12217,12217,0,100.00,"",""
"benchmarks/xblock_wat/bvcg2qnkjrdu_64155362_6048ba9981d8.wat","SUPPORTED",14129,14129,0,100.00,"",""
"benchmarks/xblock_wat/bvckvth533x1_64155807_b6db703c0ceb.wat","SUPPORTED",14129,14129,0,100.00,"",""
"benchmarks/xblock_wat/bvcuhlqlq2zw_74020648_8d6934bf651b.wat","SUPPORTED",12217,12217,0,100.00,"",""
"benchmarks/xblock_wat/bvcxvyx2dxdp_59163146_b3ed85718e6f.wat","SUPPORTED",14129,14129,0,100.00,"",""
"benchmarks/xblock_wat/bvcyogoyjhli_64155467_0243e2487b35.wat","SUPPORTED",14129,14129,0,100.00,"",""
"benchmarks/xblock_wat/bweoswallet2_26712403_370382920be3.wat","SUPPORTED",897,897,0,100.00,"",""
"benchmarks/xblock_wat/bxeosdeposit_22355311_2747a1fa5a1e.wat","SUPPORTED",7619,7619,0,100.00,"",""
"benchmarks/xblock_wat/bxstaging123_17033376_26eecbb173cf.wat","SUPPORTED",7619,7619,0,100.00,"",""
"benchmarks/xblock_wat/cadenaeosapp_14295480_3a0e556748da.wat","SUPPORTED",9805,9805,0,100.00,"",""
"benchmarks/xblock_wat/caishenye144_30348937_878779bca31b.wat","SUPPORTED",28978,28978,0,100.00,"",""
"benchmarks/xblock_wat/caishenye144_30709646_d1924bdcb7d7.wat","SUPPORTED",28906,28906,0,100.00,"",""
"benchmarks/xblock_wat/caishenye144_30819166_ef9262437dbf.wat","SUPPORTED",29143,29143,0,100.00,"",""
"benchmarks/xblock_wat/caiyuncanghk_33059270_8319e6ed2c13.wat","SUPPORTED",6710,6710,0,100.00,"",""
"benchmarks/xblock_wat/caiyuncanghk_33177992_3ee4e600271b.wat","SUPPORTED",8689,8689,0,100.00,"",""
"benchmarks/xblock_wat/callistotokn_83020719_19d63522d342.wat","SUPPORTED",5994,5994,0,100.00,"",""
"benchmarks/xblock_wat/callistotokn_83029740_51ad65013de1.wat","SUPPORTED",6077,6077,0,100.00,"",""
"benchmarks/xblock_wat/callistotokn_83695919_1458e36779f8.wat","SUPPORTED",6077,6077,0,100.00,"",""
"benchmarks/xblock_wat/callistotokn_83807721_b9d3a8ca55f3.wat","SUPPORTED",6077,6077,0,100.00,"",""
"benchmarks/xblock_wat/callistotokn_83807924_be65c9820651.wat","SUPPORTED",6077,6077,0,100.00,"",""
"benchmarks/xblock_wat/callistotokn_83808363_4610613ac200.wat","SUPPORTED",10340,10340,0,100.00,"",""
"benchmarks/xblock_wat/callistotokn_83809636_057a3bcbb087.wat","SUPPORTED",10383,10383,0,100.00,"",""
"benchmarks/xblock_wat/callistotokn_83811087_68f0f068ca13.wat","SUPPORTED",10403,10403,0,100.00,"",""
"benchmarks/xblock_wat/callistotokn_83838871_1c1434260d89.wat","SUPPORTED",10366,10366,0,100.00,"",""
"benchmarks/xblock_wat/callistotokn_83843507_81e2e03ceef2.wat","SUPPORTED",10365,10365,0,100.00,"",""
"benchmarks/xblock_wat/candy.bg_80024513_e3eeade01adb.wat","SUPPORTED",12947,12947,0,100.00,"",""
"benchmarks/xblock_wat/candy.bg_80039851_c0d73f49066e.wat","SUPPORTED",12914,12914,0,100.00,"",""
"benchmarks/xblock_wat/candy.bg_80116272_e3d61b9aeeea.wat","SUPPORTED",12914,12914,0,100.00,"",""
"benchmarks/xblock_wat/candy.bg_80341543_4c5fa8bd9709.wat","SUPPORTED",12842,12842,0,100.00,"",""
"benchmarks/xblock_wat/candy.bg_81215422_658a570dcb8b.wat","SUPPORTED",14091,14091,0,100.00,"",""
"benchmarks/xblock_wat/candy.pra_22368851_e73f53308eb4.wat","SUPPORTED",2154,2154,0,100.00,"",""
"benchmarks/xblock_wat/candy.w_32503535_54e252cadeb6.wat","SUPPORTED",22555,22555,0,100.00,"",""
"benchmarks/xblock_wat/candy.w_32697464_a81e8dc57b62.wat","SUPPORTED",22457,22457,0,100.00,"",""
"benchmarks/xblock_wat/candy.w_32890829_853e23fb2a52.wat","SUPPORTED",22159,22159,0,100.00,"",""
"benchmarks/xblock_wat/candy.w_32897539_1e417f79eea6.wat","SUPPORTED",21682,21682,0,100.00,"",""
"benchmarks/xblock_wat/candy.w_33035432_ddc242f28241.wat","SUPPORTED",22013,22013,0,100.00,"",""
"benchmarks/xblock_wat/candy.w_33451074_3f2faf33f00f.wat","SUPPORTED",22024,22024,0,100.00,"",""
"benchmarks/xblock_wat/candy.w_34619349_add96526bbb4.wat","SUPPORTED",22228,22228,0,100.00,"",""
"benchmarks/xblock_wat/candy.w_34621789_8ecdb243b33a.wat","SUPPORTED",22241,22241,0,100.00,"",""
"benchmarks/xblock_wat/candy.w_34629728_89244cc19c98.wat","SUPPORTED",22241,22241,0,100.00,"",""
"benchmarks/xblock_wat/candy.w_36848336_aee5ddf7fb26.wat","SUPPORTED",22251,22251,0,100.00,"",""
"benchmarks/xblock_wat/candy.w_40426956_b0f8c50bece0.wat","SUPPORTED",22241,22241,0,100.00,"",""
"benchmarks/xblock_wat/candy.w_43412537_7a114bc1bc95.wat","SUPPORTED",25112,25112,0,100.00,"",""
"benchmarks/xblock_wat/candylottery_14020441_722f999c2a8e.wat","SUPPORTED",26668,26668,0,100.00,"",""
"benchmarks/xblock_wat/candylottery_14023762_f51313828e9b.wat","SUPPORTED",26664,26664,0,100.00,"",""
"benchmarks/xblock_wat/candylottery_14106082_7adadb77c128.wat","SUPPORTED",27826,27826,0,100.00,"",""
"benchmarks/xblock_wat/candylottery_14141992_0b99544ccd98.wat","SUPPORTED",27901,27901,0,100.00,"",""
"benchmarks/xblock_wat/candylottery_14649018_870eef2c7431.wat","SUPPORTED",27995,27995,0,100.00,"",""
"benchmarks/xblock_wat/candylottery_14966836_fae8cff3e842.wat","SUPPORTED",27993,27993,0,100.00,"",""
"benchmarks/xblock_wat/candylottery_20791168_8c5cd67e5fd3.wat","SUPPORTED",28755,28755,0,100.00,"",""
"benchmarks/xblock_wat/candylottery_34073581_e05146ff0409.wat","SUPPORTED",8609,8609,0,100.00,"",""
"benchmarks/xblock_wat/candylottery_34076212_5d042aa30b62.wat","SUPPORTED",9235,9235,0,100.00,"",""
"benchmarks/xblock_wat/candylottery_34078052_177ece9f6993.wat","SUPPORTED",9243,9243,0,100.00,"",""
"benchmarks/xblock_wat/candylottery_34588178_8c37c75806e0.wat","SUPPORTED",9343,9343,0,100.00,"",""
"benchmarks/xblock_wat/candypopdapp_80832586_9bcf48441ac8.wat","SUPPORTED",33422,33422,0,100.00,"",""
"benchmarks/xblock_wat/candypopdlog_80832873_b02490524e2b.wat","SUPPORTED",13061,13061,0,100.00,"",""
"benchmarks/xblock_wat/candypopdprx_80831729_39c4fa5b4586.wat","SUPPORTED",6309,6309,0,100.00,"",""
"benchmarks/xblock_wat/candystaked1_31677171_e3100ee10fcf.wat","SUPPORTED",12230,12230,0,100.00,"",""
"benchmarks/xblock_wat/candystaked1_31706713_91e526e7c2fa.wat","SUPPORTED",12230,12230,0,100.00,"",""
"benchmarks/xblock_wat/candystaked1_31820926_1f3acacc3efc.wat","SUPPORTED",12230,12230,0,100.00,"",""
"benchmarks/xblock_wat/candystaked1_62727962_8d56aebb7fe3.wat","SUPPORTED",13264,13264,0,100.00,"",""
"benchmarks/xblock_wat/candystaked1_62729276_a7241fd006d0.wat","SUPPORTED",13261,13261,0,100.00,"",""
"benchmarks/xblock_wat/capptionsapp_66884398_56a82722846c.wat","SUPPORTED",1632,1632,0,100.00,"",""
"benchmarks/xblock_wat/capptionsapp_66886929_85c607c2ba6d.wat","SUPPORTED",1632,1632,0,100.00,"",""
"benchmarks/xblock_wat/cardatatx111_27705666_1d58534caeac.wat","SUPPORTED",11617,11617,0,100.00,"",""
"benchmarks/xblock_wat/cardfightapp_23442616_94be14a6d964.wat","SUPPORTED",2033,2033,0,100.00,"",""
"benchmarks/xblock_wat/cardmasterfn_47190022_f91c650dd5ba.wat","SUPPORTED",31686,31686,0,100.00,"",""
"benchmarks/xblock_wat/cardmasterfn_47381930_eecc47495a96.wat","SUPPORTED",40584,40584,0,100.00,"",""
"benchmarks/xblock_wat/cardmasterfn_50845155_5deb925f22ce.wat","SUPPORTED",44173,44173,0,100.00,"",""
"benchmarks/xblock_wat/cardmasterfn_51046281_2385581336b6.wat","SUPPORTED",44171,44171,0,100.00,"",""
"benchmarks/xblock_wat/cardmasterfn_51050935_0a1fb9662b42.wat","SUPPORTED",44142,44142,0,100.00,"",""
"benchmarks/xblock_wat/cardmasterfn_52251058_3c5bc010f4b9.wat","SUPPORTED",44142,44142,0,100.00,"",""
"benchmarks/xblock_wat/carmeltokens_37843177_4c2dca719290.wat","SUPPORTED",9764,9764,0,100.00,"",""
"benchmarks/xblock_wat/carmeltokens_50942583_95301c5fbe07.wat","SUPPORTED",10035,10035,0,100.00,"",""
"benchmarks/xblock_wat/carmeltokens_50944330_25278f8603ad.wat","SUPPORTED",10021,10021,0,100.00,"",""
"benchmarks/xblock_wat/carmeltokens_50944784_95147a9234cb.wat","SUPPORTED",10021,10021,0,100.00,"",""
"benchmarks/xblock_wat/carmeltokens_50949310_5bd0e786b758.wat","SUPPORTED",10035,10035,0,100.00,"",""
"benchmarks/xblock_wat/carpotatoes5_76211711_14ba786189d2.wat","SUPPORTED",1680,1680,0,100.00,"",""
"benchmarks/xblock_wat/carpotatoes5_76562971_bf5c5cebd904.wat","SUPPORTED",1680,1680,0,100.00,"",""
"benchmarks/xblock_wat/carpotatoes5_76563684_6cbf9313d402.wat","SUPPORTED",1726,1726,0,100.00,"",""
"benchmarks/xblock_wat/casieodappo1_63234370_10f78a529e9c.wat","SUPPORTED",1870,1870,0,100.00,"",""
"benchmarks/xblock_wat/casinolordio_28603376_a1b32debeb9c.wat","SUPPORTED",49759,49759,0,100.00,"",""
"benchmarks/xblock_wat/casinolordio_28618403_7e2c4082f1eb.wat","SUPPORTED",49759,49759,0,100.00,"",""
"benchmarks/xblock_wat/casinolordio_28633462_0a2aacf81565.wat","SUPPORTED",49757,49757,0,100.00,"",""
"benchmarks/xblock_wat/casinolordio_28657358_c4cebfb74352.wat","SUPPORTED",49977,49977,0,100.00,"",""
"benchmarks/xblock_wat/casinolordio_28718792_148831504e4d.wat","SUPPORTED",50625,50625,0,100.00,"",""
"benchmarks/xblock_wat/casinolordio_28793173_7e0016ee4a29.wat","SUPPORTED",50623,50623,0,100.00,"",""
"benchmarks/xblock_wat/casinolordio_29662085_900f153543f3.wat","SUPPORTED",51946,51946,0,100.00,"",""
"benchmarks/xblock_wat/casinolordio_31989853_1b8c66b653d5.wat","SUPPORTED",51965,51965,0,100.00,"",""
"benchmarks/xblock_wat/casinolordio_31990636_803808fbb2a7.wat","SUPPORTED",51633,51633,0,100.00,"",""
"benchmarks/xblock_wat/casinolordio_38546778_e48c58030844.wat","SUPPORTED",52582,52582,0,100.00,"",""
"benchmarks/xblock_wat/casinopolice_21699685_a936ae7c4609.wat","SUPPORTED",2859,2859,0,100.00,"",""
"benchmarks/xblock_wat/casinopolice_21700351_10a7cd6c2d17.wat","SUPPORTED",2859,2859,0,100.00,"",""
"benchmarks/xblock_wat/casinopolice_21700822_5ffd80a435b6.wat","SUPPORTED",2859,2859,0,100.00,"",""
"benchmarks/xblock_wat/casinopolice_21701719_df7f69beee62.wat","SUPPORTED",2859,2859,0,100.00,"",""
"benchmarks/xblock_wat/casinopolice_21704434_7775e9f2c885.wat","SUPPORTED",2859,2859,0,100.00,"",""
"benchmarks/xblock_wat/casinopolice_21704962_8392af99cad8.wat","SUPPORTED",2859,2859,0,100.00,"",""
"benchmarks/xblock_wat/casinopolice_21705550_1a90aa2b9ce6.wat","SUPPORTED",2859,2859,0,100.00,"",""
"benchmarks/xblock_wat/casinopolice_21834954_fa4e801cb337.wat","SUPPORTED",2574,2574,0,100.00,"",""
"benchmarks/xblock_wat/casinopolice_22866391_bb757ee7c5eb.wat","SUPPORTED",2574,2574,0,100.00,"",""
"benchmarks/xblock_wat/casinopolice_22868182_ec0cdf081693.wat","SUPPORTED",2481,2481,0,100.00,"",""
"benchmarks/xblock_wat/casinopolice_22869548_1b4cc25b7a54.wat","SUPPORTED",2481,2481,0,100.00,"",""
"benchmarks/xblock_wat/casinopolice_22871627_e074c8e7cab4.wat","SUPPORTED",2481,2481,0,100.00,"",""
"benchmarks/xblock_wat/casinopolice_23424345_003031f67b2b.wat","SUPPORTED",2769,2769,0,100.00,"",""
"benchmarks/xblock_wat/casinopolice_23428123_4a9bd54a29cc.wat","SUPPORTED",3976,3976,0,100.00,"",""
"benchmarks/xblock_wat/casinopolice_23428391_e470b6db3bea.wat","SUPPORTED",3915,3915,0,100.00,"",""
"benchmarks/xblock_wat/casinopolice_23429397_0d1f60953e66.wat","SUPPORTED",3976,3976,0,100.00,"",""
"benchmarks/xblock_wat/casinopolice_23429886_cb9527a9097e.wat","SUPPORTED",4041,4041,0,100.00,"",""
"benchmarks/xblock_wat/casinopolice_24423730_50bebbdeaf89.wat","SUPPORTED",4041,4041,0,100.00,"",""
"benchmarks/xblock_wat/casinopolice_24434033_af41495bb4dc.wat","SUPPORTED",4041,4041,0,100.00,"",""
"benchmarks/xblock_wat/castlebattle_22014194_3d911c610e46.wat","SUPPORTED",52716,52716,0,100.00,"",""
"benchmarks/xblock_wat/castlebattle_22020354_fced10bd83b4.wat","SUPPORTED",51592,51592,0,100.00,"",""
"benchmarks/xblock_wat/castlebattle_22227517_bf268a6ae42d.wat","SUPPORTED",53698,53698,0,100.00,"",""
"benchmarks/xblock_wat/castlebattle_22364155_de77671580a2.wat","SUPPORTED",53776,53776,0,100.00,"",""
"benchmarks/xblock_wat/castlebattle_22364381_e9258a804c24.wat","SUPPORTED",53773,53773,0,100.00,"",""
"benchmarks/xblock_wat/castlebattle_22372222_2df8ac450782.wat","SUPPORTED",53780,53780,0,100.00,"",""
"benchmarks/xblock_wat/castlebattle_22912461_fd05a42269f5.wat","SUPPORTED",55948,55948,0,100.00,"",""
"benchmarks/xblock_wat/castlebattle_23041500_809b18b28e66.wat","SUPPORTED",55948,55948,0,100.00,"",""
"benchmarks/xblock_wat/castlebattle_23050515_cc61ac4c0b8e.wat","SUPPORTED",55954,55954,0,100.00,"",""
"benchmarks/xblock_wat/castlebattle_23089312_0e214af7ca20.wat","SUPPORTED",56112,56112,0,100.00,"",""
"benchmarks/xblock_wat/castlebattle_23089712_c4179d82588d.wat","SUPPORTED",56112,56112,0,100.00,"",""
"benchmarks/xblock_wat/castlebattle_23250701_367ae55f9107.wat","SUPPORTED",56305,56305,0,100.00,"",""
"benchmarks/xblock_wat/castlebattle_23282424_31ab9f6b0cc8.wat","SUPPORTED",56305,56305,0,100.00,"",""
"benchmarks/xblock_wat/castlebattle_23388578_964a19865dd4.wat","SUPPORTED",56629,56629,0,100.00,"",""
"benchmarks/xblock_wat/castlebattle_23390320_13e47a7b587f.wat","SUPPORTED",57162,57162,0,100.00,"",""
"benchmarks/xblock_wat/castlebattle_23424849_6fb4d71f53de.wat","SUPPORTED",56676,56676,0,100.00,"",""
"benchmarks/xblock_wat/castlebattle_23426710_719502d08e63.wat","SUPPORTED",56676,56676,0,100.00,"",""
"benchmarks/xblock_wat/castlebattle_23431774_abcb217e738c.wat","SUPPORTED",56678,56678,0,100.00,"",""
"benchmarks/xblock_wat/castlebattle_23461059_f66e93d4a29a.wat","SUPPORTED",56704,56704,0,100.00,"",""
"benchmarks/xblock_wat/castlebattle_23599377_1041601a1f13.wat","SUPPORTED",57373,57373,0,100.00,"",""
"benchmarks/xblock_wat/castlebattle_23602272_bf2d7f3120c7.wat","SUPPORTED",57384,57384,0,100.00,"",""
"benchmarks/xblock_wat/castlebattle_25115236_a48d4a455740.wat","SUPPORTED",64708,64708,0,100.00,"",""
"benchmarks/xblock_wat/castlebattle_25117511_7d960ddc642e.wat","SUPPORTED",65038,65038,0,100.00,"",""
"benchmarks/xblock_wat/castlebattle_25120928_9982a4c5943a.wat","SUPPORTED",65034,65034,0,100.00,"",""
"benchmarks/xblock_wat/castlebattle_25122049_a474ec1b1bf6.wat","SUPPORTED",64546,64546,0,100.00,"",""
"benchmarks/xblock_wat/castlebattle_25123691_76588c56c553.wat","SUPPORTED",65030,65030,0,100.00,"",""
"benchmarks/xblock_wat/castlebattle_25125161_3e3f5a53b4d7.wat","SUPPORTED",65181,65181,0,100.00,"",""
"benchmarks/xblock_wat/castlebattle_25125426_9059fac5496b.wat","SUPPORTED",65185,65185,0,100.00,"",""
"benchmarks/xblock_wat/castlebattle_25127926_7fa4c1713e73.wat","SUPPORTED",65452,65452,0,100.00,"",""
"benchmarks/xblock_wat/castlebattle_25133042_b1ac88c1e9c4.wat","SUPPORTED",65516,65516,0,100.00,"",""
"benchmarks/xblock_wat/castlebattle_25133401_7aaf80ffff79.wat","SUPPORTED",65539,65539,0,100.00,"",""
"benchmarks/xblock_wat/castlebattle_25133915_670bb6890c10.wat","SUPPORTED",65539,65539,0,100.00,"",""
"benchmarks/xblock_wat/castlebattle_25134805_a0dba8b418f1.wat","SUPPORTED",65590,65590,0,100.00,"",""
"benchmarks/xblock_wat/castlebattle_25136817_8a9cd38c23b3.wat","SUPPORTED",65755,65755,0,100.00,"",""
"benchmarks/xblock_wat/castlebattle_25142096_1464d6138196.wat","SUPPORTED",65589,65589,0,100.00,"",""
"benchmarks/xblock_wat/castlebattle_25143066_754e017cf50d.wat","SUPPORTED",65575,65575,0,100.00,"",""
"benchmarks/xblock_wat/castlebattle_25144454_c21a10a89edd.wat","SUPPORTED",65699,65699,0,100.00,"",""
"benchmarks/xblock_wat/castlebattle_25144637_73f43ba53cda.wat","SUPPORTED",65544,65544,0,100.00,"",""
"benchmarks/xblock_wat/castlebattle_25146053_36ed21e9acc3.wat","SUPPORTED",65769,65769,0,100.00,"",""
"benchmarks/xblock_wat/castlebattle_25148044_53782bfbefb2.wat","SUPPORTED",64619,64619,0,100.00,"",""
"benchmarks/xblock_wat/castlebattle_25148658_22f624e56440.wat","SUPPORTED",64606,64606,0,100.00,"",""
"benchmarks/xblock_wat/castlebattle_25149641_649dbd7766f9.wat","SUPPORTED",64214,64214,0,100.00,"",""
"benchmarks/xblock_wat/castlebattle_25150994_3c38a46d99e6.wat","SUPPORTED",64468,64468,0,100.00,"",""
"benchmarks/xblock_wat/castlebattle_25159830_c835b19b27d9.wat","SUPPORTED",65774,65774,0,100.00,"",""
"benchmarks/xblock_wat/castlebattle_25162046_7221dd456236.wat","SUPPORTED",65818,65818,0,100.00,"",""
"benchmarks/xblock_wat/castlebattle_25171927_568d30637d45.wat","SUPPORTED",65848,65848,0,100.00,"",""
"benchmarks/xblock_wat/castlebattle_25172597_7d0ab3a80e64.wat","SUPPORTED",65868,65868,0,100.00,"",""
"benchmarks/xblock_wat/castlebattle_25172872_5e64c04ec3b0.wat","SUPPORTED",65875,65875,0,100.00,"",""
"benchmarks/xblock_wat/castlebattle_25173975_ef7eb4111b10.wat","SUPPORTED",65873,65873,0,100.00,"",""
"benchmarks/xblock_wat/castlebattle_25175532_8ffa30e54f68.wat","SUPPORTED",73371,73371,0,100.00,"",""
"benchmarks/xblock_wat/castlebattle_25176669_c8a0abbbe075.wat","SUPPORTED",73375,73375,0,100.00,"",""
"benchmarks/xblock_wat/castlebattle_25176959_bf2695f09b74.wat","SUPPORTED",73382,73382,0,100.00,"",""
"benchmarks/xblock_wat/castlebattle_25181972_789ba7668eb5.wat","SUPPORTED",73397,73397,0,100.00,"",""
"benchmarks/xblock_wat/castlebattle_25184993_f84697ffe3d7.wat","SUPPORTED",73657,73657,0,100.00,"",""
"benchmarks/xblock_wat/castlebattle_25185553_8829b6964c5c.wat","SUPPORTED",73657,73657,0,100.00,"",""
"benchmarks/xblock_wat/castlebattle_25186541_3f456b13f2ac.wat","SUPPORTED",73623,73623,0,100.00,"",""
"benchmarks/xblock_wat/castlebattle_25187777_066313c2b914.wat","SUPPORTED",73623,73623,0,100.00,"",""
"benchmarks/xblock_wat/castlebattle_25188729_bae94d820cca.wat","SUPPORTED",66012,66012,0,100.00,"",""
"benchmarks/xblock_wat/castlebattle_25190139_5c10b847dcdb.wat","SUPPORTED",65215,65215,0,100.00,"",""
"benchmarks/xblock_wat/castlebattle_25191414_eeede25d8917.wat","SUPPORTED",66129,66129,0,100.00,"",""
"benchmarks/xblock_wat/castlebattle_25193189_b47c66368fc3.wat","SUPPORTED",66122,66122,0,100.00,"",""
"benchmarks/xblock_wat/castlebattle_25193657_4d4c556fed9c.wat","SUPPORTED",66128,66128,0,100.00,"",""
"benchmarks/xblock_wat/castlebattle_25279568_2ad684682735.wat","SUPPORTED",66037,66037,0,100.00,"",""
"benchmarks/xblock_wat/castlebattle_25279740_9dbd7be88b59.wat","SUPPORTED",65993,65993,0,100.00,"",""
"benchmarks/xblock_wat/castlebattle_25280127_1acde26c2f0f.wat","SUPPORTED",65958,65958,0,100.00,"",""
"benchmarks/xblock_wat/castlebattle_25280408_47013dad0783.wat","SUPPORTED",65946,65946,0,100.00,"",""
"benchmarks/xblock_wat/castlebattle_25281277_666e7b400fe2.wat","SUPPORTED",66075,66075,0,100.00,"",""
"benchmarks/xblock_wat/castlebattle_25281472_0c5bcf2ed851.wat","SUPPORTED",66119,66119,0,100.00,"",""
"benchmarks/xblock_wat/castlebattle_25282750_c47bb7c23f9d.wat","SUPPORTED",66115,66115,0,100.00,"",""
"benchmarks/xblock_wat/castlebattle_25289486_b004c624a033.wat","SUPPORTED",65905,65905,0,100.00,"",""
"benchmarks/xblock_wat/castlebattle_25291369_f011b40ae0b4.wat","SUPPORTED",65038,65038,0,100.00,"",""
"benchmarks/xblock_wat/castlebattle_25292117_4a594875bdf5.wat","SUPPORTED",65899,65899,0,100.00,"",""
"benchmarks/xblock_wat/castlebattle_25292894_e229422006eb.wat","SUPPORTED",65901,65901,0,100.00,"",""
"benchmarks/xblock_wat/castlebattle_25293378_a7e62f7b5cae.wat","SUPPORTED",65920,65920,0,100.00,"",""
"benchmarks/xblock_wat/castlebattle_25293500_02cb39642df3.wat","SUPPORTED",65923,65923,0,100.00,"",""
"benchmarks/xblock_wat/castlebattle_25293583_836044cde9dc.wat","SUPPORTED",65050,65050,0,100.00,"",""
"benchmarks/xblock_wat/castlebattle_25293676_b6708f509484.wat","SUPPORTED",65313,65313,0,100.00,"",""
"benchmarks/xblock_wat/castlebattle_25293967_a122c32548f3.wat","SUPPORTED",65392,65392,0,100.00,"",""
"benchmarks/xblock_wat/castlebattle_25295112_cf30e95b6d24.wat","SUPPORTED",65836,65836,0,100.00,"",""
"benchmarks/xblock_wat/castlebattle_25298344_d4cfc3320058.wat","SUPPORTED",66142,66142,0,100.00,"",""
"benchmarks/xblock_wat/castlebattle_25298897_87e2e80add4c.wat","SUPPORTED",66124,66124,0,100.00,"",""
"benchmarks/xblock_wat/castlebattle_25298997_9756e6460e67.wat","SUPPORTED",66146,66146,0,100.00,"",""
"benchmarks/xblock_wat/castlebattle_25299537_c2f33d211424.wat","SUPPORTED",66146,66146,0,100.00,"",""
"benchmarks/xblock_wat/castlebattle_25304134_db4260f6e11b.wat","SUPPORTED",66327,66327,0,100.00,"",""
"benchmarks/xblock_wat/castlebattle_25304650_1252cf581972.wat","SUPPORTED",66331,66331,0,100.00,"",""
"benchmarks/xblock_wat/castlebattle_25305680_d8b6340bb674.wat","SUPPORTED",66107,66107,0,100.00,"",""
"benchmarks/xblock_wat/castlebattle_25306139_0c90def95e97.wat","SUPPORTED",66032,66032,0,100.00,"",""
"benchmarks/xblock_wat/castlebattle_25306988_19ddcdf6ca16.wat","SUPPORTED",65344,65344,0,100.00,"",""
"benchmarks/xblock_wat/castlebattle_25307196_7e21b76a1aaa.wat","SUPPORTED",65338,65338,0,100.00,"",""
"benchmarks/xblock_wat/castlebattle_25307743_65b18162e3a5.wat","SUPPORTED",65419,65419,0,100.00,"",""
"benchmarks/xblock_wat/castlebattle_25307951_3ca25eb42c19.wat","SUPPORTED",65498,65498,0,100.00,"",""
"benchmarks/xblock_wat/castlebattle_25308413_42c1ad55f765.wat","SUPPORTED",65430,65430,0,100.00,"",""
"benchmarks/xblock_wat/castlebattle_25309045_421fb3d36e72.wat","SUPPORTED",65499,65499,0,100.00,"",""
"benchmarks/xblock_wat/castlebattle_25311472_1460ff0a44bd.wat","SUPPORTED",65894,65894,0,100.00,"",""
"benchmarks/xblock_wat/castlebattle_25312604_a4528317c9c1.wat","SUPPORTED",65898,65898,0,100.00,"",""
"benchmarks/xblock_wat/castlebattle_25313256_e21dc74cee54.wat","SUPPORTED",65876,65876,0,100.00,"",""
"benchmarks/xblock_wat/castlebattle_25317897_f718a744737c.wat","SUPPORTED",67024,67024,0,100.00,"",""
"benchmarks/xblock_wat/castlebattle_25318484_85800e1c3ad1.wat","SUPPORTED",67024,67024,0,100.00,"",""
"benchmarks/xblock_wat/castlebattle_25318612_fbc9ee772c89.wat","SUPPORTED",67024,67024,0,100.00,"",""
"benchmarks/xblock_wat/castlebattle_25319093_5cdad9906cca.wat","SUPPORTED",67029,67029,0,100.00,"",""
"benchmarks/xblock_wat/castlebattle_25328266_f689da7a4106.wat","SUPPORTED",67304,67304,0,100.00,"",""
"benchmarks/xblock_wat/castlebattle_25330739_8b3767d1ad1a.wat","SUPPORTED",67361,67361,0,100.00,"",""
"benchmarks/xblock_wat/castlebattle_25331489_d09cf57b48f1.wat","SUPPORTED",67344,67344,0,100.00,"",""
"benchmarks/xblock_wat/castlebattle_25332595_8e4c636b3d72.wat","SUPPORTED",67477,67477,0,100.00,"",""
"benchmarks/xblock_wat/castlebattle_25347949_17395e486ef0.wat","SUPPORTED",67488,67488,0,100.00,"",""
"benchmarks/xblock_wat/castlebattle_25351950_c4f19a07b914.wat","SUPPORTED",67902,67902,0,100.00,"",""
"benchmarks/xblock_wat/castlebattle_25353041_a67a0ddd627a.wat","SUPPORTED",67916,67916,0,100.00,"",""
"benchmarks/xblock_wat/castlebattle_25354832_7014acad1caf.wat","SUPPORTED",67916,67916,0,100.00,"",""
"benchmarks/xblock_wat/castlebattle_25357413_d42f5cb3e9b6.wat","SUPPORTED",67985,67985,0,100.00,"",""
"benchmarks/xblock_wat/castlebattle_25358235_8692697c8b1b.wat","SUPPORTED",67994,67994,0,100.00,"",""
"benchmarks/xblock_wat/castlebattle_25358507_dafbe35ad63c.wat","SUPPORTED",67952,67952,0,100.00,"",""
"benchmarks/xblock_wat/castlebattle_25366231_86ef53d5ae99.wat","SUPPORTED",67951,67951,0,100.00,"",""
"benchmarks/xblock_wat/castlebattle_25368182_a0eef28d460a.wat","SUPPORTED",67928,67928,0,100.00,"",""
"benchmarks/xblock_wat/castlebattle_25453827_2b6a4cde404f.wat","SUPPORTED",68491,68491,0,100.00,"",""
"benchmarks/xblock_wat/castlebattle_25493571_5b3c4b9cf845.wat","SUPPORTED",68510,68510,0,100.00,"",""
"benchmarks/xblock_wat/castlebattle_25494513_a15e882ce76e.wat","SUPPORTED",68521,68521,0,100.00,"",""
"benchmarks/xblock_wat/castlebattle_25497413_a0e082fd9425.wat","SUPPORTED",68521,68521,0,100.00,"",""
"benchmarks/xblock_wat/castlebattle_25501196_3c16945e44d3.wat","SUPPORTED",69115,69115,0,100.00,"",""
"benchmarks/xblock_wat/castlebattle_25504321_9b64e0050989.wat","SUPPORTED",69118,69118,0,100.00,"",""
"benchmarks/xblock_wat/castlebattle_25510566_e56600e0595d.wat","SUPPORTED",69558,69558,0,100.00,"",""
"benchmarks/xblock_wat/castlebattle_25516354_c2778a0a6d20.wat","SUPPORTED",69118,69118,0,100.00,"",""
"benchmarks/xblock_wat/castlebattle_26019000_90ae67f46005.wat","SUPPORTED",69112,69112,0,100.00,"",""
"benchmarks/xblock_wat/castlebattle_26035036_388abfbcf5f6.wat","SUPPORTED",69264,69264,0,100.00,"",""
"benchmarks/xblock_wat/catchthefrog_25041482_b4be6cdedae6.wat","SUPPORTED",12808,12808,0,100.00,"",""
"benchmarks/xblock_wat/catchthefrog_25046041_ac793ee02d88.wat","SUPPORTED",12808,12808,0,100.00,"",""
"benchmarks/xblock_wat/catchthefrog_25046545_a74747e74e7c.wat","SUPPORTED",12829,12829,0,100.00,"",""
"benchmarks/xblock_wat/catchthefrog_25049661_4e313f2225b7.wat","SUPPORTED",13240,13240,0,100.00,"",""
"benchmarks/xblock_wat/catchthefrog_25050224_186c9944ee47.wat","SUPPORTED",13236,13236,0,100.00,"",""
"benchmarks/xblock_wat/catchthefrog_25051616_846db24a7f98.wat","SUPPORTED",13243,13243,0,100.00,"",""
"benchmarks/xblock_wat/catchthefrog_25052160_935f1c123587.wat","SUPPORTED",12938,12938,0,100.00,"",""
"benchmarks/xblock_wat/catchthefrog_25579777_bbaae321ce9f.wat","SUPPORTED",17805,17805,0,100.00,"",""
"benchmarks/xblock_wat/catchthefrog_25653893_ac41f1a90029.wat","SUPPORTED",18006,18006,0,100.00,"",""
"benchmarks/xblock_wat/catchthefrog_25654712_3c15aa996e7f.wat","SUPPORTED",18012,18012,0,100.00,"",""
"benchmarks/xblock_wat/catchthefrog_25656497_2be8141e7434.wat","SUPPORTED",18009,18009,0,100.00,"",""
"benchmarks/xblock_wat/catchthefrog_26242708_00756c6290ce.wat","SUPPORTED",18011,18011,0,100.00,"",""
"benchmarks/xblock_wat/catchthefrog_26343828_eb4d02c193b4.wat","SUPPORTED",18165,18165,0,100.00,"",""
"benchmarks/xblock_wat/catchthefrog_26376628_db05e4ad2ebc.wat","SUPPORTED",20222,20222,0,100.00,"",""
"benchmarks/xblock_wat/catchthefrog_26380125_e5585aca7442.wat","SUPPORTED",20270,20270,0,100.00,"",""
"benchmarks/xblock_wat/catchthefrog_26387538_4b79b3fac699.wat","SUPPORTED",20616,20616,0,100.00,"",""
"benchmarks/xblock_wat/catchthefrog_27451838_4febb75ce887.wat","SUPPORTED",19400,19400,0,100.00,"",""
"benchmarks/xblock_wat/catchthefrog_27557637_9d71f1b23407.wat","SUPPORTED",19538,19538,0,100.00,"",""
"benchmarks/xblock_wat/catchthefrog_27575908_5c3e205ecc89.wat","SUPPORTED",19558,19558,0,100.00,"",""
"benchmarks/xblock_wat/catchthefrog_28469637_c6342515e777.wat","SUPPORTED",19558,19558,0,100.00,"",""
"benchmarks/xblock_wat/catchthefrog_28470705_7cd07319d38a.wat","SUPPORTED",20140,20140,0,100.00,"",""
"benchmarks/xblock_wat/catchthefrog_28471312_ad878b475af0.wat","SUPPORTED",20143,20143,0,100.00,"",""
"benchmarks/xblock_wat/catchthefrog_28471811_fc7f62bc83e8.wat","SUPPORTED",20143,20143,0,100.00,"",""
"benchmarks/xblock_wat/catchthefrog_28782931_d73fd08e04dc.wat","SUPPORTED",21014,21014,0,100.00,"",""
"benchmarks/xblock_wat/catchthefrog_28805295_45bebdd9fa86.wat","SUPPORTED",21017,21017,0,100.00,"",""
"benchmarks/xblock_wat/catchthefrog_28806410_1c9df331a451.wat","SUPPORTED",21113,21113,0,100.00,"",""
"benchmarks/xblock_wat/catchthefrog_28806769_3297b9dc082b.wat","SUPPORTED",21113,21113,0,100.00,"",""
"benchmarks/xblock_wat/catchthefrog_28807427_a96f8805c5a3.wat","SUPPORTED",21144,21144,0,100.00,"",""
"benchmarks/xblock_wat/catchthefrog_28807832_6f7bb1cd5228.wat","SUPPORTED",21045,21045,0,100.00,"",""
"benchmarks/xblock_wat/catchthefrog_28808030_d9811ff953e8.wat","SUPPORTED",21045,21045,0,100.00,"",""
"benchmarks/xblock_wat/catchthefrog_28808590_b4f01657d2a7.wat","SUPPORTED",21045,21045,0,100.00,"",""
"benchmarks/xblock_wat/catchthefrog_28808768_aab3bc956444.wat","SUPPORTED",21045,21045,0,100.00,"",""
"benchmarks/xblock_wat/catchthefrog_28809127_5e390ded90ec.wat","SUPPORTED",21045,21045,0,100.00,"",""
"benchmarks/xblock_wat/catchthefrog_28809468_1db3adc1789f.wat","SUPPORTED",21144,21144,0,100.00,"",""
"benchmarks/xblock_wat/catchthefrog_28809931_0e7828ddf395.wat","SUPPORTED",21443,21443,0,100.00,"",""
"benchmarks/xblock_wat/catchthefrog_28853312_53c5d2038c05.wat","SUPPORTED",21527,21527,0,100.00,"",""
"benchmarks/xblock_wat/catchthefrog_30991523_ab414ffc2276.wat","SUPPORTED",21527,21527,0,100.00,"",""
"benchmarks/xblock_wat/catchthefrog_32402742_f1ff361ecc30.wat","SUPPORTED",21744,21744,0,100.00,"",""
"benchmarks/xblock_wat/catchthefrog_32403487_f950231c5826.wat","SUPPORTED",21744,21744,0,100.00,"",""
"benchmarks/xblock_wat/catchthefrog_32883481_77406384cbd7.wat","SUPPORTED",21695,21695,0,100.00,"",""
"benchmarks/xblock_wat/catchthefrog_32884476_f7ec3c0f9f3f.wat","SUPPORTED",21695,21695,0,100.00,"",""
"benchmarks/xblock_wat/catchthefrog_32885395_bea89e1fbd0b.wat","SUPPORTED",21695,21695,0,100.00,"",""
"benchmarks/xblock_wat/catchthefrog_32902924_1ba2a4dc61d8.wat","SUPPORTED",19722,19722,0,100.00,"",""
"benchmarks/xblock_wat/catchthefrog_32903850_17725a422c8e.wat","SUPPORTED",19789,19789,0,100.00,"",""
"benchmarks/xblock_wat/catchthefrog_32904281_9174c304df9b.wat","SUPPORTED",21695,21695,0,100.00,"",""
"benchmarks/xblock_wat/catchthefrog_32907507_86bd27f8a751.wat","SUPPORTED",19010,19010,0,100.00,"",""
"benchmarks/xblock_wat/catchthefrog_32907711_ec4c58b4cc3e.wat","SUPPORTED",20916,20916,0,100.00,"",""
"benchmarks/xblock_wat/catchthefrog_33579711_ec380c1b9a27.wat","SUPPORTED",21001,21001,0,100.00,"",""
"benchmarks/xblock_wat/catchthefrog_33847753_80c7a3316526.wat","SUPPORTED",21062,21062,0,100.00,"",""
"benchmarks/xblock_wat/catchthefrog_33848271_0bbe4d57ca78.wat","SUPPORTED",21062,21062,0,100.00,"",""
"benchmarks/xblock_wat/catchthefrog_34779996_ffa3458d1e9d.wat","SUPPORTED",21062,21062,0,100.00,"",""
"benchmarks/xblock_wat/catchthefrog_35515308_29dfa0deaa14.wat","SUPPORTED",21087,21087,0,100.00,"",""
"benchmarks/xblock_wat/catchthefrog_35636500_bc2d2b08dbaf.wat","SUPPORTED",21073,21073,0,100.00,"",""
"benchmarks/xblock_wat/catchthefrog_35636850_f64bea2b0d37.wat","SUPPORTED",21073,21073,0,100.00,"",""
"benchmarks/xblock_wat/catchthefrog_37853984_0adab6a48559.wat","SUPPORTED",21073,21073,0,100.00,"",""
"benchmarks/xblock_wat/catchthefrog_37877990_c120c22fad8a.wat","SUPPORTED",21073,21073,0,100.00,"",""
"benchmarks/xblock_wat/catchthefrog_39084129_c480edcf18d4.wat","SUPPORTED",21127,21127,0,100.00,"",""
"benchmarks/xblock_wat/catchthefrog_39090558_077c074c2306.wat","SUPPORTED",21221,21221,0,100.00,"",""
"benchmarks/xblock_wat/catchthefrog_39091047_602afe0643a4.wat","SUPPORTED",21193,21193,0,100.00,"",""
"benchmarks/xblock_wat/catchthefrog_39091239_c81eb74051aa.wat","SUPPORTED",21245,21245,0,100.00,"",""
"benchmarks/xblock_wat/catchthefrog_39091383_65d48fd90d89.wat","SUPPORTED",21278,21278,0,100.00,"",""
"benchmarks/xblock_wat/catchthefrog_39091844_8dc460c625b2.wat","SUPPORTED",21278,21278,0,100.00,"",""
"benchmarks/xblock_wat/catchthefrog_39092271_4b533ea2c8d6.wat","SUPPORTED",21221,21221,0,100.00,"",""
"benchmarks/xblock_wat/catchthefrog_39092533_c8d3d12b136f.wat","SUPPORTED",21258,21258,0,100.00,"",""
"benchmarks/xblock_wat/catchthefrog_39093478_bba4bb1c26a0.wat","SUPPORTED",21389,21389,0,100.00,"",""
"benchmarks/xblock_wat/catchthefrog_39093967_6711cfe7636a.wat","SUPPORTED",21331,21331,0,100.00,"",""
"benchmarks/xblock_wat/catchthefrog_39094158_6324a9c367f6.wat","SUPPORTED",21326,21326,0,100.00,"",""
"benchmarks/xblock_wat/catchthefrog_43562498_e84dd7927075.wat","SUPPORTED",21331,21331,0,100.00,"",""
"benchmarks/xblock_wat/catchthefrog_43630939_7570a16686c0.wat","SUPPORTED",21331,21331,0,100.00,"",""
"benchmarks/xblock_wat/catchthefrog_43631430_218f458b0572.wat","SUPPORTED",21362,21362,0,100.00,"",""
"benchmarks/xblock_wat/catchthefrog_43631523_a3de9274d761.wat","SUPPORTED",21362,21362,0,100.00,"",""
"benchmarks/xblock_wat/catchthefrog_43632273_441ab959fb24.wat","SUPPORTED",21362,21362,0,100.00,"",""
"benchmarks/xblock_wat/catchthefrog_43632715_2be85662d6c5.wat","SUPPORTED",21362,21362,0,100.00,"",""
"benchmarks/xblock_wat/catchthefrog_43668963_bbb7b2e52088.wat","SUPPORTED",21413,21413,0,100.00,"",""
"benchmarks/xblock_wat/catchthefrog_43732358_f1140ef743d2.wat","SUPPORTED",21423,21423,0,100.00,"",""
"benchmarks/xblock_wat/catchthefrog_43985645_79363eb21243.wat","SUPPORTED",21446,21446,0,100.00,"",""
"benchmarks/xblock_wat/catchthefrog_44775965_dade3f42d89c.wat","SUPPORTED",21493,21493,0,100.00,"",""
"benchmarks/xblock_wat/catchthefrog_45459069_3c63f0c5109f.wat","SUPPORTED",21493,21493,0,100.00,"",""
"benchmarks/xblock_wat/catchthefrog_45635399_83a7a423d9c9.wat","SUPPORTED",22195,22195,0,100.00,"",""
"benchmarks/xblock_wat/catchthefrog_46830090_e0b249cca260.wat","SUPPORTED",22220,22220,0,100.00,"",""
"benchmarks/xblock_wat/catchthefrog_46838695_0c7f2036abe6.wat","SUPPORTED",23592,23592,0,100.00,"",""
"benchmarks/xblock_wat/catchthefrog_48332101_9c6d1e30cd10.wat","SUPPORTED",23592,23592,0,100.00,"",""
"benchmarks/xblock_wat/catchthefrog_48346740_aac5e7488a73.wat","SUPPORTED",23620,23620,0,100.00,"",""
"benchmarks/xblock_wat/catchthefrog_48404039_866a96ae81e7.wat","SUPPORTED",23599,23599,0,100.00,"",""
"benchmarks/xblock_wat/catchthefrog_49232945_e1e91411359e.wat","SUPPORTED",23624,23624,0,100.00,"",""
"benchmarks/xblock_wat/catchthefrog_49234418_842740521b2b.wat","SUPPORTED",23649,23649,0,100.00,"",""
"benchmarks/xblock_wat/catchthefrog_49261818_87e739168554.wat","SUPPORTED",23709,23709,0,100.00,"",""
"benchmarks/xblock_wat/catchthefrog_49262182_56d8e5518fc6.wat","SUPPORTED",23702,23702,0,100.00,"",""
"benchmarks/xblock_wat/catchthefrog_49262368_693c34f4e6f6.wat","SUPPORTED",23709,23709,0,100.00,"",""
"benchmarks/xblock_wat/catchthefrog_49262826_ddffe1748af7.wat","SUPPORTED",23649,23649,0,100.00,"",""
"benchmarks/xblock_wat/catchthefrog_49262977_5645ab36e04b.wat","SUPPORTED",23709,23709,0,100.00,"",""
"benchmarks/xblock_wat/catchthefrog_49271080_030b053c4ea1.wat","SUPPORTED",24038,24038,0,100.00,"",""
"benchmarks/xblock_wat/catchthefrog_49272151_a88d80d7e579.wat","SUPPORTED",24159,24159,0,100.00,"",""
"benchmarks/xblock_wat/catchthefrog_49278297_9dbab7f07fc0.wat","SUPPORTED",24184,24184,0,100.00,"",""
"benchmarks/xblock_wat/catchthefrog_61001067_3f60e13232f1.wat","SUPPORTED",24159,24159,0,100.00,"",""
"benchmarks/xblock_wat/catchthefrog_61003588_fcbb677bdf50.wat","SUPPORTED",24159,24159,0,100.00,"",""
"benchmarks/xblock_wat/catchthefrog_61003704_9da9b9c7b565.wat","SUPPORTED",24159,24159,0,100.00,"",""
"benchmarks/xblock_wat/catchthefrog_63071367_1e36324e4543.wat","SUPPORTED",24438,24438,0,100.00,"",""
"benchmarks/xblock_wat/catchthefrog_63071590_edf7a15d47e8.wat","SUPPORTED",24438,24438,0,100.00,"",""
"benchmarks/xblock_wat/catchthefrog_63071694_6eaccc65a437.wat","SUPPORTED",24438,24438,0,100.00,"",""
"benchmarks/xblock_wat/catchthefrog_66199735_eff2892af7fd.wat","SUPPORTED",22006,22006,0,100.00,"",""
"benchmarks/xblock_wat/catchthefrog_66213029_e62e2a585b06.wat","SUPPORTED",22351,22351,0,100.00,"",""
"benchmarks/xblock_wat/catchthefrog_66213266_0465ba9ff2d5.wat","SUPPORTED",22351,22351,0,100.00,"",""
"benchmarks/xblock_wat/catchthefrog_70392593_5a230406178c.wat","SUPPORTED",22006,22006,0,100.00,"",""
"benchmarks/xblock_wat/catchthefrog_86200655_08adb6db0d3a.wat","SUPPORTED",22006,22006,0,100.00,"",""
"benchmarks/xblock_wat/catchthefrog_86204786_0e8ce2aed503.wat","SUPPORTED",22035,22035,0,100.00,"",""
"benchmarks/xblock_wat/catchthefrog_86205704_3bb187d545f9.wat","SUPPORTED",22468,22468,0,100.00,"",""
"benchmarks/xblock_wat/catchthefrog_86205923_dbc0fae87f53.wat","SUPPORTED",22468,22468,0,100.00,"",""
"benchmarks/xblock_wat/catchthefrog_86211087_ff3aadcba13e.wat","SUPPORTED",22851,22851,0,100.00,"",""
"benchmarks/xblock_wat/catchthefrog_86214609_2d0d1e689a99.wat","SUPPORTED",22851,22851,0,100.00,"",""
"benchmarks/xblock_wat/cbetbaccarat_55264473_5df4b5604b0a.wat","SUPPORTED",44622,44622,0,100.00,"",""
"benchmarks/xblock_wat/cbetbaccarat_55299086_a682156f544f.wat","SUPPORTED",44806,44806,0,100.00,"",""
"benchmarks/xblock_wat/cbetbaccarat_57335165_e2d34600ad95.wat","SUPPORTED",49799,49799,0,100.00,"",""
"benchmarks/xblock_wat/cbetbaccarat_57337162_561ce12705a1.wat","SUPPORTED",51536,51536,0,100.00,"",""
"benchmarks/xblock_wat/cbetbaccarat_57340304_dd7382592a3e.wat","SUPPORTED",51510,51510,0,100.00,"",""
"benchmarks/xblock_wat/cbetbaccarat_57385920_e844d1125fd5.wat","SUPPORTED",51635,51635,0,100.00,"",""
"benchmarks/xblock_wat/cbetroulette_47151283_bc8d99786659.wat","SUPPORTED",44187,44187,0,100.00,"",""
"benchmarks/xblock_wat/cbetroulette_47708444_39639ad8b595.wat","SUPPORTED",44187,44187,0,100.00,"",""
"benchmarks/xblock_wat/cbetroulette_48236046_afe636ffdc29.wat","SUPPORTED",47230,47230,0,100.00,"",""
"benchmarks/xblock_wat/cbetroulette_48354793_16efb71b55fd.wat","SUPPORTED",47232,47232,0,100.00,"",""
"benchmarks/xblock_wat/cbetroulette_48355088_b656197f34ca.wat","SUPPORTED",47240,47240,0,100.00,"",""
"benchmarks/xblock_wat/cbetroulette_48358138_612df55fc975.wat","SUPPORTED",47234,47234,0,100.00,"",""
"benchmarks/xblock_wat/ccddyy111111_66459512_dfc29823d7c1.wat","SUPPORTED",5446,5446,0,100.00,"",""
"benchmarks/xblock_wat/ccddyy111111_87689894_ca90e4d955d1.wat","SUPPORTED",15298,15298,0,100.00,"",""
"benchmarks/xblock_wat/ccddyy111111_87697150_593d02271bc9.wat","SUPPORTED",15301,15301,0,100.00,"",""
"benchmarks/xblock_wat/ccedaaaaaaaa_36123533_033a17f1a649.wat","SUPPORTED",7881,7881,0,100.00,"",""
"benchmarks/xblock_wat/ccfodemosite_84872002_c903b57ae636.wat","SUPPORTED",3841,3841,0,100.00,"",""
"benchmarks/xblock_wat/ccskyscraper_35810794_5bde2b0d6bcd.wat","SUPPORTED",65630,65630,0,100.00,"",""
"benchmarks/xblock_wat/cdexaccount1_26352319_2d0b72dd6ccc.wat","SUPPORTED",868,868,0,100.00,"",""
"benchmarks/xblock_wat/cdncdncdncdn_51708208_6823f30dea57.wat","SUPPORTED",8351,8351,0,100.00,"",""
"benchmarks/xblock_wat/cdragontiger_54964211_ced58e39bc57.wat","SUPPORTED",49192,49192,0,100.00,"",""
"benchmarks/xblock_wat/cdragontiger_54975288_09deb4315a9c.wat","SUPPORTED",49219,49219,0,100.00,"",""
"benchmarks/xblock_wat/cdragontiger_55300870_0f5a927fc155.wat","SUPPORTED",49403,49403,0,100.00,"",""
"benchmarks/xblock_wat/cdragontiger_55300936_b57a4871cd42.wat","SUPPORTED",49403,49403,0,100.00,"",""
"benchmarks/xblock_wat/cdragontiger_56819711_0af25cbc4a2d.wat","SUPPORTED",49713,49713,0,100.00,"",""
"benchmarks/xblock_wat/cdragontiger_56819773_911e60a77a70.wat","SUPPORTED",49713,49713,0,100.00,"",""
"benchmarks/xblock_wat/cdragontiger_57341691_f23a26678fca.wat","SUPPORTED",56100,56100,0,100.00,"",""
"benchmarks/xblock_wat/cdragontiger_57381166_bfbd2a3ebcc4.wat","SUPPORTED",56376,56376,0,100.00,"",""
"benchmarks/xblock_wat/centergamead_58424577_fc1aeea9e91d.wat","SUPPORTED",17269,17269,0,100.00,"",""
"benchmarks/xblock_wat/centergamead_66534016_adb1cbed4915.wat","SUPPORTED",17686,17686,0,100.00,"",""
"benchmarks/xblock_wat/centimorgans_36346782_7c8f985462b4.wat","SUPPORTED",26458,26458,0,100.00,"",""
"benchmarks/xblock_wat/centimorgans_36347791_5b84588306e6.wat","SUPPORTED",26376,26376,0,100.00,"",""
"benchmarks/xblock_wat/centimorgans_36356610_6d458ada5f79.wat","SUPPORTED",26376,26376,0,100.00,"",""
"benchmarks/xblock_wat/centimorgans_36359199_6d7ab455faaa.wat","SUPPORTED",26451,26451,0,100.00,"",""
"benchmarks/xblock_wat/centimorgans_36360609_f46a1efac099.wat","SUPPORTED",26364,26364,0,100.00,"",""
"benchmarks/xblock_wat/centimorgans_36471508_4c23d15f7c5b.wat","SUPPORTED",26371,26371,0,100.00,"",""
"benchmarks/xblock_wat/centimorgans_36473690_09eb24261739.wat","SUPPORTED",26374,26374,0,100.00,"",""
"benchmarks/xblock_wat/centimorgans_36474162_130ae261c563.wat","SUPPORTED",26374,26374,0,100.00,"",""
"benchmarks/xblock_wat/centimorgans_36474465_383e6fce7f80.wat","SUPPORTED",26029,26029,0,100.00,"",""
"benchmarks/xblock_wat/centimorgans_36475617_bc6830cf6c12.wat","SUPPORTED",26664,26664,0,100.00,"",""
"benchmarks/xblock_wat/centimorgans_36476069_d2fb4492ea02.wat","SUPPORTED",26633,26633,0,100.00,"",""
"benchmarks/xblock_wat/centimorgans_36490066_ec440b77e093.wat","SUPPORTED",26988,26988,0,100.00,"",""
"benchmarks/xblock_wat/centimorgans_36490632_fcbefeedd311.wat","SUPPORTED",27369,27369,0,100.00,"",""
"benchmarks/xblock_wat/centimorgans_36491190_f3ac238f72ad.wat","SUPPORTED",27391,27391,0,100.00,"",""
"benchmarks/xblock_wat/centimorgans_36492829_76938684b302.wat","SUPPORTED",25944,25944,0,100.00,"",""
"benchmarks/xblock_wat/centimorgans_36646457_90569535d4b3.wat","SUPPORTED",26965,26965,0,100.00,"",""
"benchmarks/xblock_wat/centimorgans_36650001_dfc28cc200f6.wat","SUPPORTED",26975,26975,0,100.00,"",""
"benchmarks/xblock_wat/centimorgans_36651203_d166b0136887.wat","SUPPORTED",27050,27050,0,100.00,"",""
"benchmarks/xblock_wat/ceremonially_36184249_7782a54defff.wat","SUPPORTED",26403,26403,0,100.00,"",""
"benchmarks/xblock_wat/ceremonially_36208731_d40bb4d3c095.wat","SUPPORTED",26364,26364,0,100.00,"",""
"benchmarks/xblock_wat/ceremonially_36654129_0248939fc03c.wat","SUPPORTED",27044,27044,0,100.00,"",""
"benchmarks/xblock_wat/ceremonially_36654633_d7e8adc44e39.wat","SUPPORTED",26359,26359,0,100.00,"",""
"benchmarks/xblock_wat/ceremonially_36830528_0f0eb360cc87.wat","SUPPORTED",26444,26444,0,100.00,"",""
"benchmarks/xblock_wat/ceremonially_36832385_1da13801056f.wat","SUPPORTED",26458,26458,0,100.00,"",""
"benchmarks/xblock_wat/ceremonially_36834173_a594a8c19c2b.wat","SUPPORTED",26548,26548,0,100.00,"",""
"benchmarks/xblock_wat/ceremonially_36839066_b96f58197596.wat","SUPPORTED",24149,24149,0,100.00,"",""
"benchmarks/xblock_wat/ceremonially_36839833_47357df0eb16.wat","SUPPORTED",26551,26551,0,100.00,"",""
"benchmarks/xblock_wat/certichainv1_78936831_c53d4ef67a43.wat","SUPPORTED",2212,2212,0,100.00,"",""
"benchmarks/xblock_wat/ceshiceshi.e_46031549_9560bb3800ca.wat","SUPPORTED",59569,59569,0,100.00,"",""
"benchmarks/xblock_wat/ceshiceshi.e_46032542_e3712616d593.wat","SUPPORTED",59504,59504,0,100.00,"",""
"benchmarks/xblock_wat/ceshiceshi.e_46032913_1272e1f3b839.wat","SUPPORTED",59501,59501,0,100.00,"",""
"benchmarks/xblock_wat/ceshiceshi.e_46033397_45d88c6b5bb7.wat","SUPPORTED",59501,59501,0,100.00,"",""
"benchmarks/xblock_wat/ceshiceshi.e_46033762_bd681825a953.wat","SUPPORTED",59510,59510,0,100.00,"",""
"benchmarks/xblock_wat/ceshiceshi.e_46034680_f3eba107b9b3.wat","SUPPORTED",59637,59637,0,100.00,"",""
"benchmarks/xblock_wat/ceshiceshi.e_46039232_c45104a6fea1.wat","SUPPORTED",59456,59456,0,100.00,"",""
"benchmarks/xblock_wat/ceshiceshi.e_46041371_de232a616781.wat","SUPPORTED",59478,59478,0,100.00,"",""
"benchmarks/xblock_wat/ceshiceshi.e_46042451_238a1f983051.wat","SUPPORTED",62258,62258,0,100.00,"",""
"benchmarks/xblock_wat/ceshiceshi.e_46043578_9bbdfecfb40c.wat","SUPPORTED",62258,62258,0,100.00,"",""
"benchmarks/xblock_wat/ceshiceshi.e_46043805_573d37b5b4bb.wat","SUPPORTED",62258,62258,0,100.00,"",""
"benchmarks/xblock_wat/ceshiceshi.e_46044468_e9504f02c20e.wat","SUPPORTED",62244,62244,0,100.00,"",""
"benchmarks/xblock_wat/ceshiceshi.e_46044880_75275c60f9ac.wat","SUPPORTED",62248,62248,0,100.00,"",""
"benchmarks/xblock_wat/ceshiceshi.e_46045145_97a5e818736f.wat","SUPPORTED",62317,62317,0,100.00,"",""
"benchmarks/xblock_wat/ceshiceshi.e_46045553_634f0dd76d19.wat","SUPPORTED",62279,62279,0,100.00,"",""
"benchmarks/xblock_wat/ceshiceshi.e_46046247_92f5f5ada7fe.wat","SUPPORTED",62345,62345,0,100.00,"",""
"benchmarks/xblock_wat/ceshiceshi.e_46222862_51fe359f4ee3.wat","SUPPORTED",70212,70212,0,100.00,"",""
"benchmarks/xblock_wat/ceshiceshi.e_46222937_b407d0959652.wat","SUPPORTED",67638,67638,0,100.00,"",""
"benchmarks/xblock_wat/ceshiceshi.e_46223293_a55abbb3f7f5.wat","SUPPORTED",67336,67336,0,100.00,"",""
"benchmarks/xblock_wat/ceshiceshi.e_46223536_de8e501ff877.wat","SUPPORTED",63600,63600,0,100.00,"",""
"benchmarks/xblock_wat/ceshiceshi.e_46224345_e136b19e5fca.wat","SUPPORTED",67638,67638,0,100.00,"",""
"benchmarks/xblock_wat/ceshiceshi.e_46225470_2e77adf7f8a7.wat","SUPPORTED",67646,67646,0,100.00,"",""
"benchmarks/xblock_wat/ceshiceshi.e_46228588_6f9a66edb6e8.wat","SUPPORTED",67787,67787,0,100.00,"",""
"benchmarks/xblock_wat/ceshiceshi.e_46233120_103ec162cb1d.wat","SUPPORTED",67359,67359,0,100.00,"",""
"benchmarks/xblock_wat/ceshiceshi.e_46234431_69eeea66b789.wat","SUPPORTED",67503,67503,0,100.00,"",""
"benchmarks/xblock_wat/ceshiceshi.e_46235093_6deba6bc5e8e.wat","SUPPORTED",66077,66077,0,100.00,"",""
"benchmarks/xblock_wat/ceshiceshi.e_46235573_e967dc5903a2.wat","SUPPORTED",67558,67558,0,100.00,"",""
"benchmarks/xblock_wat/ceshiceshi.e_46236151_03607f84c923.wat","SUPPORTED",67834,67834,0,100.00,"",""
"benchmarks/xblock_wat/ceshiceshi.e_46238643_f561aa5e7431.wat","SUPPORTED",68526,68526,0,100.00,"",""
"benchmarks/xblock_wat/ceshiceshi.e_46239367_07efefa9cbb3.wat","SUPPORTED",68520,68520,0,100.00,"",""
"benchmarks/xblock_wat/ceshiceshi.e_46239800_414f9fa4650b.wat","SUPPORTED",68526,68526,0,100.00,"",""
"benchmarks/xblock_wat/ceshiceshi.e_46240441_caed56e0aebd.wat","SUPPORTED",66499,66499,0,100.00,"",""
"benchmarks/xblock_wat/ceshiceshi.e_46240640_5d86f117673c.wat","SUPPORTED",68116,68116,0,100.00,"",""
"benchmarks/xblock_wat/ceshiceshi.e_46244465_9716b44449c6.wat","SUPPORTED",67199,67199,0,100.00,"",""
"benchmarks/xblock_wat/ceshiceshi.e_46246863_8fbb9d56e374.wat","SUPPORTED",66944,66944,0,100.00,"",""
"benchmarks/xblock_wat/ceshiceshi.e_46247065_e42199a2399e.wat","SUPPORTED",67197,67197,0,100.00,"",""
"benchmarks/xblock_wat/ceshiceshi.e_46248278_c9afcd042f20.wat","SUPPORTED",67379,67379,0,100.00,"",""
"benchmarks/xblock_wat/ceshiceshi.e_46248515_b2864528b918.wat","SUPPORTED",67443,67443,0,100.00,"",""
"benchmarks/xblock_wat/ceshiceshi.e_46248830_f05327a1f857.wat","SUPPORTED",67744,67744,0,100.00,"",""
"benchmarks/xblock_wat/ceshiceshi.e_46249707_513d0773f3bc.wat","SUPPORTED",67775,67775,0,100.00,"",""
"benchmarks/xblock_wat/ceshiceshi.e_46255166_57ebcb0ec323.wat","SUPPORTED",67756,67756,0,100.00,"",""
"benchmarks/xblock_wat/ceshiceshi.e_46256208_498b88ee71a8.wat","SUPPORTED",68352,68352,0,100.00,"",""
"benchmarks/xblock_wat/ceshiceshi.e_46257606_a32202cf087f.wat","SUPPORTED",69054,69054,0,100.00,"",""
"benchmarks/xblock_wat/ceshiceshi.e_46257801_d670efe6a747.wat","SUPPORTED",69054,69054,0,100.00,"",""
"benchmarks/xblock_wat/ceshiceshi.e_46258568_402b7efadc5b.wat","SUPPORTED",68363,68363,0,100.00,"",""
"benchmarks/xblock_wat/ceshiceshi.e_47172492_dad8f5e63cd1.wat","SUPPORTED",69080,69080,0,100.00,"",""
"benchmarks/xblock_wat/ceshiceshi.e_47178430_40193084362e.wat","SUPPORTED",69757,69757,0,100.00,"",""
"benchmarks/xblock_wat/ceshiceshi.e_47179835_d414d05f086d.wat","SUPPORTED",69777,69777,0,100.00,"",""
"benchmarks/xblock_wat/ceshiceshi.e_47190066_e69d0e882a84.wat","SUPPORTED",69532,69532,0,100.00,"",""
"benchmarks/xblock_wat/ceshiceshi.e_47195394_4a4be4f76546.wat","SUPPORTED",69513,69513,0,100.00,"",""
"benchmarks/xblock_wat/ceshiceshi.e_47234080_fd74a7e17f29.wat","SUPPORTED",69537,69537,0,100.00,"",""
"benchmarks/xblock_wat/ceshiceshi.e_47241731_6d43f55c7b56.wat","SUPPORTED",69618,69618,0,100.00,"",""
"benchmarks/xblock_wat/ceshiceshi.e_47250009_0af368bacf89.wat","SUPPORTED",69791,69791,0,100.00,"",""
"benchmarks/xblock_wat/ceshiceshi.e_47251619_ca980f6d5e8f.wat","SUPPORTED",69795,69795,0,100.00,"",""
"benchmarks/xblock_wat/ceshiceshi.e_47253995_0e7898e25e95.wat","SUPPORTED",69950,69950,0,100.00,"",""
"benchmarks/xblock_wat/ceshiceshi.e_47254272_5f0a1df932a0.wat","SUPPORTED",69944,69944,0,100.00,"",""
"benchmarks/xblock_wat/ceshiceshi.e_47258567_620233673aa7.wat","SUPPORTED",69928,69928,0,100.00,"",""
"benchmarks/xblock_wat/ceshiceshi.e_47332698_e59f0563849c.wat","SUPPORTED",69529,69529,0,100.00,"",""
"benchmarks/xblock_wat/ceshiceshi.e_47485048_c944103ddd92.wat","SUPPORTED",69995,69995,0,100.00,"",""
"benchmarks/xblock_wat/ceshiceshi.e_47485726_6d44c1a3a413.wat","SUPPORTED",69992,69992,0,100.00,"",""
"benchmarks/xblock_wat/ceshiceshi.e_47916475_e85c477fdec9.wat","SUPPORTED",70275,70275,0,100.00,"",""
"benchmarks/xblock_wat/ceshiceshi.e_47922486_49a5b7b06379.wat","SUPPORTED",70281,70281,0,100.00,"",""
"benchmarks/xblock_wat/ceshiceshi.e_47928036_f45b704b5671.wat","SUPPORTED",70308,70308,0,100.00,"",""
"benchmarks/xblock_wat/ceshiceshi.e_47929125_4163f7c870fd.wat","SUPPORTED",70357,70357,0,100.00,"",""
"benchmarks/xblock_wat/ceshiceshi.e_47933107_6902992fd33c.wat","SUPPORTED",70583,70583,0,100.00,"",""
"benchmarks/xblock_wat/ceshiceshi.e_47943490_d1932a4cffe5.wat","SUPPORTED",70828,70828,0,100.00,"",""
"benchmarks/xblock_wat/ceshiceshi.e_47944536_e5314eb71997.wat","SUPPORTED",70834,70834,0,100.00,"",""
"benchmarks/xblock_wat/ceshiceshi.e_47946041_503929edbd3f.wat","SUPPORTED",70880,70880,0,100.00,"",""
"benchmarks/xblock_wat/ceshiceshi.e_48037449_c92e00022c38.wat","SUPPORTED",71469,71469,0,100.00,"",""
"benchmarks/xblock_wat/ceshiceshi.e_48041489_dc4883598566.wat","SUPPORTED",71692,71692,0,100.00,"",""
"benchmarks/xblock_wat/ceshiceshi.e_48435112_052847142f7e.wat","SUPPORTED",71889,71889,0,100.00,"",""
"benchmarks/xblock_wat/ceshiceshi.e_48446519_9dcd6ffcbafd.wat","SUPPORTED",71554,71554,0,100.00,"",""
"benchmarks/xblock_wat/ceshiceshi.e_48447539_076050e808f5.wat","SUPPORTED",71634,71634,0,100.00,"",""
"benchmarks/xblock_wat/ceshiceshi.e_48902835_7a6993267376.wat","SUPPORTED",76074,76074,0,100.00,"",""
"benchmarks/xblock_wat/ceshiceshi.e_48904979_c4b4c0f09599.wat","SUPPORTED",73455,73455,0,100.00,"",""
"benchmarks/xblock_wat/ceshiceshi.e_48924033_40f35d096df4.wat","SUPPORTED",73463,73463,0,100.00,"",""
"benchmarks/xblock_wat/ceshiceshi.e_48924594_2231f8225e7e.wat","SUPPORTED",73463,73463,0,100.00,"",""
"benchmarks/xblock_wat/ceshiceshi.e_48924757_bf5180156b46.wat","SUPPORTED",73455,73455,0,100.00,"",""
"benchmarks/xblock_wat/ceshiceshi.e_48927091_279c5a4e76c9.wat","SUPPORTED",73599,73599,0,100.00,"",""
"benchmarks/xblock_wat/ceshiceshi.e_48929025_679be375a88b.wat","SUPPORTED",73601,73601,0,100.00,"",""
"benchmarks/xblock_wat/ceshiceshi.e_48933356_5f0e8384ee3a.wat","SUPPORTED",73457,73457,0,100.00,"",""
"benchmarks/xblock_wat/ceshiceshi.e_48934768_c88961303a6c.wat","SUPPORTED",76789,76789,0,100.00,"",""
"benchmarks/xblock_wat/ceshiceshi.e_49080162_1b0f5910fb37.wat","SUPPORTED",77576,77576,0,100.00,"",""
"benchmarks/xblock_wat/ceshiceshi.e_49083509_8add0494edeb.wat","SUPPORTED",77604,77604,0,100.00,"",""
"benchmarks/xblock_wat/ceshiceshi.e_49131380_2456c66e2d4c.wat","SUPPORTED",77230,77230,0,100.00,"",""
"benchmarks/xblock_wat/ceshiceshi.e_49134501_03d740ce0bb6.wat","SUPPORTED",77361,77361,0,100.00,"",""
"benchmarks/xblock_wat/ceshiceshi.e_49783839_751c3a37d8a8.wat","SUPPORTED",77848,77848,0,100.00,"",""
"benchmarks/xblock_wat/ceshiceshi.e_49784730_ac910c34afb7.wat","SUPPORTED",77951,77951,0,100.00,"",""
"benchmarks/xblock_wat/ceshiceshi.e_49923538_e1fab060b6b2.wat","SUPPORTED",78441,78441,0,100.00,"",""
"benchmarks/xblock_wat/ceshiceshi.e_50298409_35e100549acb.wat","SUPPORTED",78441,78441,0,100.00,"",""
"benchmarks/xblock_wat/ceshiceshi.e_50299166_a83edacefbe3.wat","SUPPORTED",78507,78507,0,100.00,"",""
"benchmarks/xblock_wat/ceshiceshi.e_50709854_ebdcf5222ec2.wat","SUPPORTED",77950,77950,0,100.00,"",""
"benchmarks/xblock_wat/ceshiceshi.e_50822941_954a795b5a75.wat","SUPPORTED",77950,77950,0,100.00,"",""
"benchmarks/xblock_wat/ceshiceshi.e_50864264_1186268de6a2.wat","SUPPORTED",77950,77950,0,100.00,"",""
"benchmarks/xblock_wat/ceshiceshi.e_51037570_3cfb3b2e7673.wat","SUPPORTED",78276,78276,0,100.00,"",""
"benchmarks/xblock_wat/ceshiceshi.e_51130960_9f1a741b49c6.wat","SUPPORTED",79078,79078,0,100.00,"",""
"benchmarks/xblock_wat/ceshiceshi.e_51296035_5bf9c892b3e4.wat","SUPPORTED",79090,79090,0,100.00,"",""
"benchmarks/xblock_wat/ceshiceshi.e_51297687_51c43efff638.wat","SUPPORTED",79187,79187,0,100.00,"",""
"benchmarks/xblock_wat/ceshiceshi.e_51298634_3b1f060d9791.wat","SUPPORTED",79067,79067,0,100.00,"",""
"benchmarks/xblock_wat/ceshiceshi.e_51298861_4ade0d0182dd.wat","SUPPORTED",79193,79193,0,100.00,"",""
"benchmarks/xblock_wat/ceshiceshi.e_51299106_f14877f248ad.wat","SUPPORTED",79199,79199,0,100.00,"",""
"benchmarks/xblock_wat/ceshiceshi.e_51306643_0d91adb2963e.wat","SUPPORTED",79224,79224,0,100.00,"",""
"benchmarks/xblock_wat/ceshiceshi.e_51307215_f42ecb861dcd.wat","SUPPORTED",79079,79079,0,100.00,"",""
"benchmarks/xblock_wat/ceshiceshi.e_51307674_b15fe706ecb0.wat","SUPPORTED",78833,78833,0,100.00,"",""
"benchmarks/xblock_wat/ceshiceshi.e_51308179_a94aebeb4baa.wat","SUPPORTED",78611,78611,0,100.00,"",""
"benchmarks/xblock_wat/ceshiceshi.e_51308479_aba3641be64b.wat","SUPPORTED",79075,79075,0,100.00,"",""
"benchmarks/xblock_wat/ceshiceshi.e_51389462_e75a67bee70e.wat","SUPPORTED",78741,78741,0,100.00,"",""
"benchmarks/xblock_wat/ceshiceshi.e_51400429_182949d99ce3.wat","SUPPORTED",78598,78598,0,100.00,"",""
"benchmarks/xblock_wat/ceshiceshi.e_51525875_d494789de7cd.wat","SUPPORTED",79104,79104,0,100.00,"",""
"benchmarks/xblock_wat/ceshiceshi.e_51530152_2f7261005b3e.wat","SUPPORTED",79624,79624,0,100.00,"",""
"benchmarks/xblock_wat/ceshiceshi.e_51549781_7811d2ef3ae7.wat","SUPPORTED",80294,80294,0,100.00,"",""
"benchmarks/xblock_wat/ceshiceshi.e_51559851_a319f98e642a.wat","SUPPORTED",82503,82503,0,100.00,"",""
"benchmarks/xblock_wat/ceshiceshi.e_51560258_f52719e36594.wat","SUPPORTED",82567,82567,0,100.00,"",""
"benchmarks/xblock_wat/ceshiceshi.e_51560553_0c23f510be40.wat","SUPPORTED",82585,82585,0,100.00,"",""
"benchmarks/xblock_wat/ceshiceshi.e_51627896_64ea87ee5570.wat","SUPPORTED",84106,84106,0,100.00,"",""
"benchmarks/xblock_wat/ceshiceshi.e_51631540_2d04da44c42c.wat","SUPPORTED",81925,81925,0,100.00,"",""
"benchmarks/xblock_wat/ceshiceshi.e_51631670_3fe2eb50272e.wat","SUPPORTED",81610,81610,0,100.00,"",""
"benchmarks/xblock_wat/ceshiceshi.e_51638996_de0c49ba9428.wat","SUPPORTED",81202,81202,0,100.00,"",""
"benchmarks/xblock_wat/ceshiceshi.e_51643216_0b51f9807c4b.wat","SUPPORTED",81412,81412,0,100.00,"",""
"benchmarks/xblock_wat/ceshiceshi.e_51647531_870dba3a9455.wat","SUPPORTED",81622,81622,0,100.00,"",""
"benchmarks/xblock_wat/ceshiceshi.e_51648306_c40cf2ae36fc.wat","SUPPORTED",81719,81719,0,100.00,"",""
"benchmarks/xblock_wat/ceshiceshi.e_51648696_fcd2f016c5c1.wat","SUPPORTED",81719,81719,0,100.00,"",""
"benchmarks/xblock_wat/ceshiceshi.e_51649026_8e998718f878.wat","SUPPORTED",81725,81725,0,100.00,"",""
"benchmarks/xblock_wat/ceshiceshi.e_51678043_80648f9db02e.wat","SUPPORTED",81722,81722,0,100.00,"",""
"benchmarks/xblock_wat/ceshiceshi.e_51683946_a413063797a8.wat","SUPPORTED",81750,81750,0,100.00,"",""
"benchmarks/xblock_wat/ceshiceshi.e_51684295_dfc864ed0ba1.wat","SUPPORTED",81750,81750,0,100.00,"",""
"benchmarks/xblock_wat/ceshiceshi.e_51690121_60c6ff1603d5.wat","SUPPORTED",82932,82932,0,100.00,"",""
"benchmarks/xblock_wat/ceshiceshi.e_51691385_91d0777847a5.wat","SUPPORTED",82925,82925,0,100.00,"",""
"benchmarks/xblock_wat/ceshiceshi.e_51691707_bd568772149f.wat","SUPPORTED",82910,82910,0,100.00,"",""
"benchmarks/xblock_wat/ceshiceshi.e_51692463_1cc2d9ec982b.wat","SUPPORTED",82937,82937,0,100.00,"",""
"benchmarks/xblock_wat/ceshiceshi.e_51694526_dbb99af5a783.wat","SUPPORTED",82971,82971,0,100.00,"",""
"benchmarks/xblock_wat/ceshiceshi.e_52079831_f4ff858d3dba.wat","SUPPORTED",83249,83249,0,100.00,"",""
"benchmarks/xblock_wat/ceshiceshi.e_52090249_78ea1ec6315a.wat","SUPPORTED",83280,83280,0,100.00,"",""
"benchmarks/xblock_wat/ceshiceshi.e_52091914_ed8bdcd59520.wat","SUPPORTED",83194,83194,0,100.00,"",""
"benchmarks/xblock_wat/ceshiceshi.e_52093341_53766614443c.wat","SUPPORTED",83293,83293,0,100.00,"",""
"benchmarks/xblock_wat/ceshiceshi.e_52094569_1bcad4c01565.wat","SUPPORTED",83659,83659,0,100.00,"",""
"benchmarks/xblock_wat/ceshiceshi.e_52154323_575d6f3abb00.wat","SUPPORTED",83240,83240,0,100.00,"",""
"benchmarks/xblock_wat/ceshiceshi.e_52158379_13f10e82bbf1.wat","SUPPORTED",83241,83241,0,100.00,"",""
"benchmarks/xblock_wat/ceshiceshi.e_52160055_06a52e6b056c.wat","SUPPORTED",83111,83111,0,100.00,"",""
"benchmarks/xblock_wat/ceshiceshi.e_52163994_cc0afcc7c5e3.wat","SUPPORTED",83100,83100,0,100.00,"",""
"benchmarks/xblock_wat/ceshiceshi.e_52254982_b71d24edea12.wat","SUPPORTED",83373,83373,0,100.00,"",""
"benchmarks/xblock_wat/ceshiceshi.e_52425254_22d9e52d2c69.wat","SUPPORTED",83386,83386,0,100.00,"",""
"benchmarks/xblock_wat/ceshiceshi.e_52585844_6ad932162ff4.wat","SUPPORTED",83289,83289,0,100.00,"",""
"benchmarks/xblock_wat/ceshiceshi.e_52603884_bc705d9af577.wat","SUPPORTED",82607,82607,0,100.00,"",""
"benchmarks/xblock_wat/ceshiceshi.e_52604758_79bab5caae8f.wat","SUPPORTED",82812,82812,0,100.00,"",""
"benchmarks/xblock_wat/ceshiceshi.e_52779531_ccf23d7a0c2c.wat","SUPPORTED",80869,80869,0,100.00,"",""
"benchmarks/xblock_wat/ceshiceshi.e_52866303_1d91350133c1.wat","SUPPORTED",80873,80873,0,100.00,"",""
"benchmarks/xblock_wat/ceshiceshi.e_52876317_bc3a2c756823.wat","SUPPORTED",80844,80844,0,100.00,"",""
"benchmarks/xblock_wat/ceshiceshi.e_52954327_a7fa5d84261c.wat","SUPPORTED",81502,81502,0,100.00,"",""
"benchmarks/xblock_wat/ceshiceshi.e_52956757_4d1fc420682a.wat","SUPPORTED",81500,81500,0,100.00,"",""
"benchmarks/xblock_wat/ceshiceshi.e_53120885_eb160865b08f.wat","SUPPORTED",81823,81823,0,100.00,"",""
"benchmarks/xblock_wat/ceshiceshi.e_53121350_06aa32333863.wat","SUPPORTED",82100,82100,0,100.00,"",""
"benchmarks/xblock_wat/ceshiceshi.e_53121728_33c8f1b6d1cf.wat","SUPPORTED",82100,82100,0,100.00,"",""
"benchmarks/xblock_wat/ceshiceshi.e_53140339_acf6caac69f6.wat","SUPPORTED",81504,81504,0,100.00,"",""
"benchmarks/xblock_wat/ceshiceshi.e_53145026_839e751fc87d.wat","SUPPORTED",81513,81513,0,100.00,"",""
"benchmarks/xblock_wat/ceshiceshi.e_53217281_a97d0f7b170a.wat","SUPPORTED",81539,81539,0,100.00,"",""
"benchmarks/xblock_wat/ceshiceshi.e_53217875_021b5b17a489.wat","SUPPORTED",81550,81550,0,100.00,"",""
"benchmarks/xblock_wat/ceshiceshi.e_53221907_a85687bdb589.wat","SUPPORTED",81556,81556,0,100.00,"",""
"benchmarks/xblock_wat/ceshiceshi.e_53222224_47fa9fe4c516.wat","SUPPORTED",81807,81807,0,100.00,"",""
"benchmarks/xblock_wat/ceshiceshi.e_53224491_8dc3bda88b28.wat","SUPPORTED",81831,81831,0,100.00,"",""
"benchmarks/xblock_wat/ceshiceshi.e_53225173_d34e842352bb.wat","SUPPORTED",82076,82076,0,100.00,"",""
"benchmarks/xblock_wat/ceshiceshi.e_53225952_7f8d7f214e39.wat","SUPPORTED",82313,82313,0,100.00,"",""
"benchmarks/xblock_wat/ceshiceshi.e_53228025_565d700df754.wat","SUPPORTED",82310,82310,0,100.00,"",""
"benchmarks/xblock_wat/ceshiceshi.e_53718668_abf056eaa18c.wat","SUPPORTED",88140,88140,0,100.00,"",""
"benchmarks/xblock_wat/ceshiceshi.e_53719167_1cca9833d189.wat","SUPPORTED",83774,83774,0,100.00,"",""
"benchmarks/xblock_wat/ceshiceshi.e_53720396_f312c7f9ab26.wat","SUPPORTED",83774,83774,0,100.00,"",""
"benchmarks/xblock_wat/ceshiceshi.e_53720532_b710ff2b94f6.wat","SUPPORTED",83774,83774,0,100.00,"",""
"benchmarks/xblock_wat/ceshiceshi.e_53897115_52bebcdea229.wat","SUPPORTED",87973,87973,0,100.00,"",""
"benchmarks/xblock_wat/ceshiceshi.e_53897258_0bb74f9379af.wat","SUPPORTED",87965,87965,0,100.00,"",""
"benchmarks/xblock_wat/ceshiceshi.e_53898984_6c920dc40d07.wat","SUPPORTED",87965,87965,0,100.00,"",""
"benchmarks/xblock_wat/ceshiceshi.e_53900075_9b5a9b078ecc.wat","SUPPORTED",88231,88231,0,100.00,"",""
"benchmarks/xblock_wat/ceshiceshi.e_54644463_d7a17003db4d.wat","SUPPORTED",90201,90201,0,100.00,"",""
"benchmarks/xblock_wat/ceshiceshi.e_55012491_9f02b7c230b9.wat","SUPPORTED",89998,89998,0,100.00,"",""
"benchmarks/xblock_wat/ceshiyongeos_28749646_3b5cc78591c2.wat","SUPPORTED",22810,22810,0,100.00,"",""
"benchmarks/xblock_wat/ceshiyongeos_28976351_84b529517fd9.wat","SUPPORTED",32710,32710,0,100.00,"",""
"benchmarks/xblock_wat/ceshiyongeos_29079557_d37a637b92ff.wat","SUPPORTED",37037,37037,0,100.00,"",""
"benchmarks/xblock_wat/ceshiyongeos_29080708_6dd9f8afa662.wat","SUPPORTED",37037,37037,0,100.00,"",""
"benchmarks/xblock_wat/ceshiyongeos_29087628_c0e42d12cfc9.wat","SUPPORTED",37037,37037,0,100.00,"",""
"benchmarks/xblock_wat/ceshiyongeos_29089541_97a6f35c0d3a.wat","SUPPORTED",37034,37034,0,100.00,"",""
"benchmarks/xblock_wat/ceshiyongeos_29090293_102cae5ba9b1.wat","SUPPORTED",37011,37011,0,100.00,"",""
"benchmarks/xblock_wat/ceshiyongeos_29091465_2b4281f09c09.wat","SUPPORTED",37011,37011,0,100.00,"",""
"benchmarks/xblock_wat/ceshiyongeos_29091889_903f52fe27f9.wat","SUPPORTED",37011,37011,0,100.00,"",""
"benchmarks/xblock_wat/ceshiyongeos_29094165_306ed31c6e05.wat","SUPPORTED",37012,37012,0,100.00,"",""
"benchmarks/xblock_wat/ceshiyongeos_29234740_8eb1d24eb153.wat","SUPPORTED",33421,33421,0,100.00,"",""
"benchmarks/xblock_wat/ceshiyongeos_29235024_5cd8dc8eaace.wat","SUPPORTED",37753,37753,0,100.00,"",""
"benchmarks/xblock_wat/ceshiyongeos_29314328_f8335033fa53.wat","SUPPORTED",38355,38355,0,100.00,"",""
"benchmarks/xblock_wat/ceshiyongeos_29581463_cc622b7b2ec5.wat","SUPPORTED",38355,38355,0,100.00,"",""
"benchmarks/xblock_wat/ceshiyongeos_29604321_f95bdcef8fa9.wat","SUPPORTED",38367,38367,0,100.00,"",""
"benchmarks/xblock_wat/ceshiyongeos_29604938_7ee39c93fb31.wat","SUPPORTED",38501,38501,0,100.00,"",""
"benchmarks/xblock_wat/ceshiyongeos_29605550_3ae88dee1230.wat","SUPPORTED",38504,38504,0,100.00,"",""
"benchmarks/xblock_wat/ceshiyongeos_29606628_45066e46a8f6.wat","SUPPORTED",38520,38520,0,100.00,"",""
"benchmarks/xblock_wat/ceshiyongeos_29606892_74c8467baf3e.wat","SUPPORTED",38510,38510,0,100.00,"",""
"benchmarks/xblock_wat/ceshiyongeos_29610803_435c6d7db373.wat","SUPPORTED",38529,38529,0,100.00,"",""
"benchmarks/xblock_wat/ceshiyongeos_29613005_01d7b12699dc.wat","SUPPORTED",38539,38539,0,100.00,"",""
"benchmarks/xblock_wat/ceshiyongeos_29614680_42ef41cacb46.wat","SUPPORTED",38540,38540,0,100.00,"",""
"benchmarks/xblock_wat/ceshiyongeos_29615985_660f0dfc75e6.wat","SUPPORTED",38540,38540,0,100.00,"",""
"benchmarks/xblock_wat/ceshiyongeos_30111973_775e26427898.wat","SUPPORTED",40774,40774,0,100.00,"",""
"benchmarks/xblock_wat/ceshiyongeos_30149146_f873d92e33c6.wat","SUPPORTED",40774,40774,0,100.00,"",""
"benchmarks/xblock_wat/ceshiyongeos_30157625_a4524c905bfb.wat","SUPPORTED",33918,33918,0,100.00,"",""
"benchmarks/xblock_wat/ceshiyongeos_30182511_4697c9ab7bc5.wat","SUPPORTED",42227,42227,0,100.00,"",""
"benchmarks/xblock_wat/ceshiyongeos_30182875_23a45dbb70ab.wat","SUPPORTED",42224,42224,0,100.00,"",""
"benchmarks/xblock_wat/ceshiyongeos_30185017_d606baca50b9.wat","SUPPORTED",42229,42229,0,100.00,"",""
"benchmarks/xblock_wat/ceshiyongeos_30185256_da15439a2f4c.wat","SUPPORTED",42228,42228,0,100.00,"",""
"benchmarks/xblock_wat/ceshiyongeos_30185992_993077781abb.wat","SUPPORTED",42141,42141,0,100.00,"",""
"benchmarks/xblock_wat/ceshiyongeos_30186340_1af5033d9355.wat","SUPPORTED",42228,42228,0,100.00,"",""
"benchmarks/xblock_wat/ceshiyongeos_30186966_04edbf7c56ac.wat","SUPPORTED",42317,42317,0,100.00,"",""
"benchmarks/xblock_wat/ceshiyongeos_30187218_2c5fc4a09e66.wat","SUPPORTED",42141,42141,0,100.00,"",""
"benchmarks/xblock_wat/ceshiyongeos_30187546_f6303653b17a.wat","SUPPORTED",42329,42329,0,100.00,"",""
"benchmarks/xblock_wat/ceshiyongeos_30188056_a81e219627a0.wat","SUPPORTED",42360,42360,0,100.00,"",""
"benchmarks/xblock_wat/ceshiyongeos_30800900_6cc398826106.wat","SUPPORTED",26898,26898,0,100.00,"",""
"benchmarks/xblock_wat/ceshiyongeos_31305046_a63a6ec55201.wat","SUPPORTED",35607,35607,0,100.00,"",""
"benchmarks/xblock_wat/ceshiyongeos_31477547_140a9775b375.wat","SUPPORTED",38445,38445,0,100.00,"",""
"benchmarks/xblock_wat/ceshiyongeos_50068945_3624e166e485.wat","SUPPORTED",35976,35976,0,100.00,"",""
"benchmarks/xblock_wat/ceshiyongeos_50069328_c8d62f8e8b71.wat","SUPPORTED",36610,36610,0,100.00,"",""
"benchmarks/xblock_wat/ceshiyongeos_50070023_937ee0b1ddc7.wat","SUPPORTED",36044,36044,0,100.00,"",""
"benchmarks/xblock_wat/ceshiyongeos_50070871_6a672b6a214f.wat","SUPPORTED",36073,36073,0,100.00,"",""
"benchmarks/xblock_wat/ceshiyongeos_50080514_8f79b89a3b14.wat","SUPPORTED",36071,36071,0,100.00,"",""
"benchmarks/xblock_wat/ceshiyongeos_50330230_3f3ccc1dc81a.wat","SUPPORTED",7792,7792,0,100.00,"",""
"benchmarks/xblock_wat/ceshiyongeos_50330902_2c5178f6e452.wat","SUPPORTED",6398,6398,0,100.00,"",""
"benchmarks/xblock_wat/ceshiyongeos_50335193_de05a3773826.wat","SUPPORTED",6398,6398,0,100.00,"",""
"benchmarks/xblock_wat/ceshiyongeos_50336062_a3922507d2ad.wat","SUPPORTED",7367,7367,0,100.00,"",""
"benchmarks/xblock_wat/ceshiyongeos_50339425_b449bdce7790.wat","SUPPORTED",7364,7364,0,100.00,"",""
"benchmarks/xblock_wat/ceshiyongeos_50339632_9b2e62c3ad17.wat","SUPPORTED",8256,8256,0,100.00,"",""
"benchmarks/xblock_wat/ceshiyongeos_50351143_5dedc433be87.wat","SUPPORTED",7950,7950,0,100.00,"",""
"benchmarks/xblock_wat/ceshiyongeos_87572794_980028d16a9b.wat","SUPPORTED",7950,7950,0,100.00,"",""
"benchmarks/xblock_wat/ceshiyongeos_87573037_8c313e72ecdb.wat","SUPPORTED",8063,8063,0,100.00,"",""
"benchmarks/xblock_wat/ceshiyongeos_87573315_1ec27eefc606.wat","SUPPORTED",8257,8257,0,100.00,"",""
"benchmarks/xblock_wat/ceshiyongeos_87707907_b077fd0fdb3b.wat","SUPPORTED",7084,7084,0,100.00,"",""
"benchmarks/xblock_wat/ceshiyongeos_87746004_b24bd990066e.wat","SUPPORTED",7084,7084,0,100.00,"",""
"benchmarks/xblock_wat/ceshiyongeos_88947652_c10b39592ab9.wat","SUPPORTED",10658,10658,0,100.00,"",""
"benchmarks/xblock_wat/ceshiyongeos_88952002_40cf610da3c3.wat","SUPPORTED",13556,13556,0,100.00,"",""
"benchmarks/xblock_wat/ceshiyongeos_89247824_cf5c5c0f9393.wat","SUPPORTED",17007,17007,0,100.00,"",""
"benchmarks/xblock_wat/ceshiyongeos_89434540_2a838eeed38d.wat","SUPPORTED",16988,16988,0,100.00,"",""
"benchmarks/xblock_wat/ceshiyongeos_89436081_991b41e683da.wat","SUPPORTED",16988,16988,0,100.00,"",""
"benchmarks/xblock_wat/chainbankeos_32707985_cfbcd8008baa.wat","SUPPORTED",46075,46075,0,100.00,"",""
"benchmarks/xblock_wat/chainbankeos_32708595_028c681af116.wat","SUPPORTED",46476,46476,0,100.00,"",""
"benchmarks/xblock_wat/chainbankeos_33081693_752e4fdcf0ce.wat","SUPPORTED",63503,63503,0,100.00,"",""
"benchmarks/xblock_wat/chainbankeos_35473044_a51307274f87.wat","SUPPORTED",53285,53285,0,100.00,"",""
"benchmarks/xblock_wat/chainbankeos_35476656_c12bf14860f5.wat","SUPPORTED",63494,63494,0,100.00,"",""
"benchmarks/xblock_wat/chainbankeos_35478322_ae17e5412122.wat","SUPPORTED",63489,63489,0,100.00,"",""
"benchmarks/xblock_wat/chainbankeos_35479032_62cd4b864e0f.wat","SUPPORTED",63487,63487,0,100.00,"",""
"benchmarks/xblock_wat/chainbankeos_35655854_a6584323ed32.wat","SUPPORTED",67649,67649,0,100.00,"",""
"benchmarks/xblock_wat/chainbankeos_35669401_d2475a4f286d.wat","SUPPORTED",63355,63355,0,100.00,"",""
"benchmarks/xblock_wat/chainbankeos_35677813_70c9aefe1bd1.wat","SUPPORTED",63362,63362,0,100.00,"",""
"benchmarks/xblock_wat/chainbankeos_35686511_1dfdf0720e8d.wat","SUPPORTED",63404,63404,0,100.00,"",""
"benchmarks/xblock_wat/chainbankeos_35980859_38b93005a776.wat","SUPPORTED",63398,63398,0,100.00,"",""
"benchmarks/xblock_wat/chainbankeos_36141192_a79646306322.wat","SUPPORTED",68418,68418,0,100.00,"",""
"benchmarks/xblock_wat/chainbankeos_36153678_3b27f01d2f19.wat","SUPPORTED",68515,68515,0,100.00,"",""
"benchmarks/xblock_wat/chainbankeos_36154065_b15331f29d20.wat","SUPPORTED",68527,68527,0,100.00,"",""
"benchmarks/xblock_wat/chainbankeos_36161246_092b42deecc7.wat","SUPPORTED",68436,68436,0,100.00,"",""
"benchmarks/xblock_wat/chainbankeos_36167046_f3ac5cd95774.wat","SUPPORTED",70406,70406,0,100.00,"",""
"benchmarks/xblock_wat/chainbankeos_36198012_1330e005651c.wat","SUPPORTED",68715,68715,0,100.00,"",""
"benchmarks/xblock_wat/chainbankeos_36200408_7cda2e396e8d.wat","SUPPORTED",69304,69304,0,100.00,"",""
"benchmarks/xblock_wat/chainbankeos_36373959_39361f76e3b0.wat","SUPPORTED",68727,68727,0,100.00,"",""
"benchmarks/xblock_wat/chainbankeos_36394597_eb0a1b36976d.wat","SUPPORTED",68638,68638,0,100.00,"",""
"benchmarks/xblock_wat/chainbankeos_36394872_bcbf91775368.wat","SUPPORTED",68638,68638,0,100.00,"",""
"benchmarks/xblock_wat/chainbankeos_36407087_42d6af73f5b3.wat","SUPPORTED",68440,68440,0,100.00,"",""
"benchmarks/xblock_wat/chainbankeos_36461445_fc0d024c00bd.wat","SUPPORTED",68442,68442,0,100.00,"",""
"benchmarks/xblock_wat/chainbankeos_36552965_b4bf76afb451.wat","SUPPORTED",68439,68439,0,100.00,"",""
"benchmarks/xblock_wat/chainbankeos_36553424_1ef27d394b4a.wat","SUPPORTED",68442,68442,0,100.00,"",""
"benchmarks/xblock_wat/chainbankeos_36554103_9a1214e18c72.wat","SUPPORTED",68445,68445,0,100.00,"",""
"benchmarks/xblock_wat/chainbankeos_36619320_61081ef3cefa.wat","SUPPORTED",69092,69092,0,100.00,"",""
"benchmarks/xblock_wat/chainbankeos_36658540_0389ed169423.wat","SUPPORTED",69093,69093,0,100.00,"",""
"benchmarks/xblock_wat/chainbankeos_36662190_bb2fc9f7763d.wat","SUPPORTED",69089,69089,0,100.00,"",""
"benchmarks/xblock_wat/chainbankeos_36671419_cd4c57a48eb0.wat","SUPPORTED",69099,69099,0,100.00,"",""
"benchmarks/xblock_wat/chainbankeos_36714443_5bc6a059fbeb.wat","SUPPORTED",69592,69592,0,100.00,"",""
"benchmarks/xblock_wat/chainbankeos_37219042_ae4ccbb8982d.wat","SUPPORTED",69633,69633,0,100.00,"",""
"benchmarks/xblock_wat/chainbankeos_37509879_e2be40511dd6.wat","SUPPORTED",71703,71703,0,100.00,"",""
"benchmarks/xblock_wat/chainbankeos_37510343_dee64950b13f.wat","SUPPORTED",71693,71693,0,100.00,"",""
"benchmarks/xblock_wat/chainbankeos_37511066_a3446650264a.wat","SUPPORTED",71689,71689,0,100.00,"",""
"benchmarks/xblock_wat/chainbankeos_37540799_ff9147317381.wat","SUPPORTED",73706,73706,0,100.00,"",""
"benchmarks/xblock_wat/chainbankeos_37543287_b996a62b5ec1.wat","SUPPORTED",72988,72988,0,100.00,"",""
"benchmarks/xblock_wat/chainbankeos_37558541_1fb2639ac72d.wat","SUPPORTED",73384,73384,0,100.00,"",""
"benchmarks/xblock_wat/chainbankeos_37580249_8052512bd784.wat","SUPPORTED",74021,74021,0,100.00,"",""
"benchmarks/xblock_wat/chainbankeos_37708077_9f4dc3f68dd7.wat","SUPPORTED",74252,74252,0,100.00,"",""
"benchmarks/xblock_wat/chainbankeos_37998528_b5bd06436bb4.wat","SUPPORTED",74270,74270,0,100.00,"",""
"benchmarks/xblock_wat/chainbankeos_38796111_ade01c80fa0f.wat","SUPPORTED",74270,74270,0,100.00,"",""
"benchmarks/xblock_wat/chainbankeos_38797716_6fd348158496.wat","SUPPORTED",74058,74058,0,100.00,"",""
"benchmarks/xblock_wat/chainbankeos_39316336_6cbe9b671b2d.wat","SUPPORTED",74252,74252,0,100.00,"",""
"benchmarks/xblock_wat/chainbankeos_42904396_fb9dbd6480eb.wat","SUPPORTED",73966,73966,0,100.00,"",""
"benchmarks/xblock_wat/chainbankeos_43584169_ef599b943080.wat","SUPPORTED",73962,73962,0,100.00,"",""
"benchmarks/xblock_wat/chainbankeos_43587123_44bf290aa409.wat","SUPPORTED",73737,73737,0,100.00,"",""
"benchmarks/xblock_wat/chainbankeos_43587955_92293d05f6cf.wat","SUPPORTED",73740,73740,0,100.00,"",""
"benchmarks/xblock_wat/chainbankeos_43589540_a834f6aac4ab.wat","SUPPORTED",73744,73744,0,100.00,"",""
"benchmarks/xblock_wat/chainbankeos_43590432_50e6172b7ba0.wat","SUPPORTED",73735,73735,0,100.00,"",""
"benchmarks/xblock_wat/chainbankeos_43599049_227b14eeec14.wat","SUPPORTED",73770,73770,0,100.00,"",""
"benchmarks/xblock_wat/chainbankeos_43599552_d97174810476.wat","SUPPORTED",73770,73770,0,100.00,"",""
"benchmarks/xblock_wat/chainbankeos_43599922_bac25384e20b.wat","SUPPORTED",73770,73770,0,100.00,"",""
"benchmarks/xblock_wat/chainbankeos_43605082_3034c0fc1607.wat","SUPPORTED",74005,74005,0,100.00,"",""
"benchmarks/xblock_wat/chainbankeos_43605598_e1f06c23247d.wat","SUPPORTED",74140,74140,0,100.00,"",""
"benchmarks/xblock_wat/chainbankeos_43606848_5c64f6a680b0.wat","SUPPORTED",74356,74356,0,100.00,"",""
"benchmarks/xblock_wat/chainbankeos_43607465_3e7417b1f792.wat","SUPPORTED",74303,74303,0,100.00,"",""
"benchmarks/xblock_wat/chainbankeos_43607960_63b5c815ebd0.wat","SUPPORTED",73791,73791,0,100.00,"",""
"benchmarks/xblock_wat/chainbankeos_43608378_22a89866481b.wat","SUPPORTED",73791,73791,0,100.00,"",""
"benchmarks/xblock_wat/chainbankeos_43616261_abb77c0da93d.wat","SUPPORTED",73766,73766,0,100.00,"",""
"benchmarks/xblock_wat/chainbankeos_44144746_71cdedb50161.wat","SUPPORTED",73771,73771,0,100.00,"",""
"benchmarks/xblock_wat/chainbankeos_44145009_9434ef08175b.wat","SUPPORTED",73769,73769,0,100.00,"",""
"benchmarks/xblock_wat/chainbankeos_44146166_9d18333e33cd.wat","SUPPORTED",73614,73614,0,100.00,"",""
"benchmarks/xblock_wat/chainbankeos_44147641_b203ccfca9d9.wat","SUPPORTED",73598,73598,0,100.00,"",""
"benchmarks/xblock_wat/chainbankeos_44149206_e39caafab1f3.wat","SUPPORTED",72912,72912,0,100.00,"",""
"benchmarks/xblock_wat/chainbankeos_44149545_66ee618f1065.wat","SUPPORTED",72830,72830,0,100.00,"",""
"benchmarks/xblock_wat/chainbankeos_44150010_087d7fdcbf2e.wat","SUPPORTED",73664,73664,0,100.00,"",""
"benchmarks/xblock_wat/chainbankeos_44792039_9582900a302f.wat","SUPPORTED",73606,73606,0,100.00,"",""
"benchmarks/xblock_wat/chainbankeos_45230889_307752e79485.wat","SUPPORTED",73536,73536,0,100.00,"",""
"benchmarks/xblock_wat/chainbankeos_45313859_a7d237e1ef88.wat","SUPPORTED",73396,73396,0,100.00,"",""
"benchmarks/xblock_wat/chainbankeos_46552110_3733c0d243b2.wat","SUPPORTED",73396,73396,0,100.00,"",""
"benchmarks/xblock_wat/chainbankeos_47337094_a9d790ee0d50.wat","SUPPORTED",73399,73399,0,100.00,"",""
"benchmarks/xblock_wat/chainbankeos_47382441_75614f66431c.wat","SUPPORTED",76335,76335,0,100.00,"",""
"benchmarks/xblock_wat/chainbankeos_47514529_613b62b3972c.wat","SUPPORTED",77337,77337,0,100.00,"",""
"benchmarks/xblock_wat/chainbankeos_47535201_9a121dc9ebe0.wat","SUPPORTED",76329,76329,0,100.00,"",""
"benchmarks/xblock_wat/chainbankeos_47872194_1f3de56d6f32.wat","SUPPORTED",76653,76653,0,100.00,"",""
"benchmarks/xblock_wat/chainbankeos_47914551_2c6ecaabd348.wat","SUPPORTED",76597,76597,0,100.00,"",""
"benchmarks/xblock_wat/chainbankeos_48058623_56b0ec751ce2.wat","SUPPORTED",76597,76597,0,100.00,"",""
"benchmarks/xblock_wat/chainbankeos_48059085_33c992f930b5.wat","SUPPORTED",76597,76597,0,100.00,"",""
"benchmarks/xblock_wat/chainbankeos_50334562_17aaf215d372.wat","SUPPORTED",76695,76695,0,100.00,"",""
"benchmarks/xblock_wat/chainbankeos_50350492_b9b93bc88b41.wat","SUPPORTED",76882,76882,0,100.00,"",""
"benchmarks/xblock_wat/chainbankeos_50778371_609a60e35aff.wat","SUPPORTED",76614,76614,0,100.00,"",""
"benchmarks/xblock_wat/chainbankeos_53634855_3fc48fe53af0.wat","SUPPORTED",77180,77180,0,100.00,"",""
"benchmarks/xblock_wat/chainbankeos_53637580_3c2cda186c1e.wat","SUPPORTED",77177,77177,0,100.00,"",""
"benchmarks/xblock_wat/chainbankeos_54594466_75df3acf1328.wat","SUPPORTED",77122,77122,0,100.00,"",""
"benchmarks/xblock_wat/chainbankeos_54636505_11323d6081a0.wat","SUPPORTED",77786,77786,0,100.00,"",""
"benchmarks/xblock_wat/chainbankeos_54784286_6e80da8a1a73.wat","SUPPORTED",76218,76218,0,100.00,"",""
"benchmarks/xblock_wat/chainbankeos_54785216_93a7526b418f.wat","SUPPORTED",76221,76221,0,100.00,"",""
"benchmarks/xblock_wat/chainbankeos_54785332_208932074fb2.wat","SUPPORTED",76227,76227,0,100.00,"",""
"benchmarks/xblock_wat/chainbankeos_54785392_f33422976f82.wat","SUPPORTED",76224,76224,0,100.00,"",""
"benchmarks/xblock_wat/chainbankeos_54785570_8c60de812acd.wat","SUPPORTED",76221,76221,0,100.00,"",""
"benchmarks/xblock_wat/chainbankeos_54785791_323c05b276d8.wat","SUPPORTED",76217,76217,0,100.00,"",""
"benchmarks/xblock_wat/chainbankeos_54786600_9f906790b20d.wat","SUPPORTED",75928,75928,0,100.00,"",""
"benchmarks/xblock_wat/chainbankeos_54786798_610ad376c96f.wat","SUPPORTED",75322,75322,0,100.00,"",""
"benchmarks/xblock_wat/chainbankeos_55533680_dd9ecb9867cb.wat","SUPPORTED",75523,75523,0,100.00,"",""
"benchmarks/xblock_wat/chainbankeos_60344774_346fb0ae6f10.wat","SUPPORTED",75522,75522,0,100.00,"",""
"benchmarks/xblock_wat/chainbankeos_60850824_a9da35df9e49.wat","SUPPORTED",75408,75408,0,100.00,"",""
"benchmarks/xblock_wat/chainbankeos_60851545_9fd7927e0c20.wat","SUPPORTED",75411,75411,0,100.00,"",""
"benchmarks/xblock_wat/chainbankeos_60851660_16e239c2e13e.wat","SUPPORTED",75411,75411,0,100.00,"",""
"benchmarks/xblock_wat/chainbankeos_60851989_62b9e48104fa.wat","SUPPORTED",75411,75411,0,100.00,"",""
"benchmarks/xblock_wat/chainbankeos_60853543_2473e6af81ae.wat","SUPPORTED",75414,75414,0,100.00,"",""
"benchmarks/xblock_wat/chainbankeos_60854220_f192fbb90bf8.wat","SUPPORTED",75411,75411,0,100.00,"",""
"benchmarks/xblock_wat/chainbankeos_60855639_fcf7ef1d32d8.wat","SUPPORTED",75488,75488,0,100.00,"",""
"benchmarks/xblock_wat/chainbankeos_60859160_70139f9f16c6.wat","SUPPORTED",75769,75769,0,100.00,"",""
"benchmarks/xblock_wat/chainbankeos_60863428_157cfdaf2f32.wat","SUPPORTED",76321,76321,0,100.00,"",""
"benchmarks/xblock_wat/chainbankeos_61201423_1db60710744f.wat","SUPPORTED",79203,79203,0,100.00,"",""
"benchmarks/xblock_wat/chainbankeos_61210760_82d7900401fd.wat","SUPPORTED",79539,79539,0,100.00,"",""
"benchmarks/xblock_wat/chainbankeos_61212076_b9a854f2608d.wat","SUPPORTED",79578,79578,0,100.00,"",""
"benchmarks/xblock_wat/chainbankeos_61226977_d94230cd32f0.wat","SUPPORTED",77074,77074,0,100.00,"",""
"benchmarks/xblock_wat/chainbankeos_61236767_bbc191b045e6.wat","SUPPORTED",77237,77237,0,100.00,"",""
"benchmarks/xblock_wat/chainbankeos_61354734_4a853a225191.wat","SUPPORTED",78928,78928,0,100.00,"",""
"benchmarks/xblock_wat/chainbankeos_61358118_4de304932896.wat","SUPPORTED",78940,78940,0,100.00,"",""
"benchmarks/xblock_wat/chainbankeos_61359172_6827be716c48.wat","SUPPORTED",78938,78938,0,100.00,"",""
"benchmarks/xblock_wat/chainbankeos_61366970_fde11c37efdf.wat","SUPPORTED",76796,76796,0,100.00,"",""
"benchmarks/xblock_wat/chainbankeos_61369617_ea8f68928170.wat","SUPPORTED",77241,77241,0,100.00,"",""
"benchmarks/xblock_wat/chainbankeos_61381638_2efe129a2ccc.wat","SUPPORTED",77049,77049,0,100.00,"",""
"benchmarks/xblock_wat/chainbankeos_61385751_d28270686c19.wat","SUPPORTED",77570,77570,0,100.00,"",""
"benchmarks/xblock_wat/chainbankeos_61387215_c7d28f31c797.wat","SUPPORTED",79471,79471,0,100.00,"",""
"benchmarks/xblock_wat/chainbankeos_61397083_a32738fbcb49.wat","SUPPORTED",79978,79978,0,100.00,"",""
"benchmarks/xblock_wat/chainbankeos_61402795_f92beb9130cd.wat","SUPPORTED",79973,79973,0,100.00,"",""
"benchmarks/xblock_wat/chainbankeos_61570403_2f81e64cd4e5.wat","SUPPORTED",79653,79653,0,100.00,"",""
"benchmarks/xblock_wat/chainbankeos_61873268_c951ff8c730e.wat","SUPPORTED",79653,79653,0,100.00,"",""
"benchmarks/xblock_wat/chainbankeos_62012142_449c7c2846a3.wat","SUPPORTED",80128,80128,0,100.00,"",""
"benchmarks/xblock_wat/chainbankeos_62017926_6a07ebfc5912.wat","SUPPORTED",77373,77373,0,100.00,"",""
"benchmarks/xblock_wat/chainbankeos_62350997_97f7e29f4f0e.wat","SUPPORTED",78127,78127,0,100.00,"",""
"benchmarks/xblock_wat/chainbankeos_62352611_1107b54b774d.wat","SUPPORTED",77483,77483,0,100.00,"",""
"benchmarks/xblock_wat/chainbankeos_62966033_c36d7d0d5e93.wat","SUPPORTED",78555,78555,0,100.00,"",""
"benchmarks/xblock_wat/chainbankeos_62970474_bf58438d458c.wat","SUPPORTED",77754,77754,0,100.00,"",""
"benchmarks/xblock_wat/chainbankeos_62977070_413773615777.wat","SUPPORTED",78413,78413,0,100.00,"",""
"benchmarks/xblock_wat/chainbankeos_62977456_fb0291347b95.wat","SUPPORTED",78416,78416,0,100.00,"",""
"benchmarks/xblock_wat/chainbankeos_62977540_a037a7cb8dd7.wat","SUPPORTED",78416,78416,0,100.00,"",""
"benchmarks/xblock_wat/chainbankeos_62977757_2c0b5cb6df94.wat","SUPPORTED",78412,78412,0,100.00,"",""
"benchmarks/xblock_wat/chainbankeos_62980034_c3dc6606781d.wat","SUPPORTED",78380,78380,0,100.00,"",""
"benchmarks/xblock_wat/chainbankeos_62980587_b33d5c292859.wat","SUPPORTED",78379,78379,0,100.00,"",""
"benchmarks/xblock_wat/chainbankeos_62981404_e760030396bc.wat","SUPPORTED",78382,78382,0,100.00,"",""
"benchmarks/xblock_wat/chainbankeos_62983039_7c7cb45d16a9.wat","SUPPORTED",78392,78392,0,100.00,"",""
"benchmarks/xblock_wat/chainbankeos_62983321_c0ef6564a394.wat","SUPPORTED",78389,78389,0,100.00,"",""
"benchmarks/xblock_wat/chainbankeos_62983493_825418116e6f.wat","SUPPORTED",78389,78389,0,100.00,"",""
"benchmarks/xblock_wat/chainbankeos_62983581_0bd203042083.wat","SUPPORTED",78389,78389,0,100.00,"",""
"benchmarks/xblock_wat/chainbankeos_62983722_637a20018ab9.wat","SUPPORTED",78389,78389,0,100.00,"",""
"benchmarks/xblock_wat/chainbankeos_62983789_a36435ebe7c8.wat","SUPPORTED",78389,78389,0,100.00,"",""
"benchmarks/xblock_wat/chainbankeos_62983857_63321d39920f.wat","SUPPORTED",78389,78389,0,100.00,"",""
"benchmarks/xblock_wat/chainbankeos_62983961_76d43bf03013.wat","SUPPORTED",78389,78389,0,100.00,"",""
"benchmarks/xblock_wat/chainbankeos_62986473_42dc61b89639.wat","SUPPORTED",78271,78271,0,100.00,"",""
"benchmarks/xblock_wat/chainbankeos_63070291_f64b38e39c09.wat","SUPPORTED",78528,78528,0,100.00,"",""
"benchmarks/xblock_wat/chainbankeos_64400182_15a8c6c86b6e.wat","SUPPORTED",78575,78575,0,100.00,"",""
"benchmarks/xblock_wat/chainbankeos_64422600_3298a0433226.wat","SUPPORTED",79786,79786,0,100.00,"",""
"benchmarks/xblock_wat/chainbankeos_64430066_e12fd6883e24.wat","SUPPORTED",78641,78641,0,100.00,"",""
"benchmarks/xblock_wat/chainbankeos_64430647_68cf98b4bfb0.wat","SUPPORTED",78267,78267,0,100.00,"",""
"benchmarks/xblock_wat/chainbankeos_64454172_719e528b1818.wat","SUPPORTED",81768,81768,0,100.00,"",""
"benchmarks/xblock_wat/chainbankeos_64456167_44e04f9ea0fc.wat","SUPPORTED",82192,82192,0,100.00,"",""
"benchmarks/xblock_wat/chainbankeos_64457830_eb4a54f752f5.wat","SUPPORTED",83103,83103,0,100.00,"",""
"benchmarks/xblock_wat/chainbankeos_64464071_02f81afd66bd.wat","SUPPORTED",84062,84062,0,100.00,"",""
"benchmarks/xblock_wat/chainbankeos_64464270_ea53dfbeb642.wat","SUPPORTED",84086,84086,0,100.00,"",""
"benchmarks/xblock_wat/chainbankeos_64469817_1b8db10c7d27.wat","SUPPORTED",82646,82646,0,100.00,"",""
"benchmarks/xblock_wat/chainbankeos_64482419_b68ef4337e1d.wat","SUPPORTED",82720,82720,0,100.00,"",""
"benchmarks/xblock_wat/chainbankeos_64981123_db7ffdd7b0a3.wat","SUPPORTED",82781,82781,0,100.00,"",""
"benchmarks/xblock_wat/chainclashdg_71230709_c31f1811bceb.wat","SUPPORTED",36558,36558,0,100.00,"",""
"benchmarks/xblock_wat/chainclashdg_71231827_dc96474e9c38.wat","SUPPORTED",37433,37433,0,100.00,"",""
"benchmarks/xblock_wat/chainclashdg_87771506_5af2c57fef4a.wat","SUPPORTED",46360,46360,0,100.00,"",""
"benchmarks/xblock_wat/chainclashdg_87774280_86d7481b0aeb.wat","SUPPORTED",45580,45580,0,100.00,"",""
"benchmarks/xblock_wat/chainclashdg_87775264_65b9f4dfb387.wat","SUPPORTED",43244,43244,0,100.00,"",""
"benchmarks/xblock_wat/chainclashdg_87776867_e0e299405cc4.wat","SUPPORTED",41328,41328,0,100.00,"",""
"benchmarks/xblock_wat/chainclashhq_71233567_caa2963dc884.wat","SUPPORTED",69742,69742,0,100.00,"",""
"benchmarks/xblock_wat/chainclashhq_71725994_4932b7c97aaa.wat","SUPPORTED",69752,69752,0,100.00,"",""
"benchmarks/xblock_wat/chainclashhq_71736890_c65230302b88.wat","SUPPORTED",70518,70518,0,100.00,"",""
"benchmarks/xblock_wat/chainclashhq_71737129_f4d26604af0a.wat","SUPPORTED",70414,70414,0,100.00,"",""
"benchmarks/xblock_wat/chainclashhq_72410465_b3d10faebcff.wat","SUPPORTED",70031,70031,0,100.00,"",""
"benchmarks/xblock_wat/chainclashhq_73600772_404a3c7dba83.wat","SUPPORTED",70686,70686,0,100.00,"",""
"benchmarks/xblock_wat/chainclashhq_73604285_faeaa624cba9.wat","SUPPORTED",70839,70839,0,100.00,"",""
"benchmarks/xblock_wat/chainclashhq_74157769_7460800a3ffd.wat","SUPPORTED",75586,75586,0,100.00,"",""
"benchmarks/xblock_wat/chainclashhq_75203070_960a4f2ec161.wat","SUPPORTED",81826,81826,0,100.00,"",""
"benchmarks/xblock_wat/chainclashhq_75206809_467b7066cfaf.wat","SUPPORTED",82282,82282,0,100.00,"",""
"benchmarks/xblock_wat/chainclashhq_75207130_80a85251d11d.wat","SUPPORTED",82286,82286,0,100.00,"",""
"benchmarks/xblock_wat/chainclashhq_75207271_217d1c714af6.wat","SUPPORTED",82286,82286,0,100.00,"",""
"benchmarks/xblock_wat/chainclashhq_75207404_14022ce8107e.wat","SUPPORTED",82289,82289,0,100.00,"",""
"benchmarks/xblock_wat/chainclashhq_75208492_e50206a7bd06.wat","SUPPORTED",82284,82284,0,100.00,"",""
"benchmarks/xblock_wat/chainclashhq_75212851_5100be7fd7a0.wat","SUPPORTED",78497,78497,0,100.00,"",""
"benchmarks/xblock_wat/chainclashhq_75213321_6e5250cbc9b6.wat","SUPPORTED",78346,78346,0,100.00,"",""
"benchmarks/xblock_wat/chainclashhq_75337718_40d95f778a72.wat","SUPPORTED",78394,78394,0,100.00,"",""
"benchmarks/xblock_wat/chainclashhq_75348792_418840a2048c.wat","SUPPORTED",78382,78382,0,100.00,"",""
"benchmarks/xblock_wat/chainclashhq_76572786_ce79f696eb0b.wat","SUPPORTED",75255,75255,0,100.00,"",""
"benchmarks/xblock_wat/chainclashhq_76573205_74a2d283c004.wat","SUPPORTED",75269,75269,0,100.00,"",""
"benchmarks/xblock_wat/chainclashhq_76573414_ba116d98b096.wat","SUPPORTED",75816,75816,0,100.00,"",""
"benchmarks/xblock_wat/chainclashhq_76573539_f21f01fddbd3.wat","SUPPORTED",75816,75816,0,100.00,"",""
"benchmarks/xblock_wat/chainclashhq_76573752_5f3348a42f7b.wat","SUPPORTED",75713,75713,0,100.00,"",""
"benchmarks/xblock_wat/chainclashhq_76573945_82ebe960aa01.wat","SUPPORTED",75911,75911,0,100.00,"",""
"benchmarks/xblock_wat/chainclashhq_76574297_85549edad348.wat","SUPPORTED",75921,75921,0,100.00,"",""
"benchmarks/xblock_wat/chainclashhq_76574471_37e885533c75.wat","SUPPORTED",75723,75723,0,100.00,"",""
"benchmarks/xblock_wat/chainclashhq_76727247_9528793b3213.wat","SUPPORTED",74706,74706,0,100.00,"",""
"benchmarks/xblock_wat/chainclashhq_77591907_0ca3107d7cca.wat","SUPPORTED",76566,76566,0,100.00,"",""
"benchmarks/xblock_wat/chainclashhq_78979341_e90d29a89a49.wat","SUPPORTED",80321,80321,0,100.00,"",""
"benchmarks/xblock_wat/chainclashhq_78979762_22221cc7b252.wat","SUPPORTED",80355,80355,0,100.00,"",""
"benchmarks/xblock_wat/chainclashhq_78981882_e125988650fd.wat","SUPPORTED",80332,80332,0,100.00,"",""
"benchmarks/xblock_wat/chainclashhq_78982134_a719339c7e30.wat","SUPPORTED",79747,79747,0,100.00,"",""
"benchmarks/xblock_wat/chainclashhq_78982207_cddbe881ff6f.wat","SUPPORTED",79719,79719,0,100.00,"",""
"benchmarks/xblock_wat/chainclashhq_78982261_c394fe88571e.wat","SUPPORTED",79690,79690,0,100.00,"",""
"benchmarks/xblock_wat/chainclashhq_78982638_702f0b565380.wat","SUPPORTED",80304,80304,0,100.00,"",""
"benchmarks/xblock_wat/chainclashhq_78990015_dee477bf988f.wat","SUPPORTED",80247,80247,0,100.00,"",""
"benchmarks/xblock_wat/chainclashhq_80031812_01d5166547da.wat","SUPPORTED",80319,80319,0,100.00,"",""
"benchmarks/xblock_wat/chainclashhq_81400105_5be2f165b4ac.wat","SUPPORTED",82051,82051,0,100.00,"",""
"benchmarks/xblock_wat/chainclashhq_84848697_06bb9cd77850.wat","SUPPORTED",112557,112557,0,100.00,"",""
"benchmarks/xblock_wat/chainclashhq_84850552_294ec87b19a3.wat","SUPPORTED",112557,112557,0,100.00,"",""
"benchmarks/xblock_wat/chainclashhq_84990452_510c91b559b8.wat","SUPPORTED",112557,112557,0,100.00,"",""
"benchmarks/xblock_wat/chainclashhq_84990717_c9fff3d581bb.wat","SUPPORTED",112562,112562,0,100.00,"",""
"benchmarks/xblock_wat/chainclashhq_87784240_92a21d8661cf.wat","SUPPORTED",113723,113723,0,100.00,"",""
"benchmarks/xblock_wat/chainclashtk_71229062_ee9173460fdb.wat","SUPPORTED",7892,7892,0,100.00,"",""
"benchmarks/xblock_wat/chainclashtk_71229406_2383b7fd7532.wat","SUPPORTED",7892,7892,0,100.00,"",""
"benchmarks/xblock_wat/chaingame123_10478440_d65e54caec15.wat","SUPPORTED",25064,25064,0,100.00,"",""
"benchmarks/xblock_wat/chaingame123_10484033_edd33c4f3d11.wat","SUPPORTED",25064,25064,0,100.00,"",""
"benchmarks/xblock_wat/chainknights_81879818_2770810e6466.wat","SUPPORTED",52314,52314,0,100.00,"",""
"benchmarks/xblock_wat/chainknights_83913404_5e0cce2c187c.wat","SUPPORTED",46784,46784,0,100.00,"",""
"benchmarks/xblock_wat/chainknights_83919564_870e8fb04b2f.wat","SUPPORTED",49100,49100,0,100.00,"",""
"benchmarks/xblock_wat/chainknights_84088414_8a88510876a8.wat","SUPPORTED",50366,50366,0,100.00,"",""
"benchmarks/xblock_wat/chainknights_84129886_5aa91faf1dd8.wat","SUPPORTED",50354,50354,0,100.00,"",""
"benchmarks/xblock_wat/chainknights_84462235_6321182cbee9.wat","SUPPORTED",51835,51835,0,100.00,"",""
"benchmarks/xblock_wat/chainknights_86201415_182d484cad33.wat","SUPPORTED",51513,51513,0,100.00,"",""
"benchmarks/xblock_wat/chainknights_89837214_a0a63584f62a.wat","SUPPORTED",56150,56150,0,100.00,"",""
"benchmarks/xblock_wat/chainknights_89841235_49d07a7ba9ca.wat","SUPPORTED",56185,56185,0,100.00,"",""
"benchmarks/xblock_wat/chainriftprx_14641723_fb8f6ba9d707.wat","SUPPORTED",9855,9855,0,100.00,"",""
"benchmarks/xblock_wat/chaintuotuo1_23241207_a4030304fe70.wat","SUPPORTED",11658,11658,0,100.00,"",""
"benchmarks/xblock_wat/chaintuotuo1_23261224_6c16e3366c2d.wat","SUPPORTED",11651,11651,0,100.00,"",""
"benchmarks/xblock_wat/chaintuotuo1_23266539_061ad751dd1d.wat","SUPPORTED",11749,11749,0,100.00,"",""
"benchmarks/xblock_wat/chaintuotuo1_23270047_6e9f1a5122c0.wat","SUPPORTED",11776,11776,0,100.00,"",""
"benchmarks/xblock_wat/chaintuotuo1_23270640_c2cc600175b6.wat","SUPPORTED",11776,11776,0,100.00,"",""
"benchmarks/xblock_wat/chaintuotuo2_24460460_e7f8b54898e1.wat","SUPPORTED",14696,14696,0,100.00,"",""
"benchmarks/xblock_wat/chaintuotuo2_24467372_382f87083176.wat","SUPPORTED",14965,14965,0,100.00,"",""
"benchmarks/xblock_wat/chaintuotuo2_24489722_f21f60d066ad.wat","SUPPORTED",14606,14606,0,100.00,"",""
"benchmarks/xblock_wat/chaintuotuo2_24933365_16bcb8f66430.wat","SUPPORTED",15040,15040,0,100.00,"",""
"benchmarks/xblock_wat/chaintuotuo2_24933994_38b8a1153312.wat","SUPPORTED",14622,14622,0,100.00,"",""
"benchmarks/xblock_wat/chaintuotuo2_24981669_962f5237810d.wat","SUPPORTED",15124,15124,0,100.00,"",""
"benchmarks/xblock_wat/chainupsaas2_59280396_fbe7000eb9f0.wat","SUPPORTED",2596,2596,0,100.00,"",""
"benchmarks/xblock_wat/chairpersons_31317630_651b0ebece06.wat","SUPPORTED",16424,16424,0,100.00,"",""
"benchmarks/xblock_wat/chairpersons_31318681_cd18ea0b3392.wat","SUPPORTED",16411,16411,0,100.00,"",""
"benchmarks/xblock_wat/chairpersons_31328839_603120863e58.wat","SUPPORTED",16437,16437,0,100.00,"",""
"benchmarks/xblock_wat/chairpersons_31329063_711252a74e27.wat","SUPPORTED",16449,16449,0,100.00,"",""
"benchmarks/xblock_wat/chairpersons_31329490_63e2e6dc81b4.wat","SUPPORTED",14837,14837,0,100.00,"",""
"benchmarks/xblock_wat/chairpersons_31329689_8c7cf03e29c4.wat","SUPPORTED",8203,8203,0,100.00,"",""
"benchmarks/xblock_wat/chairpersons_31330029_892076fc82c9.wat","SUPPORTED",14131,14131,0,100.00,"",""
"benchmarks/xblock_wat/chairpersons_31336428_a4a27077845f.wat","SUPPORTED",16406,16406,0,100.00,"",""
"benchmarks/xblock_wat/chairpersons_31336554_849ed4991a31.wat","SUPPORTED",16393,16393,0,100.00,"",""
"benchmarks/xblock_wat/chairpersons_31350118_8c0434f3080c.wat","SUPPORTED",17039,17039,0,100.00,"",""
"benchmarks/xblock_wat/chairpersons_31350650_00bb3dd1a69d.wat","SUPPORTED",16835,16835,0,100.00,"",""
"benchmarks/xblock_wat/chairpersons_31352600_91e245fcfbda.wat","SUPPORTED",16453,16453,0,100.00,"",""
"benchmarks/xblock_wat/chairpersons_31473150_29cc6e8398cd.wat","SUPPORTED",16613,16613,0,100.00,"",""
"benchmarks/xblock_wat/chairpersons_31975908_e90c8edfbc31.wat","SUPPORTED",25249,25249,0,100.00,"",""
"benchmarks/xblock_wat/chairpersons_32164835_1ae7dcd56082.wat","SUPPORTED",25795,25795,0,100.00,"",""
"benchmarks/xblock_wat/chairpersons_32165385_1d8ca3e23bcf.wat","SUPPORTED",27318,27318,0,100.00,"",""
"benchmarks/xblock_wat/chairpersons_38085307_94995e811498.wat","SUPPORTED",17092,17092,0,100.00,"",""
"benchmarks/xblock_wat/chairpersons_38086733_0d588bb8ba60.wat","SUPPORTED",17070,17070,0,100.00,"",""
"benchmarks/xblock_wat/chairpersons_38088152_a73b98bdc173.wat","SUPPORTED",17070,17070,0,100.00,"",""
"benchmarks/xblock_wat/chairpersons_38090740_675ddc348f7f.wat","SUPPORTED",17070,17070,0,100.00,"",""
"benchmarks/xblock_wat/chairpersons_38091583_94412ced9a38.wat","SUPPORTED",17070,17070,0,100.00,"",""
"benchmarks/xblock_wat/chairpersons_38555855_d12db6c5b151.wat","SUPPORTED",18274,18274,0,100.00,"",""
"benchmarks/xblock_wat/chairpersons_38558602_5d01271c618b.wat","SUPPORTED",18666,18666,0,100.00,"",""
"benchmarks/xblock_wat/chairpersons_38562527_837e0a82b868.wat","SUPPORTED",18353,18353,0,100.00,"",""
"benchmarks/xblock_wat/chairpersons_38562905_ba8439333d37.wat","SUPPORTED",18482,18482,0,100.00,"",""
"benchmarks/xblock_wat/chairpersons_38569439_20cfe880f7a7.wat","SUPPORTED",5576,5576,0,100.00,"",""
"benchmarks/xblock_wat/chairpersons_38574936_6b6f46427249.wat","SUPPORTED",19837,19837,0,100.00,"",""
"benchmarks/xblock_wat/chairpersons_38575817_45ef4437a656.wat","SUPPORTED",19524,19524,0,100.00,"",""
"benchmarks/xblock_wat/chairpersons_38584205_22fbe6d320ae.wat","SUPPORTED",25171,25171,0,100.00,"",""
"benchmarks/xblock_wat/chairpersons_38584938_6d3420f254d6.wat","SUPPORTED",25167,25167,0,100.00,"",""
"benchmarks/xblock_wat/chalcedonies_35639857_bfd9a319fd3d.wat","SUPPORTED",26022,26022,0,100.00,"",""
"benchmarks/xblock_wat/chalcopyrite_35654386_1a1264343278.wat","SUPPORTED",26023,26023,0,100.00,"",""
"benchmarks/xblock_wat/chalcopyrite_35656478_36387f6f5e3e.wat","SUPPORTED",26022,26022,0,100.00,"",""
"benchmarks/xblock_wat/chalcopyrite_35657260_8bbe527c1266.wat","SUPPORTED",26063,26063,0,100.00,"",""
"benchmarks/xblock_wat/challengechl_50014687_6777bae4f5c6.wat","SUPPORTED",24323,24323,0,100.00,"",""
"benchmarks/xblock_wat/challengechl_59083196_5bd0c30f85b8.wat","SUPPORTED",24734,24734,0,100.00,"",""
"benchmarks/xblock_wat/challengechl_59083776_75cd152ff016.wat","SUPPORTED",24734,24734,0,100.00,"",""
"benchmarks/xblock_wat/challengechl_59084070_2504d35d0796.wat","SUPPORTED",24735,24735,0,100.00,"",""
"benchmarks/xblock_wat/challengechl_59084642_d65461882126.wat","SUPPORTED",24506,24506,0,100.00,"",""
"benchmarks/xblock_wat/challengechl_75017688_d94ed4062ae6.wat","SUPPORTED",5899,5899,0,100.00,"",""
"benchmarks/xblock_wat/challengedac_4711352_2038a34c8bed.wat","SUPPORTED",8126,8126,0,100.00,"",""
"benchmarks/xblock_wat/challengedap_33232926_8725b03b494c.wat","SUPPORTED",24245,24245,0,100.00,"",""
"benchmarks/xblock_wat/challengedap_34451119_ce3b3051308e.wat","SUPPORTED",24734,24734,0,100.00,"",""
"benchmarks/xblock_wat/challengedap_34453353_a470d91f5f56.wat","SUPPORTED",23783,23783,0,100.00,"",""
"benchmarks/xblock_wat/challengedap_34461067_11da7fe03560.wat","SUPPORTED",24232,24232,0,100.00,"",""
"benchmarks/xblock_wat/challengeyou_75022831_7abc4e4edbb3.wat","SUPPORTED",38182,38182,0,100.00,"",""
"benchmarks/xblock_wat/challengeyou_75033155_d3ce329f4384.wat","SUPPORTED",33768,33768,0,100.00,"",""
"benchmarks/xblock_wat/challengeyou_75036462_fd16b311f254.wat","SUPPORTED",33514,33514,0,100.00,"",""
"benchmarks/xblock_wat/challengeyou_75037621_f5a801df1425.wat","SUPPORTED",33770,33770,0,100.00,"",""
"benchmarks/xblock_wat/chandashiwsm_46031048_f1cc349e7779.wat","SUPPORTED",2934,2934,0,100.00,"",""
"benchmarks/xblock_wat/characterful_85143072_8930441cb707.wat","SUPPORTED",3387,3387,0,100.00,"",""
"benchmarks/xblock_wat/characterful_85161699_20a452366a8d.wat","SUPPORTED",3412,3412,0,100.00,"",""
"benchmarks/xblock_wat/characterful_85163057_56f875a34b8f.wat","SUPPORTED",3380,3380,0,100.00,"",""
"benchmarks/xblock_wat/characterful_85163560_f1947b385916.wat","SUPPORTED",3377,3377,0,100.00,"",""
"benchmarks/xblock_wat/characterful_89320613_3335ed0b79b8.wat","SUPPORTED",3015,3015,0,100.00,"",""
"benchmarks/xblock_wat/characterful_89321560_7a950635d385.wat","SUPPORTED",3015,3015,0,100.00,"",""
"benchmarks/xblock_wat/characterful_89322623_b4e210d026b1.wat","SUPPORTED",3019,3019,0,100.00,"",""
"benchmarks/xblock_wat/characterful_89324263_f522c7050ec1.wat","SUPPORTED",3019,3019,0,100.00,"",""
"benchmarks/xblock_wat/characterful_89324693_088804604ebb.wat","SUPPORTED",3019,3019,0,100.00,"",""
"benchmarks/xblock_wat/characterful_89327858_d584cb1d5107.wat","SUPPORTED",3019,3019,0,100.00,"",""
"benchmarks/xblock_wat/characterful_89328349_02c3128e5adb.wat","SUPPORTED",3019,3019,0,100.00,"",""
"benchmarks/xblock_wat/characterful_89527524_ef4079d79ae8.wat","SUPPORTED",3703,3703,0,100.00,"",""
"benchmarks/xblock_wat/characterful_89528394_eb39d1bdc416.wat","SUPPORTED",3563,3563,0,100.00,"",""
"benchmarks/xblock_wat/characterful_89529076_71597a062762.wat","SUPPORTED",3552,3552,0,100.00,"",""
"benchmarks/xblock_wat/characterful_89529575_978a0b48e57b.wat","SUPPORTED",3555,3555,0,100.00,"",""
"benchmarks/xblock_wat/characterful_89532105_70664252dadd.wat","SUPPORTED",3557,3557,0,100.00,"",""
"benchmarks/xblock_wat/cheeeaterdev_79152141_8c0a33f11e71.wat","SUPPORTED",209,209,0,100.00,"",""
"benchmarks/xblock_wat/cheeeaterdev_79152226_bb424ff8294f.wat","SUPPORTED",209,209,0,100.00,"",""
"benchmarks/xblock_wat/cheeeaterdev_79153691_bd26b164bc75.wat","SUPPORTED",209,209,0,100.00,"",""
"benchmarks/xblock_wat/chengwei2222_26870134_74209a5af6dd.wat","SUPPORTED",32328,32328,0,100.00,"",""
"benchmarks/xblock_wat/chengwei2222_26870363_d60e40a28285.wat","SUPPORTED",33434,33434,0,100.00,"",""
"benchmarks/xblock_wat/chenzexin233_50356370_e1ba2439055a.wat","SUPPORTED",45110,45110,0,100.00,"",""
"benchmarks/xblock_wat/chenzexin233_50454487_d6a5db3fca84.wat","SUPPORTED",45110,45110,0,100.00,"",""
"benchmarks/xblock_wat/chenzexin233_50520253_d3ff89573f36.wat","SUPPORTED",45110,45110,0,100.00,"",""
"benchmarks/xblock_wat/chessiotoken_35677884_228bcf98c937.wat","SUPPORTED",8714,8714,0,100.00,"",""
"benchmarks/xblock_wat/chessiotoken_36150478_1b679c8cb144.wat","SUPPORTED",8371,8371,0,100.00,"",""
"benchmarks/xblock_wat/chessiotoken_43248734_1cf406193beb.wat","SUPPORTED",10232,10232,0,100.00,"",""
"benchmarks/xblock_wat/chesspresale_35998977_8ce25a28dcaa.wat","SUPPORTED",5209,5209,0,100.00,"",""
"benchmarks/xblock_wat/chexchexchex_51526518_c130eb9b7df1.wat","SUPPORTED",21169,21169,0,100.00,"",""
"benchmarks/xblock_wat/chexchexchex_70930096_f161a5ef454a.wat","SUPPORTED",23470,23470,0,100.00,"",""
"benchmarks/xblock_wat/chigago.bank_43015722_220dafd4bd8a.wat","SUPPORTED",10030,10030,0,100.00,"",""
"benchmarks/xblock_wat/chigago.bank_43017326_1502d71ba80f.wat","SUPPORTED",8289,8289,0,100.00,"",""
"benchmarks/xblock_wat/chigago.bank_43040427_d6400d70caca.wat","SUPPORTED",7637,7637,0,100.00,"",""
"benchmarks/xblock_wat/chigago.bank_43041533_148795601808.wat","SUPPORTED",8159,8159,0,100.00,"",""
"benchmarks/xblock_wat/chigago.bank_43042093_e8a536869be7.wat","SUPPORTED",8159,8159,0,100.00,"",""
"benchmarks/xblock_wat/chigago.bank_43042968_fdaf359d8c8d.wat","SUPPORTED",8140,8140,0,100.00,"",""
"benchmarks/xblock_wat/chigago.bank_43043988_d99937357c40.wat","SUPPORTED",8140,8140,0,100.00,"",""
"benchmarks/xblock_wat/chigago.bank_43044829_1ef6ea7540da.wat","SUPPORTED",8270,8270,0,100.00,"",""
"benchmarks/xblock_wat/chinaplayers_20318602_19a8b757c09d.wat","SUPPORTED",8258,8258,0,100.00,"",""
"benchmarks/xblock_wat/chinaplayers_20377723_856e356485ce.wat","SUPPORTED",8256,8256,0,100.00,"",""
"benchmarks/xblock_wat/chinaplayers_20381869_315d36fb17db.wat","SUPPORTED",8230,8230,0,100.00,"",""
"benchmarks/xblock_wat/chinaplayers_20496209_21b3c11b0427.wat","SUPPORTED",8300,8300,0,100.00,"",""
"benchmarks/xblock_wat/chinaplayers_20499811_6c667c3fb11a.wat","SUPPORTED",8225,8225,0,100.00,"",""
"benchmarks/xblock_wat/chinaplayers_20502267_c78b426d17cb.wat","SUPPORTED",8109,8109,0,100.00,"",""
"benchmarks/xblock_wat/chinaplayers_20503597_88e4936a0111.wat","SUPPORTED",8119,8119,0,100.00,"",""
"benchmarks/xblock_wat/chinaplayers_20504710_874fadb00f47.wat","SUPPORTED",8167,8167,0,100.00,"",""
"benchmarks/xblock_wat/chinaplayers_20505028_d7267a505812.wat","SUPPORTED",8162,8162,0,100.00,"",""
"benchmarks/xblock_wat/chinaplayers_20511730_3c744ae7580d.wat","SUPPORTED",8186,8186,0,100.00,"",""
"benchmarks/xblock_wat/chinaplayers_20522315_c404cd79592e.wat","SUPPORTED",8291,8291,0,100.00,"",""
"benchmarks/xblock_wat/chinaplayers_20523967_9708e886813e.wat","SUPPORTED",8618,8618,0,100.00,"",""
"benchmarks/xblock_wat/chinaplayers_20525625_a7ea4ba03bde.wat","SUPPORTED",8509,8509,0,100.00,"",""
"benchmarks/xblock_wat/chinaplayers_20526262_1d7b6d68a67e.wat","SUPPORTED",8509,8509,0,100.00,"",""
"benchmarks/xblock_wat/chinaplayers_20527934_573ce2becdcd.wat","SUPPORTED",8415,8415,0,100.00,"",""
"benchmarks/xblock_wat/chinaplayers_20531998_c1616acb00c2.wat","SUPPORTED",8515,8515,0,100.00,"",""
"benchmarks/xblock_wat/chinaplayers_20532389_326dff3a203f.wat","SUPPORTED",8459,8459,0,100.00,"",""
"benchmarks/xblock_wat/chinaplayers_20532621_61c202f99680.wat","SUPPORTED",8449,8449,0,100.00,"",""
"benchmarks/xblock_wat/chinaplayers_20533255_c09173e58a0a.wat","SUPPORTED",8491,8491,0,100.00,"",""
"benchmarks/xblock_wat/chinaplayers_20534616_c97d6918a92c.wat","SUPPORTED",8592,8592,0,100.00,"",""
"benchmarks/xblock_wat/chinaplayers_20534788_aac7bfe7bba8.wat","SUPPORTED",8629,8629,0,100.00,"",""
"benchmarks/xblock_wat/chinaplayers_20535445_48f502bee6a1.wat","SUPPORTED",8188,8188,0,100.00,"",""
"benchmarks/xblock_wat/chinaplayers_20537514_149ecc76955c.wat","SUPPORTED",8062,8062,0,100.00,"",""
"benchmarks/xblock_wat/chinaplayers_20538005_87c6274f0720.wat","SUPPORTED",8171,8171,0,100.00,"",""
"benchmarks/xblock_wat/chinaplayers_20538526_b30975ae2781.wat","SUPPORTED",8171,8171,0,100.00,"",""
"benchmarks/xblock_wat/chinaplayers_20540639_9560e7c9de52.wat","SUPPORTED",8169,8169,0,100.00,"",""
"benchmarks/xblock_wat/chinaplayers_20543333_31a18a0827c4.wat","SUPPORTED",8169,8169,0,100.00,"",""
"benchmarks/xblock_wat/chinaplayers_20543704_ee8f250af5c9.wat","SUPPORTED",8273,8273,0,100.00,"",""
"benchmarks/xblock_wat/chinaplayers_20544865_a9708f262978.wat","SUPPORTED",8208,8208,0,100.00,"",""
"benchmarks/xblock_wat/chinaplayers_20545051_34e5cd8fc922.wat","SUPPORTED",8104,8104,0,100.00,"",""
"benchmarks/xblock_wat/chinaplayers_20545279_dd92dcc73563.wat","SUPPORTED",7633,7633,0,100.00,"",""
"benchmarks/xblock_wat/chinaplayers_20545788_d3743a96ad05.wat","SUPPORTED",7665,7665,0,100.00,"",""
"benchmarks/xblock_wat/chinaplayers_20546377_5ccf9d0d8b04.wat","SUPPORTED",7909,7909,0,100.00,"",""
"benchmarks/xblock_wat/chinaplayers_20547119_5138b0609c18.wat","SUPPORTED",8562,8562,0,100.00,"",""
"benchmarks/xblock_wat/chinaplayers_20548074_2bb31361a663.wat","SUPPORTED",8732,8732,0,100.00,"",""
"benchmarks/xblock_wat/chinaplayers_20548476_cea55814b62a.wat","SUPPORTED",8844,8844,0,100.00,"",""
"benchmarks/xblock_wat/chinaplayers_20688239_7c38289afbe2.wat","SUPPORTED",8838,8838,0,100.00,"",""
"benchmarks/xblock_wat/chinaplayers_20705600_eba12dc996a3.wat","SUPPORTED",8916,8916,0,100.00,"",""
"benchmarks/xblock_wat/chinaplayers_20713921_b272d2252f2a.wat","SUPPORTED",8916,8916,0,100.00,"",""
"benchmarks/xblock_wat/chinaplayers_21255721_aba51ccccc1e.wat","SUPPORTED",9030,9030,0,100.00,"",""
"benchmarks/xblock_wat/chinesegamer_14370667_2162061cfcfb.wat","SUPPORTED",30147,30147,0,100.00,"",""
"benchmarks/xblock_wat/chinesegamer_14375806_2c8e8c1f94f6.wat","SUPPORTED",30147,30147,0,100.00,"",""
"benchmarks/xblock_wat/chinesegamer_15049596_3f4dbded7cfb.wat","SUPPORTED",30104,30104,0,100.00,"",""
"benchmarks/xblock_wat/chinesegamer_15490898_cf0aeae03d52.wat","SUPPORTED",30746,30746,0,100.00,"",""
"benchmarks/xblock_wat/chinesegamer_15493892_44ab03300232.wat","SUPPORTED",31175,31175,0,100.00,"",""
"benchmarks/xblock_wat/chinesegamer_15494379_200bdd2f9879.wat","SUPPORTED",31911,31911,0,100.00,"",""
"benchmarks/xblock_wat/chinesegamer_16504115_1157d0ed616e.wat","SUPPORTED",32296,32296,0,100.00,"",""
"benchmarks/xblock_wat/chinesegamer_16507667_5a1e6dc208b8.wat","SUPPORTED",32290,32290,0,100.00,"",""
"benchmarks/xblock_wat/chinesegamer_16508772_f188bbdec56e.wat","SUPPORTED",32363,32363,0,100.00,"",""
"benchmarks/xblock_wat/chinesegamer_17239093_ac7b18794c1b.wat","SUPPORTED",32838,32838,0,100.00,"",""
"benchmarks/xblock_wat/chinesegamer_17785787_75f447c206cd.wat","SUPPORTED",32838,32838,0,100.00,"",""
"benchmarks/xblock_wat/chinesegamer_17788252_ab59c9b670e0.wat","SUPPORTED",32838,32838,0,100.00,"",""
"benchmarks/xblock_wat/chinesegamer_18474726_311bbf706082.wat","SUPPORTED",33191,33191,0,100.00,"",""
"benchmarks/xblock_wat/chinesegamer_21009485_e24ec98ab539.wat","SUPPORTED",33191,33191,0,100.00,"",""
"benchmarks/xblock_wat/chinesegamer_21013713_92645493bde9.wat","SUPPORTED",33198,33198,0,100.00,"",""
"benchmarks/xblock_wat/chintaidevop_71598432_523870e005af.wat","SUPPORTED",20748,20748,0,100.00,"",""
"benchmarks/xblock_wat/chintailease_19530150_cf148ab7856f.wat","SUPPORTED",75419,75419,0,100.00,"",""
"benchmarks/xblock_wat/chintailease_21722204_abf5e74aef3c.wat","SUPPORTED",75712,75712,0,100.00,"",""
"benchmarks/xblock_wat/chintailease_22104863_9bc3219a62ee.wat","SUPPORTED",81007,81007,0,100.00,"",""
"benchmarks/xblock_wat/chintailease_23082723_423e62169ae0.wat","SUPPORTED",81540,81540,0,100.00,"",""
"benchmarks/xblock_wat/chintailease_23097350_3521b2a2cb27.wat","SUPPORTED",81524,81524,0,100.00,"",""
"benchmarks/xblock_wat/chintailease_24282795_813b27058b3c.wat","SUPPORTED",82817,82817,0,100.00,"",""
"benchmarks/xblock_wat/chintailease_24335020_3289941e1560.wat","SUPPORTED",82576,82576,0,100.00,"",""
"benchmarks/xblock_wat/chintailease_24338982_a3ea1997f7e0.wat","SUPPORTED",82269,82269,0,100.00,"",""
"benchmarks/xblock_wat/chintailease_24441885_c4db273d6691.wat","SUPPORTED",82109,82109,0,100.00,"",""
"benchmarks/xblock_wat/chintailease_25538907_cb11caaed157.wat","SUPPORTED",81021,81021,0,100.00,"",""
"benchmarks/xblock_wat/chintailease_31758289_2c7deca09101.wat","SUPPORTED",85823,85823,0,100.00,"",""
"benchmarks/xblock_wat/chintailease_31788497_fe6cfb9b306a.wat","SUPPORTED",85821,85821,0,100.00,"",""
"benchmarks/xblock_wat/chintailease_31808695_ffce200a7850.wat","SUPPORTED",86701,86701,0,100.00,"",""
"benchmarks/xblock_wat/chintailease_32264779_bd33c48755ec.wat","SUPPORTED",82291,82291,0,100.00,"",""
"benchmarks/xblock_wat/chintailease_32268472_278f38244c39.wat","SUPPORTED",82166,82166,0,100.00,"",""
"benchmarks/xblock_wat/chintailease_57468734_6651a4a67550.wat","SUPPORTED",81749,81749,0,100.00,"",""
"benchmarks/xblock_wat/chintaiowner_51671017_1b24f70b533e.wat","SUPPORTED",22727,22727,0,100.00,"",""
"benchmarks/xblock_wat/chintaiowner_52027422_6e7c9205aa2f.wat","SUPPORTED",23149,23149,0,100.00,"",""
"benchmarks/xblock_wat/chintaiowner_53210585_99fb93ec2289.wat","SUPPORTED",23347,23347,0,100.00,"",""
"benchmarks/xblock_wat/chintaiowner_77594870_9bc9bf6a0258.wat","SUPPORTED",26533,26533,0,100.00,"",""
"benchmarks/xblock_wat/chuhanfight1_11960219_dc3dcd09feb2.wat","SUPPORTED",12566,12566,0,100.00,"",""
"benchmarks/xblock_wat/cimilesgames_27938080_1242827c234c.wat","SUPPORTED",16573,16573,0,100.00,"",""
"benchmarks/xblock_wat/cimilesgames_28078036_0e1886c341b4.wat","SUPPORTED",16872,16872,0,100.00,"",""
"benchmarks/xblock_wat/cimilesgames_28106728_4b31eda6b77e.wat","SUPPORTED",16872,16872,0,100.00,"",""
"benchmarks/xblock_wat/cimilesgames_28239450_4794480cb29e.wat","SUPPORTED",17078,17078,0,100.00,"",""
"benchmarks/xblock_wat/cimilesgames_28263979_b42007b55ac2.wat","SUPPORTED",19563,19563,0,100.00,"",""
"benchmarks/xblock_wat/cimilesgames_28264421_45a4a19b5763.wat","SUPPORTED",19588,19588,0,100.00,"",""
"benchmarks/xblock_wat/cimilesgames_28264498_23f6c97f1ca8.wat","SUPPORTED",19588,19588,0,100.00,"",""
"benchmarks/xblock_wat/claimlmtoken_70011619_c41bab95c74f.wat","SUPPORTED",24000,24000,0,100.00,"",""
"benchmarks/xblock_wat/claimlmtoken_70019720_2aae8d613f2b.wat","SUPPORTED",24000,24000,0,100.00,"",""
"benchmarks/xblock_wat/claimlmtoken_70625099_a994de7a850c.wat","SUPPORTED",24000,24000,0,100.00,"",""
"benchmarks/xblock_wat/claimlmtoken_73073151_05d874d880a6.wat","SUPPORTED",26458,26458,0,100.00,"",""
"benchmarks/xblock_wat/claimlmtoken_74106623_6dcda62fbca0.wat","SUPPORTED",26633,26633,0,100.00,"",""
"benchmarks/xblock_wat/claimlmtoken_74106885_e0e442e4a3ac.wat","SUPPORTED",26969,26969,0,100.00,"",""
"benchmarks/xblock_wat/claimlmtoken_89800900_d2bc05e0f8b8.wat","SUPPORTED",26956,26956,0,100.00,"",""
"benchmarks/xblock_wat/claimlmtoken_89809982_0c63919b2629.wat","SUPPORTED",26956,26956,0,100.00,"",""
"benchmarks/xblock_wat/claimlongmen_89816461_76bff3c69cce.wat","SUPPORTED",26956,26956,0,100.00,"",""
"benchmarks/xblock_wat/claimlongmen_89964878_623a29cd2177.wat","SUPPORTED",26956,26956,0,100.00,"",""
"benchmarks/xblock_wat/claimthatvig_85062973_87497c033643.wat","SUPPORTED",12892,12892,0,100.00,"",""
"benchmarks/xblock_wat/clashpresale_88119690_2556c80b9670.wat","SUPPORTED",27536,27536,0,100.00,"",""
"benchmarks/xblock_wat/cloudblocktt_30670772_e11000a5e090.wat","SUPPORTED",7794,7794,0,100.00,"",""
"benchmarks/xblock_wat/clowread1234_27953027_d8865b92367c.wat","SUPPORTED",1955,1955,0,100.00,"",""
"benchmarks/xblock_wat/clowread1234_27959064_bdf035c8bf15.wat","SUPPORTED",1955,1955,0,100.00,"",""
"benchmarks/xblock_wat/clustergame1_84475939_018ae7caa92a.wat","SUPPORTED",39774,39774,0,100.00,"",""
"benchmarks/xblock_wat/clustergame1_84494852_f9267eba4d3a.wat","SUPPORTED",39872,39872,0,100.00,"",""
"benchmarks/xblock_wat/clustergame1_84499655_b086fc451d17.wat","SUPPORTED",39868,39868,0,100.00,"",""
"benchmarks/xblock_wat/clustergame1_84514500_d3b3bbf4e306.wat","SUPPORTED",32077,32077,0,100.00,"",""
"benchmarks/xblock_wat/clustergame1_84581247_181a569d5c90.wat","SUPPORTED",39206,39206,0,100.00,"",""
"benchmarks/xblock_wat/clustergame1_84608114_7b995697f785.wat","SUPPORTED",33145,33145,0,100.00,"",""
"benchmarks/xblock_wat/clustergame1_84608742_78166ba23618.wat","SUPPORTED",33145,33145,0,100.00,"",""
"benchmarks/xblock_wat/clustergame1_84769424_6cb7987c32db.wat","SUPPORTED",32083,32083,0,100.00,"",""
"benchmarks/xblock_wat/clustergame1_84776836_f2a7051b2e0b.wat","SUPPORTED",32199,32199,0,100.00,"",""
"benchmarks/xblock_wat/clustergame1_84812821_448151704ef7.wat","SUPPORTED",32824,32824,0,100.00,"",""
"benchmarks/xblock_wat/clustergame2_74235450_3c0cd547b049.wat","SUPPORTED",48409,48409,0,100.00,"",""
"benchmarks/xblock_wat/clustergame2_74251003_312c2d6f8fb2.wat","SUPPORTED",48397,48397,0,100.00,"",""
"benchmarks/xblock_wat/clustergame2_74328259_bd0922a8c363.wat","SUPPORTED",48407,48407,0,100.00,"",""
"benchmarks/xblock_wat/clustergame2_74522345_43ee82279ab4.wat","SUPPORTED",53852,53852,0,100.00,"",""
"benchmarks/xblock_wat/clustergame2_74523342_71a6f2afe172.wat","SUPPORTED",52543,52543,0,100.00,"",""
"benchmarks/xblock_wat/clustergame2_74608621_aa88f627f823.wat","SUPPORTED",52733,52733,0,100.00,"",""
"benchmarks/xblock_wat/clustergame2_74653671_d43ad5fa86aa.wat","SUPPORTED",54512,54512,0,100.00,"",""
"benchmarks/xblock_wat/clustergame2_74653904_db0fa0be024c.wat","SUPPORTED",52794,52794,0,100.00,"",""
"benchmarks/xblock_wat/clustergame2_74796867_f1c9b0571bce.wat","SUPPORTED",52708,52708,0,100.00,"",""
"benchmarks/xblock_wat/clustergame2_74969722_ca0e6d55f2d4.wat","SUPPORTED",52702,52702,0,100.00,"",""
"benchmarks/xblock_wat/clustergame2_75157740_f6d9ec16e854.wat","SUPPORTED",53282,53282,0,100.00,"",""
"benchmarks/xblock_wat/clustergame2_75158008_167d977d6e71.wat","SUPPORTED",52754,52754,0,100.00,"",""
"benchmarks/xblock_wat/clustergame2_76850238_8ea795ce4b00.wat","SUPPORTED",52308,52308,0,100.00,"",""
"benchmarks/xblock_wat/cmug2usdcvrt_65685132_60b93d98d880.wat","SUPPORTED",22109,22109,0,100.00,"",""
"benchmarks/xblock_wat/cneostoolkit_17557875_3a53c861f2e3.wat","SUPPORTED",4017,4017,0,100.00,"",""
"benchmarks/xblock_wat/cobocobocobo_45116187_65652dc77792.wat","SUPPORTED",2437,2437,0,100.00,"",""
"benchmarks/xblock_wat/cochainhello_57868136_07cef5677dd5.wat","SUPPORTED",21040,21040,0,100.00,"",""
"benchmarks/xblock_wat/cochainhello_57885765_449db100711c.wat","SUPPORTED",21232,21232,0,100.00,"",""
"benchmarks/xblock_wat/cochainhello_57886774_a515e8222ff8.wat","SUPPORTED",21232,21232,0,100.00,"",""
"benchmarks/xblock_wat/cochainhello_57929866_21105f061a03.wat","SUPPORTED",21233,21233,0,100.00,"",""
"benchmarks/xblock_wat/cochainhello_58037629_73ba11947f69.wat","SUPPORTED",21342,21342,0,100.00,"",""
"benchmarks/xblock_wat/cochainhello_58232046_2254bd7685cc.wat","SUPPORTED",21233,21233,0,100.00,"",""
"benchmarks/xblock_wat/cochainhello_58436253_cfddf212454b.wat","SUPPORTED",21241,21241,0,100.00,"",""
"benchmarks/xblock_wat/cochainhello_59111368_3c42596a72bb.wat","SUPPORTED",24037,24037,0,100.00,"",""
"benchmarks/xblock_wat/cochainhello_59116041_60c2f62bcb24.wat","SUPPORTED",24058,24058,0,100.00,"",""
"benchmarks/xblock_wat/cochainhello_59263832_35a7787cf526.wat","SUPPORTED",24091,24091,0,100.00,"",""
"benchmarks/xblock_wat/cochainhello_59264746_7ef7ace54668.wat","SUPPORTED",24012,24012,0,100.00,"",""
"benchmarks/xblock_wat/cochainhello_61314111_09ca9a7b5e9d.wat","SUPPORTED",25645,25645,0,100.00,"",""
"benchmarks/xblock_wat/cochainhello_61317194_8e912ab313c4.wat","SUPPORTED",25645,25645,0,100.00,"",""
"benchmarks/xblock_wat/cochainhello_61318617_91f0d656c710.wat","SUPPORTED",25997,25997,0,100.00,"",""
"benchmarks/xblock_wat/cochainhello_61323041_13c2e9ce9532.wat","SUPPORTED",25997,25997,0,100.00,"",""
"benchmarks/xblock_wat/cochainhello_61350786_18fc7a4a9665.wat","SUPPORTED",26330,26330,0,100.00,"",""
"benchmarks/xblock_wat/cocogame1111_38077902_ef4a0615f663.wat","SUPPORTED",8039,8039,0,100.00,"",""
"benchmarks/xblock_wat/cocogame1111_42695579_4890c04a546d.wat","SUPPORTED",2343,2343,0,100.00,"",""
"benchmarks/xblock_wat/cocogame1111_43037463_aba7b325f80c.wat","SUPPORTED",8086,8086,0,100.00,"",""
"benchmarks/xblock_wat/cocogame1111_43388189_9ea83c858142.wat","SUPPORTED",8624,8624,0,100.00,"",""
"benchmarks/xblock_wat/cocogame1111_43388531_12cf66a53d14.wat","SUPPORTED",8618,8618,0,100.00,"",""
"benchmarks/xblock_wat/cocogame1111_43388842_eefb5ff99343.wat","SUPPORTED",8618,8618,0,100.00,"",""
"benchmarks/xblock_wat/cocogame1111_43391044_a2bcd0ea480f.wat","SUPPORTED",8875,8875,0,100.00,"",""
"benchmarks/xblock_wat/cocogame1111_44060252_c53a8964a0e8.wat","SUPPORTED",8929,8929,0,100.00,"",""
"benchmarks/xblock_wat/cocogame2222_38077771_2951e0656694.wat","SUPPORTED",81904,81904,0,100.00,"",""
"benchmarks/xblock_wat/cocogame2222_38081626_3d84bbb8e188.wat","SUPPORTED",82170,82170,0,100.00,"",""
"benchmarks/xblock_wat/cocogame2222_38083311_a7f9586a710f.wat","SUPPORTED",82081,82081,0,100.00,"",""
"benchmarks/xblock_wat/cocogame2222_38184359_3b08cf02934b.wat","SUPPORTED",82081,82081,0,100.00,"",""
"benchmarks/xblock_wat/cocogame2222_38256436_0d980dfa0be2.wat","SUPPORTED",82507,82507,0,100.00,"",""
"benchmarks/xblock_wat/cocogame2222_38906636_8575d34a2810.wat","SUPPORTED",82741,82741,0,100.00,"",""
"benchmarks/xblock_wat/cocogame2222_38937787_bb55ac3d33b9.wat","SUPPORTED",82755,82755,0,100.00,"",""
"benchmarks/xblock_wat/cocogame2222_39246840_2f400b59849f.wat","SUPPORTED",83509,83509,0,100.00,"",""
"benchmarks/xblock_wat/cocogame2222_39253106_84f4dee240cc.wat","SUPPORTED",84751,84751,0,100.00,"",""
"benchmarks/xblock_wat/cocogame2222_39264438_88caa9150520.wat","SUPPORTED",84751,84751,0,100.00,"",""
"benchmarks/xblock_wat/cocogame2222_39394076_92133bee17c2.wat","SUPPORTED",84845,84845,0,100.00,"",""
"benchmarks/xblock_wat/cocogame2222_39421915_5afd6625b0d4.wat","SUPPORTED",84845,84845,0,100.00,"",""
"benchmarks/xblock_wat/cocogame2222_39585713_94925f66e7e4.wat","SUPPORTED",84845,84845,0,100.00,"",""
"benchmarks/xblock_wat/cocogame2222_39739512_8c071f6009b7.wat","SUPPORTED",85043,85043,0,100.00,"",""
"benchmarks/xblock_wat/cocogame2222_39741507_edc66a36622f.wat","SUPPORTED",85415,85415,0,100.00,"",""
"benchmarks/xblock_wat/cocogame2222_39743336_a1c63cfefcd7.wat","SUPPORTED",85386,85386,0,100.00,"",""
"benchmarks/xblock_wat/cocogame2222_39752722_88a5660de726.wat","SUPPORTED",85408,85408,0,100.00,"",""
"benchmarks/xblock_wat/cocogame2222_39753306_15901924a394.wat","SUPPORTED",85374,85374,0,100.00,"",""
"benchmarks/xblock_wat/cocogame2222_39753924_712925b107ed.wat","SUPPORTED",85374,85374,0,100.00,"",""
"benchmarks/xblock_wat/cocogame2222_39755274_000602594cce.wat","SUPPORTED",85408,85408,0,100.00,"",""
"benchmarks/xblock_wat/cocogame2222_39756427_e49038e59fe9.wat","SUPPORTED",85318,85318,0,100.00,"",""
"benchmarks/xblock_wat/cocogame2222_39757959_3522c13c4127.wat","SUPPORTED",85376,85376,0,100.00,"",""
"benchmarks/xblock_wat/cocogame2222_39758761_10a5f388d9a6.wat","SUPPORTED",85376,85376,0,100.00,"",""
"benchmarks/xblock_wat/cocogame2222_39761474_d06b9702d30d.wat","SUPPORTED",85318,85318,0,100.00,"",""
"benchmarks/xblock_wat/cocogame2222_39762019_df56e3129eaa.wat","SUPPORTED",85376,85376,0,100.00,"",""
"benchmarks/xblock_wat/cocogame2222_39762318_32dd9bcc0bff.wat","SUPPORTED",85125,85125,0,100.00,"",""
"benchmarks/xblock_wat/cocogame2222_39763704_f5839ebf695f.wat","SUPPORTED",84621,84621,0,100.00,"",""
"benchmarks/xblock_wat/cocogame2222_39765465_26db7894a6d7.wat","SUPPORTED",84621,84621,0,100.00,"",""
"benchmarks/xblock_wat/cocogame2222_39774189_4504a46bc969.wat","SUPPORTED",85151,85151,0,100.00,"",""
"benchmarks/xblock_wat/cocogame2222_42005508_ae39a2d279ae.wat","SUPPORTED",109457,109457,0,100.00,"",""
"benchmarks/xblock_wat/cocogame2222_42176576_75ca33539a55.wat","SUPPORTED",109459,109459,0,100.00,"",""
"benchmarks/xblock_wat/cocogame2222_42312724_5cf65c2dcbb2.wat","SUPPORTED",109459,109459,0,100.00,"",""
"benchmarks/xblock_wat/cocogame2222_42313332_7d5e92109004.wat","SUPPORTED",109461,109461,0,100.00,"",""
"benchmarks/xblock_wat/cocogame2222_42328279_1b46d5387b53.wat","SUPPORTED",109461,109461,0,100.00,"",""
"benchmarks/xblock_wat/cocogame2222_42364527_c37c9312c015.wat","SUPPORTED",114956,114956,0,100.00,"",""
"benchmarks/xblock_wat/cocogame2222_42364992_a29d0316dc06.wat","SUPPORTED",115202,115202,0,100.00,"",""
"benchmarks/xblock_wat/cocogame2222_42372564_b5b086cff906.wat","SUPPORTED",115323,115323,0,100.00,"",""
"benchmarks/xblock_wat/cocogame2222_42373416_ace23a6d7754.wat","SUPPORTED",115326,115326,0,100.00,"",""
"benchmarks/xblock_wat/cocogame2222_42375800_626481cdf1f9.wat","SUPPORTED",115333,115333,0,100.00,"",""
"benchmarks/xblock_wat/cocogame2222_42528064_7d46778dddde.wat","SUPPORTED",117666,117666,0,100.00,"",""
"benchmarks/xblock_wat/cocogame2222_42538125_6fb44eaef1ab.wat","SUPPORTED",128120,128120,0,100.00,"",""
"benchmarks/xblock_wat/cocogame2222_42540411_c629186f3d4a.wat","SUPPORTED",128122,128122,0,100.00,"",""
"benchmarks/xblock_wat/cocogame2222_42542857_9af7f009dc0c.wat","SUPPORTED",128269,128269,0,100.00,"",""
"benchmarks/xblock_wat/cocogame2222_42543869_085eda62dcbc.wat","SUPPORTED",128279,128279,0,100.00,"",""
"benchmarks/xblock_wat/cocogame2222_42558930_1594616645d0.wat","SUPPORTED",128279,128279,0,100.00,"",""
"benchmarks/xblock_wat/cocogame2222_42563745_7556a32a9379.wat","SUPPORTED",127872,127872,0,100.00,"",""
"benchmarks/xblock_wat/cocogame2222_42578512_5936b516b477.wat","SUPPORTED",128205,128205,0,100.00,"",""
"benchmarks/xblock_wat/cocogame2222_42658812_f7249d0ed107.wat","SUPPORTED",128212,128212,0,100.00,"",""
"benchmarks/xblock_wat/cocogame2222_42669026_13bf003ef67a.wat","SUPPORTED",128180,128180,0,100.00,"",""
"benchmarks/xblock_wat/cocogame2222_42674848_4e970fba564f.wat","SUPPORTED",128173,128173,0,100.00,"",""
"benchmarks/xblock_wat/cocogame2222_42675108_73ec1b48a9d5.wat","SUPPORTED",128167,128167,0,100.00,"",""
"benchmarks/xblock_wat/cocogame2222_42691224_5341f472560f.wat","SUPPORTED",128251,128251,0,100.00,"",""
"benchmarks/xblock_wat/cocogame2222_42691340_5f437a688758.wat","SUPPORTED",128256,128256,0,100.00,"",""
"benchmarks/xblock_wat/cocogame2222_42691923_52a1717e1af0.wat","SUPPORTED",128256,128256,0,100.00,"",""
"benchmarks/xblock_wat/cocogame2222_42708730_d664a89497c6.wat","SUPPORTED",128256,128256,0,100.00,"",""
"benchmarks/xblock_wat/cocogame2222_42710299_656dd533e987.wat","SUPPORTED",128260,128260,0,100.00,"",""
"benchmarks/xblock_wat/cocogame2222_42716810_1239c65f1331.wat","SUPPORTED",130123,130123,0,100.00,"",""
"benchmarks/xblock_wat/cocogame2222_42717269_7ddfa164c0a4.wat","SUPPORTED",130319,130319,0,100.00,"",""
"benchmarks/xblock_wat/cocogame2222_42719299_1a7ed3bf3ae3.wat","SUPPORTED",130319,130319,0,100.00,"",""
"benchmarks/xblock_wat/cocogame2222_42720573_0e520fef561f.wat","SUPPORTED",130335,130335,0,100.00,"",""
"benchmarks/xblock_wat/cocogame2222_42743478_ef2d95f33ee5.wat","SUPPORTED",130365,130365,0,100.00,"",""
"benchmarks/xblock_wat/cocogame2222_42745533_51e326523b87.wat","SUPPORTED",130510,130510,0,100.00,"",""
"benchmarks/xblock_wat/cocogame2222_42746131_669a39f4be7d.wat","SUPPORTED",130527,130527,0,100.00,"",""
"benchmarks/xblock_wat/cocogame2222_42749697_c7e360232e41.wat","SUPPORTED",130527,130527,0,100.00,"",""
"benchmarks/xblock_wat/cocogame2222_42751079_f7151020735d.wat","SUPPORTED",130527,130527,0,100.00,"",""
"benchmarks/xblock_wat/cocogame2222_42845084_e7a10e98bb1a.wat","SUPPORTED",130527,130527,0,100.00,"",""
"benchmarks/xblock_wat/cocogame2222_42858202_edffb363f3bd.wat","SUPPORTED",130527,130527,0,100.00,"",""
"benchmarks/xblock_wat/cocogame2222_42865756_df1be36eb507.wat","SUPPORTED",130933,130933,0,100.00,"",""
"benchmarks/xblock_wat/cocogame2222_42866101_8a2e5189465c.wat","SUPPORTED",130938,130938,0,100.00,"",""
"benchmarks/xblock_wat/cocogame2222_42901976_e152563d6727.wat","SUPPORTED",130938,130938,0,100.00,"",""
"benchmarks/xblock_wat/cocogame2222_43530186_691f202a5b8a.wat","SUPPORTED",132451,132451,0,100.00,"",""
"benchmarks/xblock_wat/cocogame2222_43551238_89d67ae7245c.wat","SUPPORTED",132513,132513,0,100.00,"",""
"benchmarks/xblock_wat/cocogame2222_43553157_c0a58d1a5906.wat","SUPPORTED",133257,133257,0,100.00,"",""
"benchmarks/xblock_wat/cocogame2222_43554651_b4ab801b9647.wat","SUPPORTED",133165,133165,0,100.00,"",""
"benchmarks/xblock_wat/cocogame2222_43556273_79fbfd2a06df.wat","SUPPORTED",136741,136741,0,100.00,"",""
"benchmarks/xblock_wat/cocogame2222_43561969_32ce4f3ab8ac.wat","SUPPORTED",136741,136741,0,100.00,"",""
"benchmarks/xblock_wat/cocogame2222_43576584_67e25ea547db.wat","SUPPORTED",137582,137582,0,100.00,"",""
"benchmarks/xblock_wat/cocogame2222_43577031_a1e54c3badc7.wat","SUPPORTED",138760,138760,0,100.00,"",""
"benchmarks/xblock_wat/cocogame2222_43579943_aa61dd4ccb7c.wat","SUPPORTED",138760,138760,0,100.00,"",""
"benchmarks/xblock_wat/cocogame2222_43602112_d8186d8a30f5.wat","SUPPORTED",138760,138760,0,100.00,"",""
"benchmarks/xblock_wat/cocogame2222_43703076_70c8af1ee9a1.wat","SUPPORTED",138623,138623,0,100.00,"",""
"benchmarks/xblock_wat/cocogame2222_43734524_46b561dc0693.wat","SUPPORTED",138600,138600,0,100.00,"",""
"benchmarks/xblock_wat/cocogame2222_43753649_16772388d94f.wat","SUPPORTED",137343,137343,0,100.00,"",""
"benchmarks/xblock_wat/cocogame2222_43755556_aa53253fb7eb.wat","SUPPORTED",137343,137343,0,100.00,"",""
"benchmarks/xblock_wat/cocogame2222_43756443_ce62114dfbde.wat","SUPPORTED",137384,137384,0,100.00,"",""
"benchmarks/xblock_wat/cocogame2222_43872681_17498aba0f99.wat","SUPPORTED",137606,137606,0,100.00,"",""
"benchmarks/xblock_wat/cocogame2222_43874115_fa856e4977e5.wat","SUPPORTED",137592,137592,0,100.00,"",""
"benchmarks/xblock_wat/cocogame2222_43895901_2157f70bc870.wat","SUPPORTED",137481,137481,0,100.00,"",""
"benchmarks/xblock_wat/cocogame2222_43899531_bafad873d363.wat","SUPPORTED",137514,137514,0,100.00,"",""
"benchmarks/xblock_wat/cocogame2222_44061487_10b5f87129f4.wat","SUPPORTED",128108,128108,0,100.00,"",""
"benchmarks/xblock_wat/cocogame2222_44073103_e99bd6bf2919.wat","SUPPORTED",128110,128110,0,100.00,"",""
"benchmarks/xblock_wat/cocogame2222_44075007_fb91a39bc9a1.wat","SUPPORTED",128110,128110,0,100.00,"",""
"benchmarks/xblock_wat/cocogame2222_44076617_1d0aca3ddeed.wat","SUPPORTED",128106,128106,0,100.00,"",""
"benchmarks/xblock_wat/cocogame2222_44078522_174e603943f3.wat","SUPPORTED",128106,128106,0,100.00,"",""
"benchmarks/xblock_wat/cocogame2222_44078963_b0b016ca31f5.wat","SUPPORTED",128106,128106,0,100.00,"",""
"benchmarks/xblock_wat/cocogame2222_44102118_9153812d9bdf.wat","SUPPORTED",127412,127412,0,100.00,"",""
"benchmarks/xblock_wat/cocogame2222_44103851_e27067e740da.wat","SUPPORTED",127570,127570,0,100.00,"",""
"benchmarks/xblock_wat/cocogame2222_44112362_e0bacd62b8b5.wat","SUPPORTED",126567,126567,0,100.00,"",""
"benchmarks/xblock_wat/cocogame2222_44113357_c6795da5326f.wat","SUPPORTED",127571,127571,0,100.00,"",""
"benchmarks/xblock_wat/cocogame2222_44113797_af4f2838c48b.wat","SUPPORTED",127594,127594,0,100.00,"",""
"benchmarks/xblock_wat/cocogame2222_44133435_357745549d37.wat","SUPPORTED",127594,127594,0,100.00,"",""
"benchmarks/xblock_wat/cocogame2222_44384947_b9646880763e.wat","SUPPORTED",127920,127920,0,100.00,"",""
"benchmarks/xblock_wat/cocogame2222_45263552_08741bcbed47.wat","SUPPORTED",154150,154150,0,100.00,"",""
"benchmarks/xblock_wat/cocogame2222_45281794_7c0de9a51544.wat","SUPPORTED",154277,154277,0,100.00,"",""
"benchmarks/xblock_wat/cocogame2222_45284617_76b860640b60.wat","SUPPORTED",154298,154298,0,100.00,"",""
"benchmarks/xblock_wat/cocogame2222_45309314_1d442751f8fc.wat","SUPPORTED",154751,154751,0,100.00,"",""
"benchmarks/xblock_wat/cocogame2222_45312521_463c04a7068a.wat","SUPPORTED",154755,154755,0,100.00,"",""
"benchmarks/xblock_wat/cocogame2222_45938263_5d7892c1f7e4.wat","SUPPORTED",153865,153865,0,100.00,"",""
"benchmarks/xblock_wat/cocogame2222_45943618_296c0831f4b3.wat","SUPPORTED",154768,154768,0,100.00,"",""
"benchmarks/xblock_wat/cocogame2222_45945152_687baeb91e19.wat","SUPPORTED",155127,155127,0,100.00,"",""
"benchmarks/xblock_wat/cocogame2222_45948319_cf8d16f0976c.wat","SUPPORTED",155173,155173,0,100.00,"",""
"benchmarks/xblock_wat/cocogame2222_46155332_dd51092e0118.wat","SUPPORTED",155170,155170,0,100.00,"",""
"benchmarks/xblock_wat/cocogame3333_43949807_19538d26a9c3.wat","SUPPORTED",4361,4361,0,100.00,"",""
"benchmarks/xblock_wat/cocogame3333_44076953_645feb5c7c97.wat","SUPPORTED",4353,4353,0,100.00,"",""
"benchmarks/xblock_wat/cocogame3333_44102063_67dd62a8ffb3.wat","SUPPORTED",6144,6144,0,100.00,"",""
"benchmarks/xblock_wat/codeaccounts_13184904_1752d9d64c9b.wat","SUPPORTED",3709,3709,0,100.00,"",""
"benchmarks/xblock_wat/codeaccounts_13189766_de2f257b771e.wat","SUPPORTED",3723,3723,0,100.00,"",""
"benchmarks/xblock_wat/codecurrency_26230258_5d1e4ec08a41.wat","SUPPORTED",8098,8098,0,100.00,"",""
"benchmarks/xblock_wat/codehelixtok_70652692_544dcc2da536.wat","SUPPORTED",9997,9997,0,100.00,"",""
"benchmarks/xblock_wat/codexrstoken_59810758_d9dfbb5c7ebf.wat","SUPPORTED",24063,24063,0,100.00,"",""
"benchmarks/xblock_wat/codexxxhello_22268597_995aa3aa750b.wat","SUPPORTED",868,868,0,100.00,"",""
"benchmarks/xblock_wat/codexxxorder_22319368_339e50eaf1f3.wat","SUPPORTED",1100,1100,0,100.00,"",""
"benchmarks/xblock_wat/codumpresale_19445210_4f6e8a68b17d.wat","SUPPORTED",14493,14493,0,100.00,"",""
"benchmarks/xblock_wat/codumpresale_19447220_bf5810c76517.wat","SUPPORTED",13903,13903,0,100.00,"",""
"benchmarks/xblock_wat/codumpresale_8555814_d3764575c2d9.wat","SUPPORTED",14517,14517,0,100.00,"",""
"benchmarks/xblock_wat/codumreserve_8555737_8cb8512103b4.wat","SUPPORTED",14981,14981,0,100.00,"",""
"benchmarks/xblock_wat/codumreserve_8698142_c7d8f912baf1.wat","SUPPORTED",15082,15082,0,100.00,"",""
"benchmarks/xblock_wat/coinappsetup_33050722_8f544c8655ae.wat","SUPPORTED",13669,13669,0,100.00,"",""
"benchmarks/xblock_wat/coinbasewa11_23971959_2c8604fde492.wat","SUPPORTED",2228,2228,0,100.00,"",""
"benchmarks/xblock_wat/coinbasewa11_24174118_594a84eab55a.wat","SUPPORTED",4030,4030,0,100.00,"",""
"benchmarks/xblock_wat/coinbasewa11_24175701_07215441de41.wat","SUPPORTED",1979,1979,0,100.00,"",""
"benchmarks/xblock_wat/coinbasewa11_24179278_a03cf3a62c88.wat","SUPPORTED",4315,4315,0,100.00,"",""
"benchmarks/xblock_wat/coinbasewa11_24179623_29593b1a4cfc.wat","SUPPORTED",4411,4411,0,100.00,"",""
"benchmarks/xblock_wat/coinbasewa11_25887863_4da376eb88c4.wat","SUPPORTED",16709,16709,0,100.00,"",""
"benchmarks/xblock_wat/coinbasewa11_26072941_e3517b7d5443.wat","SUPPORTED",16877,16877,0,100.00,"",""
"benchmarks/xblock_wat/coinbasewa11_26073095_827d4856e27c.wat","SUPPORTED",16878,16878,0,100.00,"",""
"benchmarks/xblock_wat/coinbasewa11_26138433_87c9e7d3e520.wat","SUPPORTED",16878,16878,0,100.00,"",""
"benchmarks/xblock_wat/coinbasewa11_26138880_627371d10b5b.wat","SUPPORTED",16878,16878,0,100.00,"",""
"benchmarks/xblock_wat/coinbasewa11_26139883_f4c187064a18.wat","SUPPORTED",16878,16878,0,100.00,"",""
"benchmarks/xblock_wat/coinbasewa11_26142284_d1736c37d464.wat","SUPPORTED",1979,1979,0,100.00,"",""
"benchmarks/xblock_wat/coinfilm1111_35597862_bed55e368119.wat","SUPPORTED",9626,9626,0,100.00,"",""
"benchmarks/xblock_wat/coinfilm1111_35598941_6f02320e4b0f.wat","SUPPORTED",9633,9633,0,100.00,"",""
"benchmarks/xblock_wat/coinfilm1111_35599073_0ec36cbb23fc.wat","SUPPORTED",10079,10079,0,100.00,"",""
"benchmarks/xblock_wat/coinfilm1111_35599386_203ed4decf71.wat","SUPPORTED",10281,10281,0,100.00,"",""
"benchmarks/xblock_wat/coinflipgame_75357793_2a116167d5f6.wat","SUPPORTED",12262,12262,0,100.00,"",""
"benchmarks/xblock_wat/coinflipgame_75364394_fdeb83dff306.wat","SUPPORTED",12262,12262,0,100.00,"",""
"benchmarks/xblock_wat/coinhuoxinio_13491864_d44c74c4fcce.wat","SUPPORTED",8354,8354,0,100.00,"",""
"benchmarks/xblock_wat/coinhuoxinio_16219028_7ab67c1b39e3.wat","SUPPORTED",9996,9996,0,100.00,"",""
"benchmarks/xblock_wat/coinhuoxinio_16225118_b660e6c166ba.wat","SUPPORTED",9996,9996,0,100.00,"",""
"benchmarks/xblock_wat/coinhuoxinio_16228064_00a56eae4d5f.wat","SUPPORTED",9957,9957,0,100.00,"",""
"benchmarks/xblock_wat/coinhuoxinio_16514844_4c7be902e6af.wat","SUPPORTED",4190,4190,0,100.00,"",""
"benchmarks/xblock_wat/cointotheeos_17142196_b4420e03a986.wat","SUPPORTED",7917,7917,0,100.00,"",""
"benchmarks/xblock_wat/cointotheeos_17144906_228543e7cf66.wat","SUPPORTED",8015,8015,0,100.00,"",""
"benchmarks/xblock_wat/cointotheeos_17147851_c760578f991f.wat","SUPPORTED",7729,7729,0,100.00,"",""
"benchmarks/xblock_wat/cointotheeos_17148189_b88a305f3e81.wat","SUPPORTED",7733,7733,0,100.00,"",""
"benchmarks/xblock_wat/cointotheeos_17374329_8e3151f8d30d.wat","SUPPORTED",11855,11855,0,100.00,"",""
"benchmarks/xblock_wat/cointotheeos_17381202_8662e03e0d24.wat","SUPPORTED",12998,12998,0,100.00,"",""
"benchmarks/xblock_wat/cointotheeos_17523649_ccb46459015b.wat","SUPPORTED",15408,15408,0,100.00,"",""
"benchmarks/xblock_wat/cointotheeos_17659504_7ecb0940556b.wat","SUPPORTED",15701,15701,0,100.00,"",""
"benchmarks/xblock_wat/cointotheeos_17710447_fc675bc9d33f.wat","SUPPORTED",18598,18598,0,100.00,"",""
"benchmarks/xblock_wat/cointotheeos_17711773_ef473bbfd071.wat","SUPPORTED",19387,19387,0,100.00,"",""
"benchmarks/xblock_wat/cointotheeos_17712127_98a732023428.wat","SUPPORTED",19387,19387,0,100.00,"",""
"benchmarks/xblock_wat/cointotheeos_17712571_7900d184fa17.wat","SUPPORTED",19431,19431,0,100.00,"",""
"benchmarks/xblock_wat/cointotheeos_17713013_f7847859738b.wat","SUPPORTED",19431,19431,0,100.00,"",""
"benchmarks/xblock_wat/cointotheeos_17715881_5fe718b47a84.wat","SUPPORTED",17355,17355,0,100.00,"",""
"benchmarks/xblock_wat/cointotheeos_17716798_87c3ce15b3b9.wat","SUPPORTED",17376,17376,0,100.00,"",""
"benchmarks/xblock_wat/cointotheeos_17717122_b0eaa8e2a119.wat","SUPPORTED",17351,17351,0,100.00,"",""
"benchmarks/xblock_wat/cointotheeos_17725204_906deb0dfa4b.wat","SUPPORTED",19683,19683,0,100.00,"",""
"benchmarks/xblock_wat/cointotheeos_17725940_f7f3933857d8.wat","SUPPORTED",19009,19009,0,100.00,"",""
"benchmarks/xblock_wat/cointotheeos_17726463_2775aca791a9.wat","SUPPORTED",19672,19672,0,100.00,"",""
"benchmarks/xblock_wat/cointotheeos_17726910_451e38af37e1.wat","SUPPORTED",19674,19674,0,100.00,"",""
"benchmarks/xblock_wat/cointotheeos_17727297_51929521b42d.wat","SUPPORTED",19674,19674,0,100.00,"",""
"benchmarks/xblock_wat/cointotheeos_17727825_e6a13e4228c0.wat","SUPPORTED",19726,19726,0,100.00,"",""
"benchmarks/xblock_wat/cointotheeos_17727955_1dbe76845172.wat","SUPPORTED",19012,19012,0,100.00,"",""
"benchmarks/xblock_wat/cointotheeos_17872105_ac42bc5261ea.wat","SUPPORTED",21884,21884,0,100.00,"",""
"benchmarks/xblock_wat/cointotheeos_18122534_a33c8d3a0a3d.wat","SUPPORTED",26190,26190,0,100.00,"",""
"benchmarks/xblock_wat/cointotheeos_18123633_fb61b2d967b8.wat","SUPPORTED",26265,26265,0,100.00,"",""
"benchmarks/xblock_wat/cointotheeos_18124182_e28440a30722.wat","SUPPORTED",26265,26265,0,100.00,"",""
"benchmarks/xblock_wat/cointotheeos_18124712_0639e3eb6e4c.wat","SUPPORTED",26268,26268,0,100.00,"",""
"benchmarks/xblock_wat/cointotheeos_18124996_27f4750c9d4b.wat","SUPPORTED",26307,26307,0,100.00,"",""
"benchmarks/xblock_wat/cointotheeos_18290840_db8f81641cf0.wat","SUPPORTED",13272,13272,0,100.00,"",""
"benchmarks/xblock_wat/cointotheeos_18291625_fe8babaef90a.wat","SUPPORTED",13213,13213,0,100.00,"",""
"benchmarks/xblock_wat/cointotheeos_18295214_7a565f0c3b7c.wat","SUPPORTED",13269,13269,0,100.00,"",""
"benchmarks/xblock_wat/cointotheeos_18619616_b2038fe524aa.wat","SUPPORTED",13443,13443,0,100.00,"",""
"benchmarks/xblock_wat/cointotheeos_18620052_1aeb1dc7062e.wat","SUPPORTED",13443,13443,0,100.00,"",""
"benchmarks/xblock_wat/cointotheeos_18624059_a33800a1bc25.wat","SUPPORTED",14450,14450,0,100.00,"",""
"benchmarks/xblock_wat/cointotheeos_18624416_d4b186a02943.wat","SUPPORTED",14319,14319,0,100.00,"",""
"benchmarks/xblock_wat/cointotheeos_18624792_ea55c5290982.wat","SUPPORTED",13643,13643,0,100.00,"",""
"benchmarks/xblock_wat/cointotheeos_18625192_8a7ea16f0634.wat","SUPPORTED",13529,13529,0,100.00,"",""
"benchmarks/xblock_wat/cointotheeos_18627087_36a3a1d87dee.wat","SUPPORTED",14128,14128,0,100.00,"",""
"benchmarks/xblock_wat/cointotheeos_18627889_4dab8bd6a912.wat","SUPPORTED",14245,14245,0,100.00,"",""
"benchmarks/xblock_wat/cointotheeos_18627988_d37e58a04fec.wat","SUPPORTED",14254,14254,0,100.00,"",""
"benchmarks/xblock_wat/cointotheeos_18628071_2e7218a46381.wat","SUPPORTED",14131,14131,0,100.00,"",""
"benchmarks/xblock_wat/cointotheeos_18628651_5430e2865e26.wat","SUPPORTED",14211,14211,0,100.00,"",""
"benchmarks/xblock_wat/cointotheeos_18629135_0cf11888986f.wat","SUPPORTED",14381,14381,0,100.00,"",""
"benchmarks/xblock_wat/cointotheeos_18629355_87bb64d0c01d.wat","SUPPORTED",14387,14387,0,100.00,"",""
"benchmarks/xblock_wat/cointotheeos_18629547_f8a4a33ec802.wat","SUPPORTED",14353,14353,0,100.00,"",""
"benchmarks/xblock_wat/cointotheeos_18630500_10b952568e38.wat","SUPPORTED",14479,14479,0,100.00,"",""
"benchmarks/xblock_wat/cointotheeos_18632013_9d0559008dcb.wat","SUPPORTED",14873,14873,0,100.00,"",""
"benchmarks/xblock_wat/cointotheeos_18632884_ab744726fc52.wat","SUPPORTED",14770,14770,0,100.00,"",""
"benchmarks/xblock_wat/cointotheeos_18633521_0abd1b636efa.wat","SUPPORTED",14243,14243,0,100.00,"",""
"benchmarks/xblock_wat/cointotheeos_18634090_c868a4637a67.wat","SUPPORTED",14599,14599,0,100.00,"",""
"benchmarks/xblock_wat/cointotheeos_18634381_14c9b968f53c.wat","SUPPORTED",14286,14286,0,100.00,"",""
"benchmarks/xblock_wat/cointotheeos_18636932_0ab33a36cb8a.wat","SUPPORTED",14707,14707,0,100.00,"",""
"benchmarks/xblock_wat/cointotheeos_18638322_900bfcde8afa.wat","SUPPORTED",14707,14707,0,100.00,"",""
"benchmarks/xblock_wat/cointotheeos_18787175_c4bb430db1d1.wat","SUPPORTED",15597,15597,0,100.00,"",""
"benchmarks/xblock_wat/cointotheeos_18801984_b0e0ebab37a8.wat","SUPPORTED",18250,18250,0,100.00,"",""
"benchmarks/xblock_wat/cointotheeos_18803455_3e5479f72cda.wat","SUPPORTED",15041,15041,0,100.00,"",""
"benchmarks/xblock_wat/cointotheeos_18881797_7af5b1828b52.wat","SUPPORTED",15389,15389,0,100.00,"",""
"benchmarks/xblock_wat/cointotheeos_19284057_72959b2d61a7.wat","SUPPORTED",14912,14912,0,100.00,"",""
"benchmarks/xblock_wat/cointotheeos_19908391_a8d395b45e57.wat","SUPPORTED",15721,15721,0,100.00,"",""
"benchmarks/xblock_wat/cointotheeos_19911725_cb82c937a243.wat","SUPPORTED",16966,16966,0,100.00,"",""
"benchmarks/xblock_wat/cointotheeos_19912724_8c420bf5f2f1.wat","SUPPORTED",14939,14939,0,100.00,"",""
"benchmarks/xblock_wat/cointotheeos_19997827_5b1c33c5649c.wat","SUPPORTED",15985,15985,0,100.00,"",""
"benchmarks/xblock_wat/cointotheeos_20175983_2abb09d9b9f5.wat","SUPPORTED",14944,14944,0,100.00,"",""
"benchmarks/xblock_wat/cointotheeos_20176934_7e6879c4f5a1.wat","SUPPORTED",15152,15152,0,100.00,"",""
"benchmarks/xblock_wat/cointotheeos_20177245_2884c9453ed9.wat","SUPPORTED",15158,15158,0,100.00,"",""
"benchmarks/xblock_wat/cointotheeos_20178663_b57c6c3ee102.wat","SUPPORTED",15447,15447,0,100.00,"",""
"benchmarks/xblock_wat/cointotheeos_20339642_325d7690caf3.wat","SUPPORTED",15700,15700,0,100.00,"",""
"benchmarks/xblock_wat/cointotheeos_20340248_c9df69e4cad8.wat","SUPPORTED",15945,15945,0,100.00,"",""
"benchmarks/xblock_wat/cointotheeos_21387270_31c721032fae.wat","SUPPORTED",15940,15940,0,100.00,"",""
"benchmarks/xblock_wat/cointotheeos_21391092_ee2a03b1615f.wat","SUPPORTED",16039,16039,0,100.00,"",""
"benchmarks/xblock_wat/cointotheeos_21391325_5ddbe276b0c6.wat","SUPPORTED",15959,15959,0,100.00,"",""
"benchmarks/xblock_wat/cointotheeos_21472611_c9e96d34b1d4.wat","SUPPORTED",15964,15964,0,100.00,"",""
"benchmarks/xblock_wat/cointotheeos_22600531_2001e4a5aa7b.wat","SUPPORTED",22612,22612,0,100.00,"",""
"benchmarks/xblock_wat/cointotheeos_22689325_9f8d6b842251.wat","SUPPORTED",22615,22615,0,100.00,"",""
"benchmarks/xblock_wat/cointotheeos_22691263_0df7e67e7ee7.wat","SUPPORTED",23334,23334,0,100.00,"",""
"benchmarks/xblock_wat/cointotheeos_22691628_b4545525798a.wat","SUPPORTED",22699,22699,0,100.00,"",""
"benchmarks/xblock_wat/cointotheeos_22692515_78930b768625.wat","SUPPORTED",22691,22691,0,100.00,"",""
"benchmarks/xblock_wat/cointotheeos_22692894_a950f9f59327.wat","SUPPORTED",22497,22497,0,100.00,"",""
"benchmarks/xblock_wat/cointotheeos_22715762_3672122162f8.wat","SUPPORTED",22850,22850,0,100.00,"",""
"benchmarks/xblock_wat/cointotheeos_22716042_166b7bc7ff3f.wat","SUPPORTED",22850,22850,0,100.00,"",""
"benchmarks/xblock_wat/cointotheeos_23627836_681359df848d.wat","SUPPORTED",23519,23519,0,100.00,"",""
"benchmarks/xblock_wat/cointotheeos_23628643_3155fa3cd6ae.wat","SUPPORTED",23502,23502,0,100.00,"",""
"benchmarks/xblock_wat/cointotheeos_23630356_bbe1940122a1.wat","SUPPORTED",25024,25024,0,100.00,"",""
"benchmarks/xblock_wat/cointotheeos_23631042_0de3f26e7ddd.wat","SUPPORTED",25027,25027,0,100.00,"",""
"benchmarks/xblock_wat/cointotheeos_23634350_9d4a061f1634.wat","SUPPORTED",26631,26631,0,100.00,"",""
"benchmarks/xblock_wat/cointotheeos_23728463_5a3bd6b2d443.wat","SUPPORTED",26034,26034,0,100.00,"",""
"benchmarks/xblock_wat/cointotheeos_23729423_0c2c1acceebe.wat","SUPPORTED",23866,23866,0,100.00,"",""
"benchmarks/xblock_wat/cointotheeos_23991052_f84dbe77c73c.wat","SUPPORTED",24887,24887,0,100.00,"",""
"benchmarks/xblock_wat/cointotheeos_23992049_b81387451931.wat","SUPPORTED",23988,23988,0,100.00,"",""
"benchmarks/xblock_wat/cointotheeos_23992175_74437b35afc1.wat","SUPPORTED",23804,23804,0,100.00,"",""
"benchmarks/xblock_wat/cointotheeos_23992368_851c9759b3c4.wat","SUPPORTED",24909,24909,0,100.00,"",""
"benchmarks/xblock_wat/cointotheeos_23993222_c1cdc7e042df.wat","SUPPORTED",24600,24600,0,100.00,"",""
"benchmarks/xblock_wat/cointotheeos_23995451_3f5867a8fd4f.wat","SUPPORTED",24669,24669,0,100.00,"",""
"benchmarks/xblock_wat/cointotheeos_24993296_c5681d6245b8.wat","SUPPORTED",25236,25236,0,100.00,"",""
"benchmarks/xblock_wat/cointotheeos_24993524_e5f4a5bdce75.wat","SUPPORTED",24171,24171,0,100.00,"",""
"benchmarks/xblock_wat/cointotheeos_25140978_e9a306519bc5.wat","SUPPORTED",24353,24353,0,100.00,"",""
"benchmarks/xblock_wat/cointotheeos_25142455_035e645c40f7.wat","SUPPORTED",24244,24244,0,100.00,"",""
"benchmarks/xblock_wat/cointotheeos_25791011_4d87d73ce450.wat","SUPPORTED",24484,24484,0,100.00,"",""
"benchmarks/xblock_wat/cointotheeos_25792353_326c483f0c3b.wat","SUPPORTED",24490,24490,0,100.00,"",""
"benchmarks/xblock_wat/cointotheeos_60512917_c82feff7f0b8.wat","SUPPORTED",25201,25201,0,100.00,"",""
"benchmarks/xblock_wat/cointotheeos_60514351_97f3aecf9523.wat","SUPPORTED",25207,25207,0,100.00,"",""
"benchmarks/xblock_wat/cointotheeos_60514929_7ebbc2204809.wat","SUPPORTED",25201,25201,0,100.00,"",""
"benchmarks/xblock_wat/cointotheeos_60517444_6dfc26994c31.wat","SUPPORTED",24248,24248,0,100.00,"",""
"benchmarks/xblock_wat/cointotheeos_60519437_29515da06753.wat","SUPPORTED",24110,24110,0,100.00,"",""
"benchmarks/xblock_wat/cointotheeos_60521014_24355147cf86.wat","SUPPORTED",24999,24999,0,100.00,"",""
"benchmarks/xblock_wat/cointotheeos_60698105_3a0ca0291c7a.wat","SUPPORTED",22529,22529,0,100.00,"",""
"benchmarks/xblock_wat/cointotheeos_61123665_450c1763e91c.wat","SUPPORTED",25109,25109,0,100.00,"",""
"benchmarks/xblock_wat/cointotheeos_61123851_b82a12c35ac5.wat","SUPPORTED",24922,24922,0,100.00,"",""
"benchmarks/xblock_wat/cointreasury_44113469_d855a47734a1.wat","SUPPORTED",15768,15768,0,100.00,"",""
"benchmarks/xblock_wat/coinxptokens_3464179_26d7744c8203.wat","SUPPORTED",8514,8514,0,100.00,"",""
"benchmarks/xblock_wat/colderwallet_32356290_bd6d4501ce2b.wat","SUPPORTED",2687,2687,0,100.00,"",""
"benchmarks/xblock_wat/colderwallet_32359425_acdef6bb7a69.wat","SUPPORTED",2687,2687,0,100.00,"",""
"benchmarks/xblock_wat/comeonruning_62359839_09f24fedeea2.wat","SUPPORTED",6450,6450,0,100.00,"",""
"benchmarks/xblock_wat/comeonruning_63944327_9bd60331fb26.wat","SUPPORTED",13485,13485,0,100.00,"",""
"benchmarks/xblock_wat/comeonruning_64140709_b9d9f93ba0ce.wat","SUPPORTED",15611,15611,0,100.00,"",""
"benchmarks/xblock_wat/comeonruning_64144091_0912a0ccc06e.wat","SUPPORTED",15719,15719,0,100.00,"",""
"benchmarks/xblock_wat/comeonruning_64146885_e93490296f4f.wat","SUPPORTED",15706,15706,0,100.00,"",""
"benchmarks/xblock_wat/comeonruning_64799935_7e40c0e4cf02.wat","SUPPORTED",15770,15770,0,100.00,"",""
"benchmarks/xblock_wat/comeonruning_65968609_7de8246f99d4.wat","SUPPORTED",15724,15724,0,100.00,"",""
"benchmarks/xblock_wat/comeonruning_66077634_c45b30858689.wat","SUPPORTED",15706,15706,0,100.00,"",""
"benchmarks/xblock_wat/comeonruning_66679005_696f33c35387.wat","SUPPORTED",15798,15798,0,100.00,"",""
"benchmarks/xblock_wat/comeonruning_72405582_febec245a7dc.wat","SUPPORTED",15798,15798,0,100.00,"",""
"benchmarks/xblock_wat/comeonruning_72970391_3c9ed0d41d46.wat","SUPPORTED",20829,20829,0,100.00,"",""
"benchmarks/xblock_wat/comeonruning_73768603_6135bda9e587.wat","SUPPORTED",20829,20829,0,100.00,"",""
"benchmarks/xblock_wat/comeonruning_76196811_7967f8c07a16.wat","SUPPORTED",20866,20866,0,100.00,"",""
"benchmarks/xblock_wat/communityeos_505546_292028b0abaf.wat","SUPPORTED",2071,2071,0,100.00,"",""
"benchmarks/xblock_wat/comreplaydot_37523579_c939e813b6ac.wat","SUPPORTED",1835,1835,0,100.00,"",""
"benchmarks/xblock_wat/comreplaydot_37527373_af2c9754f8b9.wat","SUPPORTED",1835,1835,0,100.00,"",""
"benchmarks/xblock_wat/comreplaydot_37529420_f877b2c224f6.wat","SUPPORTED",1830,1830,0,100.00,"",""
"benchmarks/xblock_wat/comreplaydot_37534834_19ab7df01020.wat","SUPPORTED",3261,3261,0,100.00,"",""
"benchmarks/xblock_wat/comreplaydot_37721283_c65700cb7ff8.wat","SUPPORTED",2566,2566,0,100.00,"",""
"benchmarks/xblock_wat/comreplaydot_41322437_2310e1d3c27b.wat","SUPPORTED",3343,3343,0,100.00,"",""
"benchmarks/xblock_wat/connectfours_37501072_0b7f8d424bd6.wat","SUPPORTED",18663,18663,0,100.00,"",""
"benchmarks/xblock_wat/connectfours_56566346_26578c91c28f.wat","SUPPORTED",20044,20044,0,100.00,"",""
"benchmarks/xblock_wat/connectfours_56567372_c450787f193d.wat","SUPPORTED",20044,20044,0,100.00,"",""
"benchmarks/xblock_wat/connectfours_56569900_2cc1721abe78.wat","SUPPORTED",20044,20044,0,100.00,"",""
"benchmarks/xblock_wat/connectfours_56570141_2493e8b8d567.wat","SUPPORTED",20044,20044,0,100.00,"",""
"benchmarks/xblock_wat/connectfours_56570808_e799cb098fe7.wat","SUPPORTED",20044,20044,0,100.00,"",""
"benchmarks/xblock_wat/connectfours_56575724_3e63f78b65d2.wat","SUPPORTED",20044,20044,0,100.00,"",""
"benchmarks/xblock_wat/connectfours_56576755_adf830b73472.wat","SUPPORTED",19994,19994,0,100.00,"",""
"benchmarks/xblock_wat/connectfours_56577424_1b004b8042f2.wat","SUPPORTED",19510,19510,0,100.00,"",""
"benchmarks/xblock_wat/connectfours_56578097_12eed4d1d655.wat","SUPPORTED",20085,20085,0,100.00,"",""
"benchmarks/xblock_wat/connectfours_56579297_e2037ea24616.wat","SUPPORTED",20606,20606,0,100.00,"",""
"benchmarks/xblock_wat/connectfours_56580028_139661ac25c2.wat","SUPPORTED",20606,20606,0,100.00,"",""
"benchmarks/xblock_wat/connectfours_56768812_fded825aa9ad.wat","SUPPORTED",21305,21305,0,100.00,"",""
"benchmarks/xblock_wat/connmktdice1_34292232_8f086010f5f8.wat","SUPPORTED",35975,35975,0,100.00,"",""
"benchmarks/xblock_wat/connmktdice1_34296552_67f0f62d7005.wat","SUPPORTED",36011,36011,0,100.00,"",""
"benchmarks/xblock_wat/connmktdice1_34602267_d263f5445435.wat","SUPPORTED",35475,35475,0,100.00,"",""
"benchmarks/xblock_wat/conquerworld_19899594_060efb2f4ab6.wat","SUPPORTED",24648,24648,0,100.00,"",""
"benchmarks/xblock_wat/conquerworld_19904409_b72fcc2d4d61.wat","SUPPORTED",24651,24651,0,100.00,"",""
"benchmarks/xblock_wat/conquerworld_20009155_eaeffeafaa02.wat","SUPPORTED",24922,24922,0,100.00,"",""
"benchmarks/xblock_wat/conquerworld_20009803_dad865f0e355.wat","SUPPORTED",24922,24922,0,100.00,"",""
"benchmarks/xblock_wat/conquerworld_20010154_808c721e0acf.wat","SUPPORTED",24907,24907,0,100.00,"",""
"benchmarks/xblock_wat/conquerworld_20010757_0ab6fef50a50.wat","SUPPORTED",24928,24928,0,100.00,"",""
"benchmarks/xblock_wat/conquerworld_20026208_2162155af48f.wat","SUPPORTED",24928,24928,0,100.00,"",""
"benchmarks/xblock_wat/conquerworld_20026438_c75077a22bb8.wat","SUPPORTED",24934,24934,0,100.00,"",""
"benchmarks/xblock_wat/conquerworld_20028029_2106dc6418bb.wat","SUPPORTED",24934,24934,0,100.00,"",""
"benchmarks/xblock_wat/conquerworld_20029772_585da2e46af7.wat","SUPPORTED",24935,24935,0,100.00,"",""
"benchmarks/xblock_wat/conquerworld_20031616_78ca6642a642.wat","SUPPORTED",24935,24935,0,100.00,"",""
"benchmarks/xblock_wat/conquerworld_20036897_d13fa236aa37.wat","SUPPORTED",24935,24935,0,100.00,"",""
"benchmarks/xblock_wat/conquerworld_20037313_b23398fc2218.wat","SUPPORTED",24923,24923,0,100.00,"",""
"benchmarks/xblock_wat/conquerworld_20090116_108834b1cc20.wat","SUPPORTED",24935,24935,0,100.00,"",""
"benchmarks/xblock_wat/conquerworld_20100774_c12ee48389ba.wat","SUPPORTED",24922,24922,0,100.00,"",""
"benchmarks/xblock_wat/conquerworld_20101073_a97469d3bc70.wat","SUPPORTED",24907,24907,0,100.00,"",""
"benchmarks/xblock_wat/conquerworld_20579295_773bee1c7bdd.wat","SUPPORTED",24652,24652,0,100.00,"",""
"benchmarks/xblock_wat/conquerworld_20586081_3213b8cdb00b.wat","SUPPORTED",24652,24652,0,100.00,"",""
"benchmarks/xblock_wat/conquerworld_20588151_c336f66611a5.wat","SUPPORTED",25889,25889,0,100.00,"",""
"benchmarks/xblock_wat/conquerworld_20649723_4014eb2962c8.wat","SUPPORTED",23086,23086,0,100.00,"",""
"benchmarks/xblock_wat/conquerworld_20650918_fb98b35acbba.wat","SUPPORTED",24407,24407,0,100.00,"",""
"benchmarks/xblock_wat/conquerworld_20770669_e8243ebebbce.wat","SUPPORTED",24159,24159,0,100.00,"",""
"benchmarks/xblock_wat/conquerworld_20771127_f9f08ce3b335.wat","SUPPORTED",24144,24144,0,100.00,"",""
"benchmarks/xblock_wat/conquerworld_20771440_81142acd226f.wat","SUPPORTED",25314,25314,0,100.00,"",""
"benchmarks/xblock_wat/conquerworld_20771978_1c9a534c1c5b.wat","SUPPORTED",25394,25394,0,100.00,"",""
"benchmarks/xblock_wat/conquerworld_20773499_69939f3c4037.wat","SUPPORTED",25416,25416,0,100.00,"",""
"benchmarks/xblock_wat/conquerworld_20777423_7bcc8b02f401.wat","SUPPORTED",25352,25352,0,100.00,"",""
"benchmarks/xblock_wat/conquerworld_20782287_00ccbd0ac7e7.wat","SUPPORTED",25368,25368,0,100.00,"",""
"benchmarks/xblock_wat/conquerworld_20801594_078f5286497d.wat","SUPPORTED",25368,25368,0,100.00,"",""
"benchmarks/xblock_wat/conquerworld_20809831_54e0e2fcc4bb.wat","SUPPORTED",24501,24501,0,100.00,"",""
"benchmarks/xblock_wat/conquerworld_20922333_5f0d4b924288.wat","SUPPORTED",24471,24471,0,100.00,"",""
"benchmarks/xblock_wat/conquerworld_21295455_f28f13581eb3.wat","SUPPORTED",24437,24437,0,100.00,"",""
"benchmarks/xblock_wat/conquerworld_21824127_317396db757b.wat","SUPPORTED",25552,25552,0,100.00,"",""
"benchmarks/xblock_wat/conquerworld_24820082_8ac903240757.wat","SUPPORTED",30544,30544,0,100.00,"",""
"benchmarks/xblock_wat/conquerworld_24823623_099322b8da34.wat","SUPPORTED",30375,30375,0,100.00,"",""
"benchmarks/xblock_wat/conquerworld_24825819_c1ce2fbc2102.wat","SUPPORTED",30256,30256,0,100.00,"",""
"benchmarks/xblock_wat/conquerworld_24826439_6becc6b04660.wat","SUPPORTED",30264,30264,0,100.00,"",""
"benchmarks/xblock_wat/constantinop_40759873_39799c49497c.wat","SUPPORTED",15845,15845,0,100.00,"",""
"benchmarks/xblock_wat/constantinop_40767860_119879845402.wat","SUPPORTED",16109,16109,0,100.00,"",""
"benchmarks/xblock_wat/constantinop_40770486_fc07f1806340.wat","SUPPORTED",16112,16112,0,100.00,"",""
"benchmarks/xblock_wat/constantinop_40783286_0edded296176.wat","SUPPORTED",16030,16030,0,100.00,"",""
"benchmarks/xblock_wat/constantinop_40784886_1b1640f5f762.wat","SUPPORTED",16117,16117,0,100.00,"",""
"benchmarks/xblock_wat/constantinop_40786012_2cea71baa238.wat","SUPPORTED",16115,16115,0,100.00,"",""
"benchmarks/xblock_wat/constantinop_40786268_21b5a2b5bdc0.wat","SUPPORTED",16200,16200,0,100.00,"",""
"benchmarks/xblock_wat/constantinop_40786874_9395594ac99a.wat","SUPPORTED",16200,16200,0,100.00,"",""
"benchmarks/xblock_wat/constantinop_40787224_3d2aaeca54c1.wat","SUPPORTED",16200,16200,0,100.00,"",""
"benchmarks/xblock_wat/constantinop_40788003_7988ee693ce0.wat","SUPPORTED",16335,16335,0,100.00,"",""
"benchmarks/xblock_wat/constantinop_40788239_0b18c6972ace.wat","SUPPORTED",16095,16095,0,100.00,"",""
"benchmarks/xblock_wat/constantinop_40799266_ab6aadbce219.wat","SUPPORTED",17591,17591,0,100.00,"",""
"benchmarks/xblock_wat/constantinop_40800201_02d044d0e0ee.wat","SUPPORTED",16882,16882,0,100.00,"",""
"benchmarks/xblock_wat/constantinop_40801130_347fff17a270.wat","SUPPORTED",17802,17802,0,100.00,"",""
"benchmarks/xblock_wat/constantinop_40804926_22d83d42ceff.wat","SUPPORTED",17884,17884,0,100.00,"",""
"benchmarks/xblock_wat/constantinop_40805011_b364e6bfb51c.wat","SUPPORTED",20016,20016,0,100.00,"",""
"benchmarks/xblock_wat/constantinop_40805742_2a76928b5c34.wat","SUPPORTED",20162,20162,0,100.00,"",""
"benchmarks/xblock_wat/constantinop_40806115_ffaeca3aaa5b.wat","SUPPORTED",21728,21728,0,100.00,"",""
"benchmarks/xblock_wat/constantinop_40808115_b56fd99fdfaf.wat","SUPPORTED",21794,21794,0,100.00,"",""
"benchmarks/xblock_wat/constantinop_40808599_44cd78ade095.wat","SUPPORTED",20951,20951,0,100.00,"",""
"benchmarks/xblock_wat/constantinop_40808739_e33cddd1a0e7.wat","SUPPORTED",21794,21794,0,100.00,"",""
"benchmarks/xblock_wat/constantinop_40809733_b4c82d626ba0.wat","SUPPORTED",21794,21794,0,100.00,"",""
"benchmarks/xblock_wat/constantinop_40810331_ce9f081fcfb2.wat","SUPPORTED",21794,21794,0,100.00,"",""
"benchmarks/xblock_wat/constantinop_40811769_a2218d79f388.wat","SUPPORTED",21761,21761,0,100.00,"",""
"benchmarks/xblock_wat/constantinop_40812902_866910046e50.wat","SUPPORTED",21782,21782,0,100.00,"",""
"benchmarks/xblock_wat/constantinop_40814038_0a285046eeb5.wat","SUPPORTED",22273,22273,0,100.00,"",""
"benchmarks/xblock_wat/constantinop_40814889_0fa3fdb53367.wat","SUPPORTED",22285,22285,0,100.00,"",""
"benchmarks/xblock_wat/constantinop_40859737_88b867b8f3e7.wat","SUPPORTED",22654,22654,0,100.00,"",""
"benchmarks/xblock_wat/constantinop_40860348_615b37865fd6.wat","SUPPORTED",23468,23468,0,100.00,"",""
"benchmarks/xblock_wat/constantinop_40861681_65c8ca59ea11.wat","SUPPORTED",23497,23497,0,100.00,"",""
"benchmarks/xblock_wat/constantinop_40871011_519120b3487b.wat","SUPPORTED",23497,23497,0,100.00,"",""
"benchmarks/xblock_wat/constantinop_40871813_b6fe4610861a.wat","SUPPORTED",23497,23497,0,100.00,"",""
"benchmarks/xblock_wat/constantinop_42485891_06ffb0b7bc86.wat","SUPPORTED",19422,19422,0,100.00,"",""
"benchmarks/xblock_wat/constantinop_42851459_65215ef9d764.wat","SUPPORTED",24161,24161,0,100.00,"",""
"benchmarks/xblock_wat/constantinop_42871299_1200fd2af753.wat","SUPPORTED",24077,24077,0,100.00,"",""
"benchmarks/xblock_wat/constantinop_46142071_e2cb12533294.wat","SUPPORTED",3851,3851,0,100.00,"",""
"benchmarks/xblock_wat/constantinop_46148949_40077e0854a6.wat","SUPPORTED",3837,3837,0,100.00,"",""
"benchmarks/xblock_wat/constantinop_46509726_28385ab65ba5.wat","SUPPORTED",4012,4012,0,100.00,"",""
"benchmarks/xblock_wat/constantinop_46656491_ca791b4ec710.wat","SUPPORTED",3926,3926,0,100.00,"",""
"benchmarks/xblock_wat/constantinop_47203568_d15d2c723c99.wat","SUPPORTED",4432,4432,0,100.00,"",""
"benchmarks/xblock_wat/constantinop_57856631_c4a5ff648013.wat","SUPPORTED",6085,6085,0,100.00,"",""
"benchmarks/xblock_wat/constantinop_89321490_472945713cad.wat","SUPPORTED",14606,14606,0,100.00,"",""
"benchmarks/xblock_wat/constantteam_49954798_b28acd88422b.wat","SUPPORTED",6725,6725,0,100.00,"",""
"benchmarks/xblock_wat/constantteam_57164172_5adad004a7fb.wat","SUPPORTED",6881,6881,0,100.00,"",""
"benchmarks/xblock_wat/constantteam_57165184_e7a97bcabef8.wat","SUPPORTED",7887,7887,0,100.00,"",""
"benchmarks/xblock_wat/constantteam_57165460_38cfea597ab6.wat","SUPPORTED",7902,7902,0,100.00,"",""
"benchmarks/xblock_wat/constantteam_57165666_95916cb0050b.wat","SUPPORTED",7143,7143,0,100.00,"",""
"benchmarks/xblock_wat/contmhmttest_34269451_a2ff0881a5ee.wat","SUPPORTED",8797,8797,0,100.00,"",""
"benchmarks/xblock_wat/contractbase_25888900_9cd4b2870ba0.wat","SUPPORTED",2725,2725,0,100.00,"",""
"benchmarks/xblock_wat/contractcode_11827197_aa0c4b116446.wat","SUPPORTED",7741,7741,0,100.00,"",""
"benchmarks/xblock_wat/contractcode_11827537_1f1ea14ad778.wat","SUPPORTED",7741,7741,0,100.00,"",""
"benchmarks/xblock_wat/contractcode_11828575_8f30c8b27e72.wat","SUPPORTED",7744,7744,0,100.00,"",""
"benchmarks/xblock_wat/contractcode_12403240_7bfadd6f5485.wat","SUPPORTED",4667,4667,0,100.00,"",""
"benchmarks/xblock_wat/contractcode_12404025_4c52c3e5f4e0.wat","SUPPORTED",4688,4688,0,100.00,"",""
"benchmarks/xblock_wat/contractcode_12404940_7c42b3c3b941.wat","SUPPORTED",4707,4707,0,100.00,"",""
"benchmarks/xblock_wat/contractcode_12600655_d55916849442.wat","SUPPORTED",5962,5962,0,100.00,"",""
"benchmarks/xblock_wat/contractcode_12604312_7828156d536a.wat","SUPPORTED",6296,6296,0,100.00,"",""
"benchmarks/xblock_wat/contractcode_12619607_cb34b3eb0b98.wat","SUPPORTED",6296,6296,0,100.00,"",""
"benchmarks/xblock_wat/contractcode_13108634_fc8a2b347322.wat","SUPPORTED",6190,6190,0,100.00,"",""
"benchmarks/xblock_wat/contractcode_13109821_70c6bffce8eb.wat","SUPPORTED",6190,6190,0,100.00,"",""
"benchmarks/xblock_wat/contractcode_13975664_757555cc3a84.wat","SUPPORTED",7158,7158,0,100.00,"",""
"benchmarks/xblock_wat/contractcode_13993595_47603a788765.wat","SUPPORTED",12351,12351,0,100.00,"",""
"benchmarks/xblock_wat/contractcode_13995523_ab87cc1a0551.wat","SUPPORTED",12348,12348,0,100.00,"",""
"benchmarks/xblock_wat/contractcode_14780645_45087b7f45cc.wat","SUPPORTED",8366,8366,0,100.00,"",""
"benchmarks/xblock_wat/contractcode_14780866_e1cacb14ef7c.wat","SUPPORTED",8366,8366,0,100.00,"",""
"benchmarks/xblock_wat/contractcode_14888752_29bdc21b588b.wat","SUPPORTED",8346,8346,0,100.00,"",""
"benchmarks/xblock_wat/contractcode_14889012_f44941ed5f9a.wat","SUPPORTED",8346,8346,0,100.00,"",""
"benchmarks/xblock_wat/contractcode_14901146_da7286ef7a17.wat","SUPPORTED",8346,8346,0,100.00,"",""
"benchmarks/xblock_wat/contractcode_14901381_6b748d081c52.wat","SUPPORTED",8346,8346,0,100.00,"",""
"benchmarks/xblock_wat/contractcode_15059865_26663ad180db.wat","SUPPORTED",8346,8346,0,100.00,"",""
"benchmarks/xblock_wat/contractcode_15070873_10378757608d.wat","SUPPORTED",8346,8346,0,100.00,"",""
"benchmarks/xblock_wat/contractcode_15708235_fe28d232fdc3.wat","SUPPORTED",2157,2157,0,100.00,"",""
"benchmarks/xblock_wat/contractcode_15715585_36f39ab08842.wat","SUPPORTED",6402,6402,0,100.00,"",""
"benchmarks/xblock_wat/contractcode_15717621_25a4c93bcc9e.wat","SUPPORTED",3089,3089,0,100.00,"",""
"benchmarks/xblock_wat/contractcode_15718349_909391eefb48.wat","SUPPORTED",1057,1057,0,100.00,"",""
"benchmarks/xblock_wat/contractcode_15719343_d9989dcd606b.wat","SUPPORTED",6402,6402,0,100.00,"",""
"benchmarks/xblock_wat/contractinfo_63081682_cefb4169bee1.wat","SUPPORTED",4451,4451,0,100.00,"",""
"benchmarks/xblock_wat/contractlock_71873441_3b550ad29ba2.wat","SUPPORTED",19991,19991,0,100.00,"",""
"benchmarks/xblock_wat/contractlock_71926959_bc7f951dd99b.wat","SUPPORTED",19989,19989,0,100.00,"",""
"benchmarks/xblock_wat/contractlock_72258219_8ac5415dec21.wat","SUPPORTED",19316,19316,0,100.00,"",""
"benchmarks/xblock_wat/contractlock_72261011_495f04a4dbd5.wat","SUPPORTED",18922,18922,0,100.00,"",""
"benchmarks/xblock_wat/contractlock_72262087_25c584789aa9.wat","SUPPORTED",19006,19006,0,100.00,"",""
"benchmarks/xblock_wat/contractlock_72287773_59053d70df8d.wat","SUPPORTED",19257,19257,0,100.00,"",""
"benchmarks/xblock_wat/contractlock_72288740_3dd0ec30aa3c.wat","SUPPORTED",19186,19186,0,100.00,"",""
"benchmarks/xblock_wat/contractlock_72289272_ec0198dd1b22.wat","SUPPORTED",19482,19482,0,100.00,"",""
"benchmarks/xblock_wat/contractlock_72289646_b68a0ac3ab14.wat","SUPPORTED",19320,19320,0,100.00,"",""
"benchmarks/xblock_wat/contractlock_72394137_70675afadee0.wat","SUPPORTED",19449,19449,0,100.00,"",""
"benchmarks/xblock_wat/contractlock_72400433_7200122e22d9.wat","SUPPORTED",19539,19539,0,100.00,"",""
"benchmarks/xblock_wat/contractlock_72404442_8b1ac574e6fb.wat","SUPPORTED",19655,19655,0,100.00,"",""
"benchmarks/xblock_wat/contractlock_76034275_8b43692c8ef3.wat","SUPPORTED",20387,20387,0,100.00,"",""
"benchmarks/xblock_wat/contractsign_63907610_29739793e729.wat","SUPPORTED",2098,2098,0,100.00,"",""
"benchmarks/xblock_wat/coocgroupeos_6837381_434da4ad8f4c.wat","SUPPORTED",16016,16016,0,100.00,"",""
"benchmarks/xblock_wat/coocsgroupes_73796033_24c524b719b9.wat","SUPPORTED",16126,16126,0,100.00,"",""
"benchmarks/xblock_wat/coocsgroupes_73801435_16f7ab660784.wat","SUPPORTED",16126,16126,0,100.00,"",""
"benchmarks/xblock_wat/cooperbaxter_24311871_d9d56c4021d5.wat","SUPPORTED",4353,4353,0,100.00,"",""
"benchmarks/xblock_wat/cooperbaxter_24376982_93d778e4fd42.wat","SUPPORTED",4166,4166,0,100.00,"",""
"benchmarks/xblock_wat/cooperbaxter_24806849_6b99d64d7056.wat","SUPPORTED",4228,4228,0,100.00,"",""
"benchmarks/xblock_wat/cooperbaxter_29346946_d52ffbc4cb24.wat","SUPPORTED",4387,4387,0,100.00,"",""
"benchmarks/xblock_wat/coskifu12345_53977338_8caea0cfd41e.wat","SUPPORTED",17023,17023,0,100.00,"",""
"benchmarks/xblock_wat/coskifu12345_53977769_f40fc117293d.wat","SUPPORTED",5040,5040,0,100.00,"",""
"benchmarks/xblock_wat/counter.bank_20874318_96227617160f.wat","SUPPORTED",14105,14105,0,100.00,"",""
"benchmarks/xblock_wat/counter.bank_36830258_ec932aee06c8.wat","SUPPORTED",17180,17180,0,100.00,"",""
"benchmarks/xblock_wat/cple2eoscvrt_39101687_491484741020.wat","SUPPORTED",21361,21361,0,100.00,"",""
"benchmarks/xblock_wat/cple2eoscvrt_42937085_208c571a4b6f.wat","SUPPORTED",21361,21361,0,100.00,"",""
"benchmarks/xblock_wat/cptbbchlngs1_8385722_b466f51fb722.wat","SUPPORTED",8025,8025,0,100.00,"",""
"benchmarks/xblock_wat/cptblackbill_33887534_190dbd24640a.wat","SUPPORTED",38068,38068,0,100.00,"",""
"benchmarks/xblock_wat/cptblackbill_34121516_9d80c6a82ba0.wat","SUPPORTED",40948,40948,0,100.00,"",""
"benchmarks/xblock_wat/cptblackbill_34468817_6dcb7e6c9c73.wat","SUPPORTED",40948,40948,0,100.00,"",""
"benchmarks/xblock_wat/cptblackbill_34469963_afe6f5726279.wat","SUPPORTED",40970,40970,0,100.00,"",""
"benchmarks/xblock_wat/cptblackbill_34645694_6e926ecd1f77.wat","SUPPORTED",42830,42830,0,100.00,"",""
"benchmarks/xblock_wat/cptblackbill_34647186_72062d8cc25e.wat","SUPPORTED",42920,42920,0,100.00,"",""
"benchmarks/xblock_wat/cptblackbill_34660299_b335e89c527c.wat","SUPPORTED",43420,43420,0,100.00,"",""
"benchmarks/xblock_wat/cptblackbill_34832289_2815c2017596.wat","SUPPORTED",43613,43613,0,100.00,"",""
"benchmarks/xblock_wat/cptblackbill_34835539_949f8e90eaff.wat","SUPPORTED",43611,43611,0,100.00,"",""
"benchmarks/xblock_wat/cptblackbill_34840619_99a38602a7c8.wat","SUPPORTED",43555,43555,0,100.00,"",""
"benchmarks/xblock_wat/cptblackbill_36347412_f107967c04bc.wat","SUPPORTED",44017,44017,0,100.00,"",""
"benchmarks/xblock_wat/cptblackbill_36416328_ef07a39d865f.wat","SUPPORTED",44444,44444,0,100.00,"",""
"benchmarks/xblock_wat/cptblackbill_36418394_ebb33f5e2930.wat","SUPPORTED",44686,44686,0,100.00,"",""
"benchmarks/xblock_wat/cptblackbill_36493332_137c18e60ea8.wat","SUPPORTED",46853,46853,0,100.00,"",""
"benchmarks/xblock_wat/cptblackbill_36555363_ec45b470f2bc.wat","SUPPORTED",47058,47058,0,100.00,"",""
"benchmarks/xblock_wat/cptblackbill_36731339_b7d145253676.wat","SUPPORTED",47145,47145,0,100.00,"",""
"benchmarks/xblock_wat/cptblackbill_37412405_feeb6b97146d.wat","SUPPORTED",49272,49272,0,100.00,"",""
"benchmarks/xblock_wat/cptblackbill_37413131_60595287a95d.wat","SUPPORTED",49440,49440,0,100.00,"",""
"benchmarks/xblock_wat/cptblackbill_37413893_6322c1476334.wat","SUPPORTED",49440,49440,0,100.00,"",""
"benchmarks/xblock_wat/cptblackbill_72799720_2d718cbccae0.wat","SUPPORTED",46659,46659,0,100.00,"",""
"benchmarks/xblock_wat/cptblackbill_72800579_037b627c7fe1.wat","SUPPORTED",39327,39327,0,100.00,"",""
"benchmarks/xblock_wat/cptblackbill_72804797_03af5e930fb8.wat","SUPPORTED",23381,23381,0,100.00,"",""
"benchmarks/xblock_wat/cptblackbill_72805243_93ac71d00747.wat","SUPPORTED",23351,23351,0,100.00,"",""
"benchmarks/xblock_wat/cptblackbill_72805945_f35e0868ef66.wat","SUPPORTED",23244,23244,0,100.00,"",""
"benchmarks/xblock_wat/cptblackbill_72813590_79da38b6f1fe.wat","SUPPORTED",23921,23921,0,100.00,"",""
"benchmarks/xblock_wat/cptblackbill_72814252_99fc67d8c957.wat","SUPPORTED",24391,24391,0,100.00,"",""
"benchmarks/xblock_wat/cptblackbill_72814457_5f8655264d87.wat","SUPPORTED",24391,24391,0,100.00,"",""
"benchmarks/xblock_wat/cptblackbill_72814884_1799ad6b92dc.wat","SUPPORTED",24391,24391,0,100.00,"",""
"benchmarks/xblock_wat/cptblackbill_72815065_d5c9bc0ad987.wat","SUPPORTED",24388,24388,0,100.00,"",""
"benchmarks/xblock_wat/cptblackbill_72819362_4e0336c261db.wat","SUPPORTED",26987,26987,0,100.00,"",""
"benchmarks/xblock_wat/cptblackbill_72822348_5e1d423899c4.wat","SUPPORTED",27211,27211,0,100.00,"",""
"benchmarks/xblock_wat/cptblackbill_72822693_883bbf1b0f75.wat","SUPPORTED",27246,27246,0,100.00,"",""
"benchmarks/xblock_wat/cptblackbill_72822944_afc21ba95191.wat","SUPPORTED",27154,27154,0,100.00,"",""
"benchmarks/xblock_wat/cptblackbill_72823925_89c8ba4a7897.wat","SUPPORTED",27733,27733,0,100.00,"",""
"benchmarks/xblock_wat/cptblackbill_72824849_df772117283f.wat","SUPPORTED",28128,28128,0,100.00,"",""
"benchmarks/xblock_wat/cptblackbill_72951973_f85879796961.wat","SUPPORTED",28128,28128,0,100.00,"",""
"benchmarks/xblock_wat/cptblackbill_73005362_ebe60303f8f8.wat","SUPPORTED",28058,28058,0,100.00,"",""
"benchmarks/xblock_wat/cptblackbill_73024005_f27e30da1b97.wat","SUPPORTED",36572,36572,0,100.00,"",""
"benchmarks/xblock_wat/cptblackbill_73099213_1f6bb861a465.wat","SUPPORTED",36164,36164,0,100.00,"",""
"benchmarks/xblock_wat/cptblackbill_73111975_91212ea467a2.wat","SUPPORTED",36819,36819,0,100.00,"",""
"benchmarks/xblock_wat/cptblackbill_73302537_6dae26b3a105.wat","SUPPORTED",37173,37173,0,100.00,"",""
"benchmarks/xblock_wat/cptblackbill_73308852_50a6573aa987.wat","SUPPORTED",37702,37702,0,100.00,"",""
"benchmarks/xblock_wat/cptblackbill_73309874_6886f6027bae.wat","SUPPORTED",37700,37700,0,100.00,"",""
"benchmarks/xblock_wat/cptblackbill_73311824_5be63202ee28.wat","SUPPORTED",38104,38104,0,100.00,"",""
"benchmarks/xblock_wat/cptblackbill_73313155_75c5a8f19332.wat","SUPPORTED",38104,38104,0,100.00,"",""
"benchmarks/xblock_wat/cptblackbill_73627358_f9a6a7f62e6a.wat","SUPPORTED",39977,39977,0,100.00,"",""
"benchmarks/xblock_wat/cptblackbill_73628118_bc26750008d2.wat","SUPPORTED",39979,39979,0,100.00,"",""
"benchmarks/xblock_wat/cptblackbill_73628818_5997bddd6f33.wat","SUPPORTED",40414,40414,0,100.00,"",""
"benchmarks/xblock_wat/cptblackbill_73629521_6709457f5c5f.wat","SUPPORTED",40068,40068,0,100.00,"",""
"benchmarks/xblock_wat/cptblackbill_73630584_12a4f2b91536.wat","SUPPORTED",40468,40468,0,100.00,"",""
"benchmarks/xblock_wat/cptblackbill_73630931_6c669ca8a148.wat","SUPPORTED",40232,40232,0,100.00,"",""
"benchmarks/xblock_wat/cptblackbill_73631276_af4b02b00b2b.wat","SUPPORTED",40302,40302,0,100.00,"",""
"benchmarks/xblock_wat/cptblackbill_73631458_99cc65c8ec9e.wat","SUPPORTED",40468,40468,0,100.00,"",""
"benchmarks/xblock_wat/cptblackbill_73632346_380af7a98b6b.wat","SUPPORTED",40526,40526,0,100.00,"",""
"benchmarks/xblock_wat/cptblackbill_73632747_03ef057e6fc0.wat","SUPPORTED",40486,40486,0,100.00,"",""
"benchmarks/xblock_wat/cptblackbill_73632968_a3b58180c1f2.wat","SUPPORTED",40526,40526,0,100.00,"",""
"benchmarks/xblock_wat/cptblackbill_73633707_a748f1890d42.wat","SUPPORTED",40526,40526,0,100.00,"",""
"benchmarks/xblock_wat/cptblackbill_73634613_6d849b6d6bed.wat","SUPPORTED",40475,40475,0,100.00,"",""
"benchmarks/xblock_wat/cptblackbill_73635911_2b4d6710691d.wat","SUPPORTED",40448,40448,0,100.00,"",""
"benchmarks/xblock_wat/cptblackbill_73636625_7914e1afb28c.wat","SUPPORTED",40454,40454,0,100.00,"",""
"benchmarks/xblock_wat/cptblackbill_73637367_0409912ac091.wat","SUPPORTED",40563,40563,0,100.00,"",""
"benchmarks/xblock_wat/cptblackbill_73637686_1c71b72d4163.wat","SUPPORTED",40339,40339,0,100.00,"",""
"benchmarks/xblock_wat/cptblackbill_73638420_ed4fcdb0ca9d.wat","SUPPORTED",40474,40474,0,100.00,"",""
"benchmarks/xblock_wat/cptblackbill_73638750_ba274c6de6ba.wat","SUPPORTED",40238,40238,0,100.00,"",""
"benchmarks/xblock_wat/cptblackbill_73639850_051a6aa8876f.wat","SUPPORTED",40420,40420,0,100.00,"",""
"benchmarks/xblock_wat/cptblackbill_73641041_51e9a8e85531.wat","SUPPORTED",40420,40420,0,100.00,"",""
"benchmarks/xblock_wat/cptblackbill_73641907_98958b485642.wat","SUPPORTED",40497,40497,0,100.00,"",""
"benchmarks/xblock_wat/cptblackbill_73642264_c2be37ddcfc1.wat","SUPPORTED",40476,40476,0,100.00,"",""
"benchmarks/xblock_wat/cptblackbill_73642618_81dc3e7c46a0.wat","SUPPORTED",40441,40441,0,100.00,"",""
"benchmarks/xblock_wat/cptblackbill_73643117_69ca44b6aae5.wat","SUPPORTED",40471,40471,0,100.00,"",""
"benchmarks/xblock_wat/cptblackbill_73644711_6ae34e7e7399.wat","SUPPORTED",40666,40666,0,100.00,"",""
"benchmarks/xblock_wat/cptblackbill_73645439_4ed74d477c7d.wat","SUPPORTED",40722,40722,0,100.00,"",""
"benchmarks/xblock_wat/cptblackbill_73708788_a6e9235bed97.wat","SUPPORTED",40763,40763,0,100.00,"",""
"benchmarks/xblock_wat/cptblackbill_73766573_e28a2045ca3c.wat","SUPPORTED",41126,41126,0,100.00,"",""
"benchmarks/xblock_wat/cptblackbill_73768246_9d5e57e8379a.wat","SUPPORTED",41169,41169,0,100.00,"",""
"benchmarks/xblock_wat/cptblackbill_73768510_d31beda6e4fd.wat","SUPPORTED",41241,41241,0,100.00,"",""
"benchmarks/xblock_wat/cptblackbill_73768619_3ed03aac54f2.wat","SUPPORTED",41097,41097,0,100.00,"",""
"benchmarks/xblock_wat/cptblackbill_73770951_b35a1c50274b.wat","SUPPORTED",41836,41836,0,100.00,"",""
"benchmarks/xblock_wat/cptblackbill_73773118_efe12b319af6.wat","SUPPORTED",41728,41728,0,100.00,"",""
"benchmarks/xblock_wat/cptblackbill_73773896_6d9135298ea0.wat","SUPPORTED",42150,42150,0,100.00,"",""
"benchmarks/xblock_wat/cptblackbill_73774889_504b830dbcdf.wat","SUPPORTED",42150,42150,0,100.00,"",""
"benchmarks/xblock_wat/cptblackbill_74842430_7b0eff706a4f.wat","SUPPORTED",41730,41730,0,100.00,"",""
"benchmarks/xblock_wat/cptblackbill_74898869_5f39f98606c4.wat","SUPPORTED",42182,42182,0,100.00,"",""
"benchmarks/xblock_wat/cptblackbill_74900540_95c22c4b64ef.wat","SUPPORTED",42706,42706,0,100.00,"",""
"benchmarks/xblock_wat/cptblackbill_75378455_ec80eda3e19b.wat","SUPPORTED",43083,43083,0,100.00,"",""
"benchmarks/xblock_wat/cptblackbill_75379951_b7a5d8e39a71.wat","SUPPORTED",43281,43281,0,100.00,"",""
"benchmarks/xblock_wat/cptblackbill_75380098_e9ee833497a8.wat","SUPPORTED",43329,43329,0,100.00,"",""
"benchmarks/xblock_wat/cptblackbill_75380458_e55fd2614763.wat","SUPPORTED",43329,43329,0,100.00,"",""
"benchmarks/xblock_wat/cptblackbill_75381371_6ce1966a7931.wat","SUPPORTED",43328,43328,0,100.00,"",""
"benchmarks/xblock_wat/cptblackbill_75381490_bb0d952b4b3a.wat","SUPPORTED",43329,43329,0,100.00,"",""
"benchmarks/xblock_wat/cptblackbill_75381880_20a384e79794.wat","SUPPORTED",43308,43308,0,100.00,"",""
"benchmarks/xblock_wat/cptblackbill_75382039_140f6b478406.wat","SUPPORTED",43329,43329,0,100.00,"",""
"benchmarks/xblock_wat/cptblackbill_75382265_078bf5a3a7a3.wat","SUPPORTED",43349,43349,0,100.00,"",""
"benchmarks/xblock_wat/cptblackbill_75426542_fffa05ca6437.wat","SUPPORTED",43349,43349,0,100.00,"",""
"benchmarks/xblock_wat/cptblackbill_75426926_c4efa47802a2.wat","SUPPORTED",43353,43353,0,100.00,"",""
"benchmarks/xblock_wat/cptblackbill_75427075_7ef64c15fa1b.wat","SUPPORTED",43347,43347,0,100.00,"",""
"benchmarks/xblock_wat/cptblackbill_75427230_833bb47e04e7.wat","SUPPORTED",43368,43368,0,100.00,"",""
"benchmarks/xblock_wat/cptblackbill_75427516_acb8dce29172.wat","SUPPORTED",43351,43351,0,100.00,"",""
"benchmarks/xblock_wat/cptblackbill_75427658_01c82853ba4e.wat","SUPPORTED",43346,43346,0,100.00,"",""
"benchmarks/xblock_wat/cptblackbill_75428003_9d53bc9d770f.wat","SUPPORTED",42760,42760,0,100.00,"",""
"benchmarks/xblock_wat/cptblackbill_76058503_6b18247b75b8.wat","SUPPORTED",43422,43422,0,100.00,"",""
"benchmarks/xblock_wat/cptblackbill_76060111_36223a2066c0.wat","SUPPORTED",43270,43270,0,100.00,"",""
"benchmarks/xblock_wat/cptblackbill_77831144_acbe3cf476c9.wat","SUPPORTED",43602,43602,0,100.00,"",""
"benchmarks/xblock_wat/cptblackbill_77831404_c8733d5abb7b.wat","SUPPORTED",43635,43635,0,100.00,"",""
"benchmarks/xblock_wat/cptblackbill_77832023_41dc0a7a7993.wat","SUPPORTED",43659,43659,0,100.00,"",""
"benchmarks/xblock_wat/cptblackbill_77922424_e700165c122c.wat","SUPPORTED",43690,43690,0,100.00,"",""
"benchmarks/xblock_wat/cptblackbill_82923424_ed14818d10c2.wat","SUPPORTED",45376,45376,0,100.00,"",""
"benchmarks/xblock_wat/cptblackbill_84440381_d1e314dc7406.wat","SUPPORTED",45441,45441,0,100.00,"",""
"benchmarks/xblock_wat/cptblackbill_87807408_6263e5016e41.wat","SUPPORTED",45613,45613,0,100.00,"",""
"benchmarks/xblock_wat/cptblackbill_87808368_f30728383267.wat","SUPPORTED",45649,45649,0,100.00,"",""
"benchmarks/xblock_wat/cptblackbill_88477344_afa8a2dae05b.wat","SUPPORTED",47490,47490,0,100.00,"",""
"benchmarks/xblock_wat/cptblackbill_88491372_9c31d990541d.wat","SUPPORTED",48056,48056,0,100.00,"",""
"benchmarks/xblock_wat/cptblackbill_88535907_9bfe2655c78c.wat","SUPPORTED",48795,48795,0,100.00,"",""
"benchmarks/xblock_wat/cptblackbill_88545533_43047cdb46fa.wat","SUPPORTED",48527,48527,0,100.00,"",""
"benchmarks/xblock_wat/cptblackbill_88549570_31d270e75955.wat","SUPPORTED",49110,49110,0,100.00,"",""
"benchmarks/xblock_wat/cptblackbill_88715377_3d1256567ece.wat","SUPPORTED",49502,49502,0,100.00,"",""
"benchmarks/xblock_wat/cptblackbill_89137183_d9e330226686.wat","SUPPORTED",48824,48824,0,100.00,"",""
"benchmarks/xblock_wat/cptblackbill_89499289_bbde95aa7e33.wat","SUPPORTED",49388,49388,0,100.00,"",""
"benchmarks/xblock_wat/cptblackbill_89514305_ad64ab07281e.wat","SUPPORTED",49388,49388,0,100.00,"",""
"benchmarks/xblock_wat/cpu.bank_80007875_fc101048e505.wat","SUPPORTED",27603,27603,0,100.00,"",""
"benchmarks/xblock_wat/cpu.bank_83954172_922fb5bd85f1.wat","SUPPORTED",27642,27642,0,100.00,"",""
"benchmarks/xblock_wat/cpubankeosio_20551263_4b5bca3d7de0.wat","SUPPORTED",30553,30553,0,100.00,"",""
"benchmarks/xblock_wat/cpubankeosio_20551668_0423c61c3d77.wat","SUPPORTED",31593,31593,0,100.00,"",""
"benchmarks/xblock_wat/cpubankeosio_21069254_25e4f3d45994.wat","SUPPORTED",31351,31351,0,100.00,"",""
"benchmarks/xblock_wat/cpubankeosio_21865699_986c842c4018.wat","SUPPORTED",34012,34012,0,100.00,"",""
"benchmarks/xblock_wat/cpubankeosio_21880236_9e3605660c0e.wat","SUPPORTED",34711,34711,0,100.00,"",""
"benchmarks/xblock_wat/cpubankeosio_22059424_91dd3a70c4bf.wat","SUPPORTED",35109,35109,0,100.00,"",""
"benchmarks/xblock_wat/cpubankeosio_24097923_105473f6e95a.wat","SUPPORTED",35263,35263,0,100.00,"",""
"benchmarks/xblock_wat/cpubankeosio_24102082_ca7174c93f8b.wat","SUPPORTED",35342,35342,0,100.00,"",""
"benchmarks/xblock_wat/cpubankeosio_24163032_c72ab81914cc.wat","SUPPORTED",35508,35508,0,100.00,"",""
"benchmarks/xblock_wat/cpubankeosio_24266246_6499aa553a2b.wat","SUPPORTED",35473,35473,0,100.00,"",""
"benchmarks/xblock_wat/cpubankeosio_24809974_fb3eb3cb4cc9.wat","SUPPORTED",36231,36231,0,100.00,"",""
"benchmarks/xblock_wat/cpubankeosio_25102088_88f189161e13.wat","SUPPORTED",36340,36340,0,100.00,"",""
"benchmarks/xblock_wat/cpubankeosio_25268487_949a088815b4.wat","SUPPORTED",36349,36349,0,100.00,"",""
"benchmarks/xblock_wat/cpubankeosio_25279709_5fe04df1ac1e.wat","SUPPORTED",36343,36343,0,100.00,"",""
"benchmarks/xblock_wat/cpubankeosio_25342866_9c4edd62b182.wat","SUPPORTED",36452,36452,0,100.00,"",""
"benchmarks/xblock_wat/cpubankeosio_25345018_6453dbfd4097.wat","SUPPORTED",36561,36561,0,100.00,"",""
"benchmarks/xblock_wat/cpubankeosio_26234343_c09761a6195a.wat","SUPPORTED",36570,36570,0,100.00,"",""
"benchmarks/xblock_wat/cpubankeosio_27932171_7e0bd56a2cae.wat","SUPPORTED",38932,38932,0,100.00,"",""
"benchmarks/xblock_wat/cpubankeosio_28107465_5ed594565bce.wat","SUPPORTED",38041,38041,0,100.00,"",""
"benchmarks/xblock_wat/cpubankeosio_28603995_aff802cd4c9b.wat","SUPPORTED",37719,37719,0,100.00,"",""
"benchmarks/xblock_wat/cpubankstake_21858607_180774d4b3bb.wat","SUPPORTED",8595,8595,0,100.00,"",""
"benchmarks/xblock_wat/cpubankstake_21859022_c2b821d4c937.wat","SUPPORTED",8514,8514,0,100.00,"",""
"benchmarks/xblock_wat/cpubankstake_22933612_4fca644fc4f3.wat","SUPPORTED",8595,8595,0,100.00,"",""
"benchmarks/xblock_wat/cpubankstake_24116644_c48e60b700aa.wat","SUPPORTED",8595,8595,0,100.00,"",""
"benchmarks/xblock_wat/cpubankstake_24404885_ddd2584d17b3.wat","SUPPORTED",8595,8595,0,100.00,"",""
"benchmarks/xblock_wat/cpubankstake_24405091_941b3bd3061b.wat","SUPPORTED",8590,8590,0,100.00,"",""
"benchmarks/xblock_wat/cpubankstake_24405365_50be85329a03.wat","SUPPORTED",8590,8590,0,100.00,"",""
"benchmarks/xblock_wat/cpubankstake_24701044_1b088b6e0889.wat","SUPPORTED",9917,9917,0,100.00,"",""
"benchmarks/xblock_wat/cpubankstake_26525252_236a12394a86.wat","SUPPORTED",7863,7863,0,100.00,"",""
"benchmarks/xblock_wat/cpubankstake_27873628_22c7365613a9.wat","SUPPORTED",14688,14688,0,100.00,"",""
"benchmarks/xblock_wat/cpubankstake_27896131_fd273bf1a8b4.wat","SUPPORTED",14975,14975,0,100.00,"",""
"benchmarks/xblock_wat/cpubankstake_27912592_001f2731fcf7.wat","SUPPORTED",15262,15262,0,100.00,"",""
"benchmarks/xblock_wat/cpubankstake_28105761_26b39a2df603.wat","SUPPORTED",15238,15238,0,100.00,"",""
"benchmarks/xblock_wat/cpubankstake_28234010_3e254034f91e.wat","SUPPORTED",15242,15242,0,100.00,"",""
"benchmarks/xblock_wat/cpubankstake_29481128_48dcc5ad8387.wat","SUPPORTED",15859,15859,0,100.00,"",""
"benchmarks/xblock_wat/cpubankstake_30801566_b8f9a9d77253.wat","SUPPORTED",16017,16017,0,100.00,"",""
"benchmarks/xblock_wat/cpubankstake_31366290_0b9f30e87525.wat","SUPPORTED",16952,16952,0,100.00,"",""
"benchmarks/xblock_wat/cpubankstake_31726431_752a99dca71f.wat","SUPPORTED",17647,17647,0,100.00,"",""
"benchmarks/xblock_wat/cpubankstake_31792159_3274d54cd3f4.wat","SUPPORTED",17647,17647,0,100.00,"",""
"benchmarks/xblock_wat/cpubankstake_31843134_912093a21c94.wat","SUPPORTED",17639,17639,0,100.00,"",""
"benchmarks/xblock_wat/cpubankstake_32091755_e45854c9251b.wat","SUPPORTED",17353,17353,0,100.00,"",""
"benchmarks/xblock_wat/cpubankstake_35231190_8b298302a900.wat","SUPPORTED",17394,17394,0,100.00,"",""
"benchmarks/xblock_wat/cpubankstake_35267013_9edb38cee7c6.wat","SUPPORTED",17060,17060,0,100.00,"",""
"benchmarks/xblock_wat/cpubankstake_35430078_cdd1c0676145.wat","SUPPORTED",17672,17672,0,100.00,"",""
"benchmarks/xblock_wat/cpubankstake_35698474_b3f86de89931.wat","SUPPORTED",17672,17672,0,100.00,"",""
"benchmarks/xblock_wat/cpubankstake_35847398_f5bff8486ced.wat","SUPPORTED",17672,17672,0,100.00,"",""
"benchmarks/xblock_wat/cpubankstake_36506876_4f6bb2eb3676.wat","SUPPORTED",17672,17672,0,100.00,"",""
"benchmarks/xblock_wat/cpubankstake_48206452_a64b06c171d9.wat","SUPPORTED",19431,19431,0,100.00,"",""
"benchmarks/xblock_wat/cpubankstake_60669578_6d049a7444fc.wat","SUPPORTED",19420,19420,0,100.00,"",""
"benchmarks/xblock_wat/cpubankstake_87594614_87cbaea321fc.wat","SUPPORTED",21724,21724,0,100.00,"",""
"benchmarks/xblock_wat/cpubankstake_87596748_ebd684f72e0d.wat","SUPPORTED",21713,21713,0,100.00,"",""
"benchmarks/xblock_wat/cpubankstake_88114444_806f0e0aa872.wat","SUPPORTED",19523,19523,0,100.00,"",""
"benchmarks/xblock_wat/cpubankstake_88385268_01c3a80f0bf6.wat","SUPPORTED",19623,19623,0,100.00,"",""
"benchmarks/xblock_wat/cpubankstake_88723757_cbec40721d5c.wat","SUPPORTED",19623,19623,0,100.00,"",""
"benchmarks/xblock_wat/cpudelegator_28714650_da981b1fdabe.wat","SUPPORTED",4278,4278,0,100.00,"",""
"benchmarks/xblock_wat/cpuemergenc1_16039336_96b0460ea479.wat","SUPPORTED",3857,3857,0,100.00,"",""
"benchmarks/xblock_wat/cpuemergenc1_16934114_67964c8fb58b.wat","SUPPORTED",4373,4373,0,100.00,"",""
"benchmarks/xblock_wat/cpuforthewin_25284289_7c72a95406b3.wat","SUPPORTED",4640,4640,0,100.00,"",""
"benchmarks/xblock_wat/cpuforthewin_25285753_7e964532ef4c.wat","SUPPORTED",4640,4640,0,100.00,"",""
"benchmarks/xblock_wat/cpulaile3333_36368244_7ee71bd60926.wat","SUPPORTED",2044,2044,0,100.00,"",""
"benchmarks/xblock_wat/cpulaile3333_36372445_34681a6afb95.wat","SUPPORTED",2044,2044,0,100.00,"",""
"benchmarks/xblock_wat/cpuzulin1234_34940861_c6ba5ff72562.wat","SUPPORTED",3678,3678,0,100.00,"",""
"benchmarks/xblock_wat/cqhourlot123_59642104_db7953405348.wat","SUPPORTED",34461,34461,0,100.00,"",""
"benchmarks/xblock_wat/cqhourlot123_59642506_f8b186a8f850.wat","SUPPORTED",34461,34461,0,100.00,"",""
"benchmarks/xblock_wat/cqhourlot123_59652284_31f9e2fb9664.wat","SUPPORTED",34679,34679,0,100.00,"",""
"benchmarks/xblock_wat/cqhourlot123_59757661_5cb1b2b1f129.wat","SUPPORTED",45563,45563,0,100.00,"",""
"benchmarks/xblock_wat/cqhourlot123_59761363_35109b245660.wat","SUPPORTED",45723,45723,0,100.00,"",""
"benchmarks/xblock_wat/cqhourlot123_59791228_c3fe2ae7bdcd.wat","SUPPORTED",45756,45756,0,100.00,"",""
"benchmarks/xblock_wat/cqhourlot123_59815849_dc02d1ef39b7.wat","SUPPORTED",52691,52691,0,100.00,"",""
"benchmarks/xblock_wat/cqhourlot123_59819185_e3f184bd4830.wat","SUPPORTED",54635,54635,0,100.00,"",""
"benchmarks/xblock_wat/cqhourlot123_59943020_df740c33c29a.wat","SUPPORTED",55603,55603,0,100.00,"",""
"benchmarks/xblock_wat/cqhourlot123_59947963_16870ee068be.wat","SUPPORTED",56553,56553,0,100.00,"",""
"benchmarks/xblock_wat/cqhourlot123_59951198_6474265f8c7e.wat","SUPPORTED",66363,66363,0,100.00,"",""
"benchmarks/xblock_wat/cqhourlot123_59954646_2c4fc1a3eac4.wat","SUPPORTED",80622,80622,0,100.00,"",""
"benchmarks/xblock_wat/cqhourlot123_59971411_2de1a425650a.wat","SUPPORTED",89889,89889,0,100.00,"",""
"benchmarks/xblock_wat/cqhourlot123_59972171_7b7920699f2b.wat","SUPPORTED",90752,90752,0,100.00,"",""
"benchmarks/xblock_wat/cqhourlot123_59973778_f75aadd1fc1a.wat","SUPPORTED",93125,93125,0,100.00,"",""
"benchmarks/xblock_wat/cqhourlot123_59976920_4787c4b39971.wat","SUPPORTED",93125,93125,0,100.00,"",""
"benchmarks/xblock_wat/cqhourlot123_60445447_3a1fcf08f2b6.wat","SUPPORTED",93278,93278,0,100.00,"",""
"benchmarks/xblock_wat/cqhourlot123_60445769_4a4bb37ee4bb.wat","SUPPORTED",93278,93278,0,100.00,"",""
"benchmarks/xblock_wat/cqhourlot123_60447101_a4adac5608e7.wat","SUPPORTED",93096,93096,0,100.00,"",""
"benchmarks/xblock_wat/cqhourlot123_60487194_772b2f3443c2.wat","SUPPORTED",93096,93096,0,100.00,"",""
"benchmarks/xblock_wat/cqhourlot123_60497048_00553dbc85ff.wat","SUPPORTED",100649,100649,0,100.00,"",""
"benchmarks/xblock_wat/cqhourlot123_60510252_d6db43510db5.wat","SUPPORTED",100901,100901,0,100.00,"",""
"benchmarks/xblock_wat/cqhourlot123_60620688_5b9ff61250bc.wat","SUPPORTED",101366,101366,0,100.00,"",""
"benchmarks/xblock_wat/cqhourlot123_61155856_0292e55fcc99.wat","SUPPORTED",101406,101406,0,100.00,"",""
"benchmarks/xblock_wat/cqhourlot123_61165060_b38614bc7134.wat","SUPPORTED",101406,101406,0,100.00,"",""
"benchmarks/xblock_wat/cqhourlot123_61654791_98fa602cdfe9.wat","SUPPORTED",101419,101419,0,100.00,"",""
"benchmarks/xblock_wat/cqhourlot123_63752990_e3bcc47fddaa.wat","SUPPORTED",101421,101421,0,100.00,"",""
"benchmarks/xblock_wat/cqhourlot123_69468054_97c643070905.wat","SUPPORTED",103053,103053,0,100.00,"",""
"benchmarks/xblock_wat/cqhourlot123_69470314_4a6589d7f1f9.wat","SUPPORTED",103053,103053,0,100.00,"",""
"benchmarks/xblock_wat/cqhourlot123_69994159_0e9635485f0f.wat","SUPPORTED",103053,103053,0,100.00,"",""
"benchmarks/xblock_wat/cqkybktbgjxq_80424615_8cd7ffd8816a.wat","SUPPORTED",2074,2074,0,100.00,"",""
"benchmarks/xblock_wat/cqkybktbgjxq_80425783_33af70ab5238.wat","SUPPORTED",2370,2370,0,100.00,"",""
"benchmarks/xblock_wat/cqkybktbgjxq_89345487_6b49c12a6c7a.wat","SUPPORTED",15524,15524,0,100.00,"",""
"benchmarks/xblock_wat/cqkybktbgjxq_89350176_a8bcb47630b8.wat","SUPPORTED",13887,13887,0,100.00,"",""
"benchmarks/xblock_wat/cqkybktbgjxq_89351017_130400193e02.wat","SUPPORTED",13887,13887,0,100.00,"",""
"benchmarks/xblock_wat/cqkybktbgjxq_89353127_835e1f67e04f.wat","SUPPORTED",15800,15800,0,100.00,"",""
"benchmarks/xblock_wat/cqkybktbgjxq_89353951_9334f2220230.wat","SUPPORTED",15815,15815,0,100.00,"",""
"benchmarks/xblock_wat/cqkybktbgjxq_89355115_90e49d702111.wat","SUPPORTED",15843,15843,0,100.00,"",""
"benchmarks/xblock_wat/cqkybktbgjxq_89356852_4b8747520816.wat","SUPPORTED",15845,15845,0,100.00,"",""
"benchmarks/xblock_wat/cqkybktbgjxq_89361189_a2f03b7fb612.wat","SUPPORTED",15803,15803,0,100.00,"",""
"benchmarks/xblock_wat/cqkybktbgjxq_89367279_5e65112eb9c1.wat","SUPPORTED",17475,17475,0,100.00,"",""
"benchmarks/xblock_wat/cqkybktbgjxq_89371904_26f44b47895a.wat","SUPPORTED",17452,17452,0,100.00,"",""
"benchmarks/xblock_wat/cqkybktbgjxq_89373284_2da2c9c147ee.wat","SUPPORTED",17638,17638,0,100.00,"",""
"benchmarks/xblock_wat/cqkybktbgjxq_89375703_05f4b3243cf6.wat","SUPPORTED",17743,17743,0,100.00,"",""
"benchmarks/xblock_wat/cqkybktbgjxq_89376626_b7960dd3fee9.wat","SUPPORTED",17743,17743,0,100.00,"",""
"benchmarks/xblock_wat/cqkybktbgjxq_89378655_2f6b329b633c.wat","SUPPORTED",17899,17899,0,100.00,"",""
"benchmarks/xblock_wat/cqkybktbgjxq_89382730_6205cfc37103.wat","SUPPORTED",18011,18011,0,100.00,"",""
"benchmarks/xblock_wat/cqkybktbgjxq_89384612_2a4f385eb4a2.wat","SUPPORTED",18011,18011,0,100.00,"",""
"benchmarks/xblock_wat/crashloggerx_28415129_93e0efcb71ec.wat","SUPPORTED",3698,3698,0,100.00,"",""
"benchmarks/xblock_wat/crashloggerx_28952465_fe14009de8f6.wat","SUPPORTED",3858,3858,0,100.00,"",""
"benchmarks/xblock_wat/crazydiceadv_22422304_9e78f336e185.wat","SUPPORTED",2084,2084,0,100.00,"",""
"benchmarks/xblock_wat/crazydicenet_22419053_97d3bbb20362.wat","SUPPORTED",24921,24921,0,100.00,"",""
"benchmarks/xblock_wat/crazydicenet_22430965_beb3790dba74.wat","SUPPORTED",24886,24886,0,100.00,"",""
"benchmarks/xblock_wat/crazydicenet_22533031_acce84411760.wat","SUPPORTED",24881,24881,0,100.00,"",""
"benchmarks/xblock_wat/crazydicenet_22564195_5aff5bacb15d.wat","SUPPORTED",24773,24773,0,100.00,"",""
"benchmarks/xblock_wat/crazyeoscom1_57848605_38a5d12e4801.wat","SUPPORTED",12390,12390,0,100.00,"",""
"benchmarks/xblock_wat/crazyexploit_34434682_dac0c201ce33.wat","SUPPORTED",2643,2643,0,100.00,"",""
"benchmarks/xblock_wat/crazyexploit_34435625_d6b9bde92298.wat","SUPPORTED",2474,2474,0,100.00,"",""
"benchmarks/xblock_wat/crazyexploit_34436782_27cfae270ab8.wat","SUPPORTED",2562,2562,0,100.00,"",""
"benchmarks/xblock_wat/crazyexploit_34438660_1fe9dabe4a5a.wat","SUPPORTED",2736,2736,0,100.00,"",""
"benchmarks/xblock_wat/crazyexploit_34439165_e4069c96c6f9.wat","SUPPORTED",2555,2555,0,100.00,"",""
"benchmarks/xblock_wat/crazyexploit_34440594_0295306112b3.wat","SUPPORTED",2487,2487,0,100.00,"",""
"benchmarks/xblock_wat/crazyexploit_34440899_ac152dedf612.wat","SUPPORTED",2555,2555,0,100.00,"",""
"benchmarks/xblock_wat/crazyexploit_34441158_8e61a18ea6d6.wat","SUPPORTED",2643,2643,0,100.00,"",""
"benchmarks/xblock_wat/crazyexploit_34442372_493cf124dbfd.wat","SUPPORTED",2555,2555,0,100.00,"",""
"benchmarks/xblock_wat/crazyexploit_35846215_a45e1efb4ada.wat","SUPPORTED",6199,6199,0,100.00,"",""
"benchmarks/xblock_wat/crazyexploit_35857040_d10efc4c481a.wat","SUPPORTED",6181,6181,0,100.00,"",""
"benchmarks/xblock_wat/crazyexploit_35860834_bad9a04df72e.wat","SUPPORTED",6319,6319,0,100.00,"",""
"benchmarks/xblock_wat/crazyexploit_35862252_c42afd302004.wat","SUPPORTED",6319,6319,0,100.00,"",""
"benchmarks/xblock_wat/crazyexploit_35863950_df951c4f4718.wat","SUPPORTED",7655,7655,0,100.00,"",""
"benchmarks/xblock_wat/crazyexploit_35864307_0e3bfa5c34cb.wat","SUPPORTED",7662,7662,0,100.00,"",""
"benchmarks/xblock_wat/crazyexploit_35941864_c933c2910eeb.wat","SUPPORTED",7678,7678,0,100.00,"",""
"benchmarks/xblock_wat/crazyexploit_35941959_16be04f06e81.wat","SUPPORTED",7678,7678,0,100.00,"",""
"benchmarks/xblock_wat/crazyexploit_35943613_c0d94436688f.wat","SUPPORTED",7695,7695,0,100.00,"",""
"benchmarks/xblock_wat/crazyexploit_35944491_e3ad805d853c.wat","SUPPORTED",7863,7863,0,100.00,"",""
"benchmarks/xblock_wat/crazymachine_76010077_2e09219353d0.wat","SUPPORTED",47844,47844,0,100.00,"",""
"benchmarks/xblock_wat/crazymachine_76052682_0c568c5fa3c1.wat","SUPPORTED",48120,48120,0,100.00,"",""
"benchmarks/xblock_wat/crazymachine_76338482_0c486d9533f1.wat","SUPPORTED",48094,48094,0,100.00,"",""
"benchmarks/xblock_wat/crazytown.bp_19270376_3dc9d9b2c820.wat","SUPPORTED",21246,21246,0,100.00,"",""
"benchmarks/xblock_wat/crazytown.bp_19273370_e94ecfd9e904.wat","SUPPORTED",21246,21246,0,100.00,"",""
"benchmarks/xblock_wat/crazytown.bp_19273428_4981d70ee1bd.wat","SUPPORTED",21232,21232,0,100.00,"",""
"benchmarks/xblock_wat/crazytown.bp_19273871_3166b443ca78.wat","SUPPORTED",21204,21204,0,100.00,"",""
"benchmarks/xblock_wat/crazytown.bp_20244564_cb001d640864.wat","SUPPORTED",15340,15340,0,100.00,"",""
"benchmarks/xblock_wat/crazytown.bp_20246089_f106291b8f6a.wat","SUPPORTED",15384,15384,0,100.00,"",""
"benchmarks/xblock_wat/crazytown.bp_20246194_45785acd856e.wat","SUPPORTED",15388,15388,0,100.00,"",""
"benchmarks/xblock_wat/crazytown.bp_20255166_cb43086bc4d1.wat","SUPPORTED",15384,15384,0,100.00,"",""
"benchmarks/xblock_wat/crazytown.bp_20255434_becbde26e12b.wat","SUPPORTED",15449,15449,0,100.00,"",""
"benchmarks/xblock_wat/crazytown.bp_20255723_f210cb371d5d.wat","SUPPORTED",15543,15543,0,100.00,"",""
"benchmarks/xblock_wat/crazytown.bp_20255795_aeb3cabd42fb.wat","SUPPORTED",15525,15525,0,100.00,"",""
"benchmarks/xblock_wat/crazytown.bp_20255874_3dc2341da5cc.wat","SUPPORTED",13809,13809,0,100.00,"",""
"benchmarks/xblock_wat/crazytown.bp_20255929_ebb172f08448.wat","SUPPORTED",13827,13827,0,100.00,"",""
"benchmarks/xblock_wat/crazytown.bp_20256371_835e032edc94.wat","SUPPORTED",13747,13747,0,100.00,"",""
"benchmarks/xblock_wat/crazytown.bp_20256437_e7638ba25c50.wat","SUPPORTED",13747,13747,0,100.00,"",""
"benchmarks/xblock_wat/crazytown.bp_20256491_0e982850351b.wat","SUPPORTED",13770,13770,0,100.00,"",""
"benchmarks/xblock_wat/crazytown.bp_20256564_b1989a98c4cf.wat","SUPPORTED",13772,13772,0,100.00,"",""
"benchmarks/xblock_wat/crazytown.bp_20257488_b3a5c8708e46.wat","SUPPORTED",14065,14065,0,100.00,"",""
"benchmarks/xblock_wat/crazytown.bp_20257692_2a6c88447247.wat","SUPPORTED",13966,13966,0,100.00,"",""
"benchmarks/xblock_wat/crazytown.bp_20257906_0d8bff4d9c73.wat","SUPPORTED",13992,13992,0,100.00,"",""
"benchmarks/xblock_wat/crazytown.bp_20258014_5cd2e3b8662a.wat","SUPPORTED",13678,13678,0,100.00,"",""
"benchmarks/xblock_wat/crazytown.bp_20258055_a87945129a75.wat","SUPPORTED",13678,13678,0,100.00,"",""
"benchmarks/xblock_wat/crazytown.bp_20258299_14095a00f421.wat","SUPPORTED",14007,14007,0,100.00,"",""
"benchmarks/xblock_wat/crazytown.bp_20259145_7d19e98679a2.wat","SUPPORTED",15689,15689,0,100.00,"",""
"benchmarks/xblock_wat/crazytown.bp_20262959_6c46d8a25534.wat","SUPPORTED",15761,15761,0,100.00,"",""
"benchmarks/xblock_wat/crazytown.bp_20263414_d69919f91b58.wat","SUPPORTED",15760,15760,0,100.00,"",""
"benchmarks/xblock_wat/crazytown.bp_20263708_879e89bc1e4f.wat","SUPPORTED",15760,15760,0,100.00,"",""
"benchmarks/xblock_wat/crazytown.bp_20264137_e138e6159ec5.wat","SUPPORTED",15742,15742,0,100.00,"",""
"benchmarks/xblock_wat/crazytown.bp_20264381_74b62cf5468f.wat","SUPPORTED",15742,15742,0,100.00,"",""
"benchmarks/xblock_wat/crazytown.bp_20264549_1871d43a0b6a.wat","SUPPORTED",15843,15843,0,100.00,"",""
"benchmarks/xblock_wat/crazytown.bp_20264571_f90e48ebc5c7.wat","SUPPORTED",15900,15900,0,100.00,"",""
"benchmarks/xblock_wat/crazytown.bp_20264727_ab51d178ea15.wat","SUPPORTED",13972,13972,0,100.00,"",""
"benchmarks/xblock_wat/crazytown.bp_20265051_09cf593246de.wat","SUPPORTED",15900,15900,0,100.00,"",""
"benchmarks/xblock_wat/crazytown.bp_20266208_ab17e8d39cd2.wat","SUPPORTED",15794,15794,0,100.00,"",""
"benchmarks/xblock_wat/crazytown.bp_20266274_62ee222c215c.wat","SUPPORTED",13974,13974,0,100.00,"",""
"benchmarks/xblock_wat/crazytown.bp_20266330_5bfa65243a5b.wat","SUPPORTED",14443,14443,0,100.00,"",""
"benchmarks/xblock_wat/crazytown.bp_20266784_149fa71951c9.wat","SUPPORTED",15969,15969,0,100.00,"",""
"benchmarks/xblock_wat/crazytown.bp_20266851_e28915b360e3.wat","SUPPORTED",15763,15763,0,100.00,"",""
"benchmarks/xblock_wat/crazytown.bp_20266906_25ae2cc89d01.wat","SUPPORTED",15311,15311,0,100.00,"",""
"benchmarks/xblock_wat/crazytown.bp_20267145_5e90d48c5750.wat","SUPPORTED",15763,15763,0,100.00,"",""
"benchmarks/xblock_wat/crazytown.bp_20268138_fc77c5bb64de.wat","SUPPORTED",15957,15957,0,100.00,"",""
"benchmarks/xblock_wat/crazytown.bp_20268239_7766a1f3f39a.wat","SUPPORTED",16272,16272,0,100.00,"",""
"benchmarks/xblock_wat/crazytown.bp_20268612_d557f091f0e9.wat","SUPPORTED",16495,16495,0,100.00,"",""
"benchmarks/xblock_wat/crazytown.bp_20269304_50dc29eeefb4.wat","SUPPORTED",16386,16386,0,100.00,"",""
"benchmarks/xblock_wat/crazytown.bp_20269598_169e810d4f7d.wat","SUPPORTED",16420,16420,0,100.00,"",""
"benchmarks/xblock_wat/crazytown.bp_20364970_50d8e969aad7.wat","SUPPORTED",16929,16929,0,100.00,"",""
"benchmarks/xblock_wat/crazytown.bp_20646251_8a8cbf344ed3.wat","SUPPORTED",16237,16237,0,100.00,"",""
"benchmarks/xblock_wat/crazytown.bp_20649411_fa9df8368a55.wat","SUPPORTED",16929,16929,0,100.00,"",""
"benchmarks/xblock_wat/crazytown.bp_20696148_543f0190ce50.wat","SUPPORTED",10588,10588,0,100.00,"",""
"benchmarks/xblock_wat/crazytown.bp_20698141_07cb3fb464d3.wat","SUPPORTED",11012,11012,0,100.00,"",""
"benchmarks/xblock_wat/crazytown.bp_20699954_7026ce1c838a.wat","SUPPORTED",11012,11012,0,100.00,"",""
"benchmarks/xblock_wat/crazytown.bp_20707746_7a95ce366412.wat","SUPPORTED",11028,11028,0,100.00,"",""
"benchmarks/xblock_wat/crazytown.bp_20712849_cd12c8745010.wat","SUPPORTED",11032,11032,0,100.00,"",""
"benchmarks/xblock_wat/crazytown.bp_20970911_3820040c3f2f.wat","SUPPORTED",11077,11077,0,100.00,"",""
"benchmarks/xblock_wat/crazytown.bp_21009698_c5d56e2fa382.wat","SUPPORTED",11292,11292,0,100.00,"",""
"benchmarks/xblock_wat/crazytown.bp_21010792_7d30d665f03d.wat","SUPPORTED",11810,11810,0,100.00,"",""
"benchmarks/xblock_wat/crazytown.bp_21011200_2cb2bd99999e.wat","SUPPORTED",11810,11810,0,100.00,"",""
"benchmarks/xblock_wat/crazytown.bp_21011919_f49b9bffe223.wat","SUPPORTED",11806,11806,0,100.00,"",""
"benchmarks/xblock_wat/crazytown.bp_21012852_9a04830f3e59.wat","SUPPORTED",11510,11510,0,100.00,"",""
"benchmarks/xblock_wat/crazytown.bp_21039612_a09fc07a6ed3.wat","SUPPORTED",13955,13955,0,100.00,"",""
"benchmarks/xblock_wat/crazytown.bp_21041333_ea8a7e833bcb.wat","SUPPORTED",14232,14232,0,100.00,"",""
"benchmarks/xblock_wat/crazytown.bp_21041592_4e9637d199d8.wat","SUPPORTED",14232,14232,0,100.00,"",""
"benchmarks/xblock_wat/crazytown.bp_21041813_7ba91868238f.wat","SUPPORTED",14232,14232,0,100.00,"",""
"benchmarks/xblock_wat/crazytown.bp_21045032_7cebe3fcace5.wat","SUPPORTED",14292,14292,0,100.00,"",""
"benchmarks/xblock_wat/crazytown.bp_21047867_fb199b0f09c6.wat","SUPPORTED",14264,14264,0,100.00,"",""
"benchmarks/xblock_wat/crazytown.bp_21048480_f8a9750da3a7.wat","SUPPORTED",14261,14261,0,100.00,"",""
"benchmarks/xblock_wat/crazytown.bp_21049006_2c98544b68d9.wat","SUPPORTED",14243,14243,0,100.00,"",""
"benchmarks/xblock_wat/crazytown.bp_21049418_6af4903f0093.wat","SUPPORTED",14210,14210,0,100.00,"",""
"benchmarks/xblock_wat/crazytown.bp_21050664_613e9c06ea3a.wat","SUPPORTED",15327,15327,0,100.00,"",""
"benchmarks/xblock_wat/crazytown.bp_21051696_a01f682188dd.wat","SUPPORTED",13481,13481,0,100.00,"",""
"benchmarks/xblock_wat/crazytown.bp_21051804_200f7754d9e5.wat","SUPPORTED",15327,15327,0,100.00,"",""
"benchmarks/xblock_wat/crazytown.bp_21051952_9fb1029cf109.wat","SUPPORTED",15323,15323,0,100.00,"",""
"benchmarks/xblock_wat/crazytown.bp_21052193_8bb799ba81cc.wat","SUPPORTED",15344,15344,0,100.00,"",""
"benchmarks/xblock_wat/crazytown.bp_21052300_cda633190669.wat","SUPPORTED",15189,15189,0,100.00,"",""
"benchmarks/xblock_wat/crazytown.bp_21137192_735e0d37590b.wat","SUPPORTED",14434,14434,0,100.00,"",""
"benchmarks/xblock_wat/crazytown.bp_21145532_0843ecba4cde.wat","SUPPORTED",14645,14645,0,100.00,"",""
"benchmarks/xblock_wat/crazytown.bp_21146144_0ac426482cfc.wat","SUPPORTED",14917,14917,0,100.00,"",""
"benchmarks/xblock_wat/crazytown.bp_21147717_7ac0cc3f40b6.wat","SUPPORTED",11721,11721,0,100.00,"",""
"benchmarks/xblock_wat/crazytown.bp_21147972_b22348a5adc7.wat","SUPPORTED",11510,11510,0,100.00,"",""
"benchmarks/xblock_wat/crazytown.bp_21149048_79e4c1f0bc1d.wat","SUPPORTED",11508,11508,0,100.00,"",""
"benchmarks/xblock_wat/crazytown.bp_21149251_fd8bf5b3c89e.wat","SUPPORTED",11719,11719,0,100.00,"",""
"benchmarks/xblock_wat/crazytown.bp_21150016_4e5e75f03600.wat","SUPPORTED",11723,11723,0,100.00,"",""
"benchmarks/xblock_wat/crazytown.bp_21150272_36bdfc5dfd5c.wat","SUPPORTED",11637,11637,0,100.00,"",""
"benchmarks/xblock_wat/crazytown.bp_21151599_bceedc014a66.wat","SUPPORTED",11462,11462,0,100.00,"",""
"benchmarks/xblock_wat/crazytown.bp_21152502_d18f03c85c37.wat","SUPPORTED",11401,11401,0,100.00,"",""
"benchmarks/xblock_wat/crazytown.bp_21163715_0e11bb55c4f1.wat","SUPPORTED",11490,11490,0,100.00,"",""
"benchmarks/xblock_wat/crazytown.bp_21189342_d10d836a7975.wat","SUPPORTED",15553,15553,0,100.00,"",""
"benchmarks/xblock_wat/crazytown.bp_21219117_485c3d92623f.wat","SUPPORTED",14746,14746,0,100.00,"",""
"benchmarks/xblock_wat/crazytown.bp_21223884_9f61c86670ad.wat","SUPPORTED",17933,17933,0,100.00,"",""
"benchmarks/xblock_wat/crazytown.bp_21239278_74f0381d564a.wat","SUPPORTED",19112,19112,0,100.00,"",""
"benchmarks/xblock_wat/crazytown.bp_21239466_740857a03493.wat","SUPPORTED",19121,19121,0,100.00,"",""
"benchmarks/xblock_wat/crazytown.bp_21240853_573683a2dcb3.wat","SUPPORTED",19216,19216,0,100.00,"",""
"benchmarks/xblock_wat/crazytown.bp_21241153_0b914956107a.wat","SUPPORTED",19575,19575,0,100.00,"",""
"benchmarks/xblock_wat/crazytown.bp_21241422_394562dab142.wat","SUPPORTED",19678,19678,0,100.00,"",""
"benchmarks/xblock_wat/crazytown.bp_21245721_67f51b757bd4.wat","SUPPORTED",20552,20552,0,100.00,"",""
"benchmarks/xblock_wat/crazytown.bp_21246568_0c4e0b87799f.wat","SUPPORTED",20557,20557,0,100.00,"",""
"benchmarks/xblock_wat/crazytown.bp_21246711_9d4ee6cb7e24.wat","SUPPORTED",20569,20569,0,100.00,"",""
"benchmarks/xblock_wat/crazytown.bp_21247757_7710b76fbafd.wat","SUPPORTED",20382,20382,0,100.00,"",""
"benchmarks/xblock_wat/crazytown.bp_21247889_6f4907df01ef.wat","SUPPORTED",20378,20378,0,100.00,"",""
"benchmarks/xblock_wat/crazytown.bp_21251209_e27031e303d5.wat","SUPPORTED",20400,20400,0,100.00,"",""
"benchmarks/xblock_wat/crazytown.bp_21251788_2d4ea38ec081.wat","SUPPORTED",20404,20404,0,100.00,"",""
"benchmarks/xblock_wat/crazytown.bp_21251905_d69c7338a434.wat","SUPPORTED",20410,20410,0,100.00,"",""
"benchmarks/xblock_wat/crazytown.bp_21253103_1205422c5c7a.wat","SUPPORTED",20420,20420,0,100.00,"",""
"benchmarks/xblock_wat/crazytown.bp_21253407_788b7cac43ee.wat","SUPPORTED",20405,20405,0,100.00,"",""
"benchmarks/xblock_wat/crazytown.bp_21260835_74f08efca481.wat","SUPPORTED",20405,20405,0,100.00,"",""
"benchmarks/xblock_wat/crazytown.bp_21267350_f5635aa88640.wat","SUPPORTED",20738,20738,0,100.00,"",""
"benchmarks/xblock_wat/crazytown.bp_21267497_f01b0550f9fc.wat","SUPPORTED",20738,20738,0,100.00,"",""
"benchmarks/xblock_wat/crazytown.bp_21267685_7cafc51f04b7.wat","SUPPORTED",20829,20829,0,100.00,"",""
"benchmarks/xblock_wat/crazytown.bp_21299345_4a1e34ab5cb5.wat","SUPPORTED",20299,20299,0,100.00,"",""
"benchmarks/xblock_wat/crazytown.bp_21300174_ec6bba066bd2.wat","SUPPORTED",20009,20009,0,100.00,"",""
"benchmarks/xblock_wat/crazytown.bp_21305693_09a38bef3223.wat","SUPPORTED",19981,19981,0,100.00,"",""
"benchmarks/xblock_wat/crazytown.bp_21314435_3449e9876200.wat","SUPPORTED",20003,20003,0,100.00,"",""
"benchmarks/xblock_wat/crazytown.bp_21358072_fc28baa1abfe.wat","SUPPORTED",20008,20008,0,100.00,"",""
"benchmarks/xblock_wat/crazytown.bp_21374355_62a8e426f45e.wat","SUPPORTED",20022,20022,0,100.00,"",""
"benchmarks/xblock_wat/crazytown.bp_21374922_34728ee0f442.wat","SUPPORTED",20048,20048,0,100.00,"",""
"benchmarks/xblock_wat/crazytown.bp_21385380_e2e42684b79f.wat","SUPPORTED",20104,20104,0,100.00,"",""
"benchmarks/xblock_wat/crazytown.bp_21388948_c857b2affd38.wat","SUPPORTED",20161,20161,0,100.00,"",""
"benchmarks/xblock_wat/crazytown.bp_21403344_1ca534e32e91.wat","SUPPORTED",20161,20161,0,100.00,"",""
"benchmarks/xblock_wat/crazytown.bp_21668923_1097aab3af1d.wat","SUPPORTED",20170,20170,0,100.00,"",""
"benchmarks/xblock_wat/crazytown.bp_21829792_e3c55e0fb8df.wat","SUPPORTED",12557,12557,0,100.00,"",""
"benchmarks/xblock_wat/crazytown.bp_21830682_85e010a47ee6.wat","SUPPORTED",19562,19562,0,100.00,"",""
"benchmarks/xblock_wat/crazytown.bp_21845772_098e9740a638.wat","SUPPORTED",19562,19562,0,100.00,"",""
"benchmarks/xblock_wat/crazytown.bp_21872822_6e804988806e.wat","SUPPORTED",19562,19562,0,100.00,"",""
"benchmarks/xblock_wat/crazytown.bp_21900378_add8ce74ea59.wat","SUPPORTED",20174,20174,0,100.00,"",""
"benchmarks/xblock_wat/crazytown.bp_21906094_114f62352ad4.wat","SUPPORTED",20173,20173,0,100.00,"",""
"benchmarks/xblock_wat/crazytown.bp_21928422_846948a30800.wat","SUPPORTED",20173,20173,0,100.00,"",""
"benchmarks/xblock_wat/crazytown.bp_22069698_84a21f7ff0b3.wat","SUPPORTED",20171,20171,0,100.00,"",""
"benchmarks/xblock_wat/crazytown.bp_22069878_9ed6e384036e.wat","SUPPORTED",20171,20171,0,100.00,"",""
"benchmarks/xblock_wat/crazytown.bp_22078065_27c4a919d1c2.wat","SUPPORTED",20173,20173,0,100.00,"",""
"benchmarks/xblock_wat/crazytown.bp_22140588_64e11ac753d9.wat","SUPPORTED",17438,17438,0,100.00,"",""
"benchmarks/xblock_wat/crazytown.bp_22153470_f13fc52ee4a0.wat","SUPPORTED",17444,17444,0,100.00,"",""
"benchmarks/xblock_wat/crazytown.bp_22268479_f11fc5334673.wat","SUPPORTED",17438,17438,0,100.00,"",""
"benchmarks/xblock_wat/crazytown.bp_22268752_99c9cf76ab61.wat","SUPPORTED",17436,17436,0,100.00,"",""
"benchmarks/xblock_wat/crazytown.bp_22568532_f777a855d16a.wat","SUPPORTED",9119,9119,0,100.00,"",""
"benchmarks/xblock_wat/crazytown.bp_22916541_9c896045462c.wat","SUPPORTED",20579,20579,0,100.00,"",""
"benchmarks/xblock_wat/crazytown.bp_23894176_4c71a23e0bae.wat","SUPPORTED",21441,21441,0,100.00,"",""
"benchmarks/xblock_wat/crazytown.bp_23894458_d6117ba8a774.wat","SUPPORTED",21441,21441,0,100.00,"",""
"benchmarks/xblock_wat/crazytown.bp_23894619_5e226fc44652.wat","SUPPORTED",20294,20294,0,100.00,"",""
"benchmarks/xblock_wat/crazytown.bp_23894827_e9ad459e515b.wat","SUPPORTED",20268,20268,0,100.00,"",""
"benchmarks/xblock_wat/crazytown.bp_23894972_d4b3d319d017.wat","SUPPORTED",20268,20268,0,100.00,"",""
"benchmarks/xblock_wat/crazytown.bp_23895371_ecfdea2d8996.wat","SUPPORTED",21441,21441,0,100.00,"",""
"benchmarks/xblock_wat/crazytown.bp_24160462_1f5aabbc359e.wat","SUPPORTED",21676,21676,0,100.00,"",""
"benchmarks/xblock_wat/crazytown.bp_24162766_47c7402665d2.wat","SUPPORTED",21557,21557,0,100.00,"",""
"benchmarks/xblock_wat/crazytown.bp_24163038_7ee7d5c78f9a.wat","SUPPORTED",20425,20425,0,100.00,"",""
"benchmarks/xblock_wat/crazytown.bp_24163246_cc90a2f46b72.wat","SUPPORTED",20294,20294,0,100.00,"",""
"benchmarks/xblock_wat/crazytown.bp_24166598_d83733f77f30.wat","SUPPORTED",21676,21676,0,100.00,"",""
"benchmarks/xblock_wat/crazytown.bp_25136893_40e91ed81a56.wat","SUPPORTED",22367,22367,0,100.00,"",""
"benchmarks/xblock_wat/crazytown.bp_25137005_57213abfd123.wat","SUPPORTED",22367,22367,0,100.00,"",""
"benchmarks/xblock_wat/crazytown.bp_25137132_fb78377b525f.wat","SUPPORTED",22367,22367,0,100.00,"",""
"benchmarks/xblock_wat/crazytown.bp_25139281_430b764512d0.wat","SUPPORTED",13101,13101,0,100.00,"",""
"benchmarks/xblock_wat/crazytown.bp_25309614_7a6c4afa6fcc.wat","SUPPORTED",20592,20592,0,100.00,"",""
"benchmarks/xblock_wat/crazytown.bp_25412306_988cc2228c3d.wat","SUPPORTED",20155,20155,0,100.00,"",""
"benchmarks/xblock_wat/crazytown.bp_25415580_a78d7573ee7f.wat","SUPPORTED",20870,20870,0,100.00,"",""
"benchmarks/xblock_wat/crazytown.bp_25469987_bd2feef0b8d0.wat","SUPPORTED",22015,22015,0,100.00,"",""
"benchmarks/xblock_wat/crazytown.bp_25470886_ff6ea46bfdad.wat","SUPPORTED",21394,21394,0,100.00,"",""
"benchmarks/xblock_wat/crazytown.bp_25471898_f2a7caf37f7f.wat","SUPPORTED",21722,21722,0,100.00,"",""
"benchmarks/xblock_wat/crazytown.bp_25472585_9db17d6cdc48.wat","SUPPORTED",21605,21605,0,100.00,"",""
"benchmarks/xblock_wat/crazytown.bp_25489929_baaced48290a.wat","SUPPORTED",21771,21771,0,100.00,"",""
"benchmarks/xblock_wat/crazytown.bp_25491902_5ce72a1e0937.wat","SUPPORTED",21900,21900,0,100.00,"",""
"benchmarks/xblock_wat/crazytown.bp_25499433_2e99bf0c2ed9.wat","SUPPORTED",21612,21612,0,100.00,"",""
"benchmarks/xblock_wat/crazytown.bp_25499843_9f489e7653b0.wat","SUPPORTED",21036,21036,0,100.00,"",""
"benchmarks/xblock_wat/crazytown.bp_25500757_f803ea8206ee.wat","SUPPORTED",21222,21222,0,100.00,"",""
"benchmarks/xblock_wat/crazytown.bp_25518331_16feffdd47b2.wat","SUPPORTED",21955,21955,0,100.00,"",""
"benchmarks/xblock_wat/crazytown.bp_25524636_bd159944239e.wat","SUPPORTED",21752,21752,0,100.00,"",""
"benchmarks/xblock_wat/crazytown.bp_25534698_9e843d611ec0.wat","SUPPORTED",23069,23069,0,100.00,"",""
"benchmarks/xblock_wat/crazytown.bp_25534752_93d120e4a3ee.wat","SUPPORTED",23041,23041,0,100.00,"",""
"benchmarks/xblock_wat/crazytown.bp_25535636_49109709c4bc.wat","SUPPORTED",23061,23061,0,100.00,"",""
"benchmarks/xblock_wat/crazytown.bp_25536233_dc4c6f015785.wat","SUPPORTED",23291,23291,0,100.00,"",""
"benchmarks/xblock_wat/crazytown.bp_25554265_dacc3d8dce1a.wat","SUPPORTED",23612,23612,0,100.00,"",""
"benchmarks/xblock_wat/crazytown.bp_25866390_9316921c33dd.wat","SUPPORTED",23633,23633,0,100.00,"",""
"benchmarks/xblock_wat/crazytown.bp_26078948_c17f195597cb.wat","SUPPORTED",23573,23573,0,100.00,"",""
"benchmarks/xblock_wat/crazytown.bp_29451437_68ea518f8cb8.wat","SUPPORTED",23394,23394,0,100.00,"",""
"benchmarks/xblock_wat/crazytown.bp_29455793_fe28d34b3600.wat","SUPPORTED",23446,23446,0,100.00,"",""
"benchmarks/xblock_wat/crazytown.bp_29463631_1fc69230608f.wat","SUPPORTED",23552,23552,0,100.00,"",""
"benchmarks/xblock_wat/crazytown.bp_29465816_df90b97128b2.wat","SUPPORTED",23573,23573,0,100.00,"",""
"benchmarks/xblock_wat/crazytown.bp_29468629_cf931dbfccb8.wat","SUPPORTED",23513,23513,0,100.00,"",""
"benchmarks/xblock_wat/crazytown.bp_29639386_5179b01dc72d.wat","SUPPORTED",23449,23449,0,100.00,"",""
"benchmarks/xblock_wat/crazytown.bp_29676838_84a563a91b55.wat","SUPPORTED",23444,23444,0,100.00,"",""
"benchmarks/xblock_wat/crazytown.bp_29776781_d9dbf04f9924.wat","SUPPORTED",23710,23710,0,100.00,"",""
"benchmarks/xblock_wat/crazytown.bp_29787591_c2e7ce4e6e35.wat","SUPPORTED",23861,23861,0,100.00,"",""
"benchmarks/xblock_wat/crazytownftg_29262744_982f3cefeabd.wat","SUPPORTED",5672,5672,0,100.00,"",""
"benchmarks/xblock_wat/crazytowntea_28812042_eebdd810fa32.wat","SUPPORTED",6292,6292,0,100.00,"",""
"benchmarks/xblock_wat/crazytowntea_28817089_c5ed7f2fedac.wat","SUPPORTED",6292,6292,0,100.00,"",""
"benchmarks/xblock_wat/crazytowntea_28905100_5d9fc03b88ce.wat","SUPPORTED",6331,6331,0,100.00,"",""
"benchmarks/xblock_wat/crazytowntea_29575027_13fabb947e30.wat","SUPPORTED",3596,3596,0,100.00,"",""
"benchmarks/xblock_wat/createbridge_33064104_9d2a280556a3.wat","SUPPORTED",9874,9874,0,100.00,"",""
"benchmarks/xblock_wat/createbridge_33094518_04849b069eb7.wat","SUPPORTED",13245,13245,0,100.00,"",""
"benchmarks/xblock_wat/createbridge_35156251_5989c7372e19.wat","SUPPORTED",13403,13403,0,100.00,"",""
"benchmarks/xblock_wat/createbridge_39122765_6f11f522e915.wat","SUPPORTED",12656,12656,0,100.00,"",""
"benchmarks/xblock_wat/createbridge_39123129_68158e727ae2.wat","SUPPORTED",13536,13536,0,100.00,"",""
"benchmarks/xblock_wat/createbridge_39123171_40add0fb6a9a.wat","SUPPORTED",13536,13536,0,100.00,"",""
"benchmarks/xblock_wat/createbridge_39123937_a666803645e5.wat","SUPPORTED",13551,13551,0,100.00,"",""
"benchmarks/xblock_wat/createbridge_51081478_34c93a223d12.wat","SUPPORTED",12230,12230,0,100.00,"",""
"benchmarks/xblock_wat/createbridge_51086620_104f922c2540.wat","SUPPORTED",11769,11769,0,100.00,"",""
"benchmarks/xblock_wat/createbridge_51086923_8bfba79220e7.wat","SUPPORTED",11766,11766,0,100.00,"",""
"benchmarks/xblock_wat/createbridge_51667823_4a39bf38b018.wat","SUPPORTED",15030,15030,0,100.00,"",""
"benchmarks/xblock_wat/createbridge_51668564_95f3de72ffd5.wat","SUPPORTED",11680,11680,0,100.00,"",""
"benchmarks/xblock_wat/creatembtoke_77804582_852f65bb543a.wat","SUPPORTED",10025,10025,0,100.00,"",""
"benchmarks/xblock_wat/createtoken1_70758680_8f8dbb853810.wat","SUPPORTED",8254,8254,0,100.00,"",""
"benchmarks/xblock_wat/creatorcnvrt_74836932_18611fb30113.wat","SUPPORTED",32363,32363,0,100.00,"",""
"benchmarks/xblock_wat/creatorcnvrt_77056290_6cf9d0c1e4b7.wat","SUPPORTED",33189,33189,0,100.00,"",""
"benchmarks/xblock_wat/creatorcnvrt_77060677_a8a67208b994.wat","SUPPORTED",33449,33449,0,100.00,"",""
"benchmarks/xblock_wat/creatorcnvrt_77061527_d87f161f3fcf.wat","SUPPORTED",33967,33967,0,100.00,"",""
"benchmarks/xblock_wat/creatorcnvrt_77062249_3a5b20e18094.wat","SUPPORTED",33189,33189,0,100.00,"",""
"benchmarks/xblock_wat/creatorcnvrt_86209152_06660f4bc10a.wat","SUPPORTED",33188,33188,0,100.00,"",""
"benchmarks/xblock_wat/creatorcnvrt_86216278_9dee60ac88af.wat","SUPPORTED",33909,33909,0,100.00,"",""
"benchmarks/xblock_wat/creatorcnvrt_86220156_239ed034f5c9.wat","SUPPORTED",33197,33197,0,100.00,"",""
"benchmarks/xblock_wat/creators.vip_46494358_cfb987630b6d.wat","SUPPORTED",2128,2128,0,100.00,"",""
"benchmarks/xblock_wat/creatortokns_74836966_e2153ec82c12.wat","SUPPORTED",11459,11459,0,100.00,"",""
"benchmarks/xblock_wat/creatortokns_77056348_22b71c4bf70c.wat","SUPPORTED",12979,12979,0,100.00,"",""
"benchmarks/xblock_wat/crgcasinopay_77109278_a1b0499bd6e9.wat","SUPPORTED",14980,14980,0,100.00,"",""
"benchmarks/xblock_wat/crheroes1cht_82268827_f2d3f19a1e86.wat","SUPPORTED",9219,9219,0,100.00,"",""
"benchmarks/xblock_wat/crheroes1cht_82272944_ebc8642f7d71.wat","SUPPORTED",9219,9219,0,100.00,"",""
"benchmarks/xblock_wat/crheroes1cht_82289612_236b3fa8ad84.wat","SUPPORTED",10044,10044,0,100.00,"",""
"benchmarks/xblock_wat/crheroes1cht_82301612_26fd87ff9caf.wat","SUPPORTED",13936,13936,0,100.00,"",""
"benchmarks/xblock_wat/crheroes1cht_82313328_cd0247ec3dde.wat","SUPPORTED",9290,9290,0,100.00,"",""
"benchmarks/xblock_wat/crheroes1cht_82313610_9c8476b985cd.wat","SUPPORTED",9290,9290,0,100.00,"",""
"benchmarks/xblock_wat/crheroes1cht_82316193_f6fcce1ffcd2.wat","SUPPORTED",13989,13989,0,100.00,"",""
"benchmarks/xblock_wat/crheroes1cht_85018520_cf4228308aa4.wat","SUPPORTED",14475,14475,0,100.00,"",""
"benchmarks/xblock_wat/crheroes1cht_88150470_f492a00541a5.wat","SUPPORTED",15936,15936,0,100.00,"",""
"benchmarks/xblock_wat/crheroes1cht_88255530_fd7f5652cdc3.wat","SUPPORTED",15936,15936,0,100.00,"",""
"benchmarks/xblock_wat/crheroesdsbt_80048978_75e06401cbdf.wat","SUPPORTED",23363,23363,0,100.00,"",""
"benchmarks/xblock_wat/crheroesdsbt_80055809_23d636f6c5e4.wat","SUPPORTED",24093,24093,0,100.00,"",""
"benchmarks/xblock_wat/crheroesdsbt_80135056_2f6d080291e9.wat","SUPPORTED",24370,24370,0,100.00,"",""
"benchmarks/xblock_wat/crheroesdsbt_80135951_740683bf40f6.wat","SUPPORTED",24491,24491,0,100.00,"",""
"benchmarks/xblock_wat/crheroesdsbt_80136406_d97d47a2bd61.wat","SUPPORTED",24545,24545,0,100.00,"",""
"benchmarks/xblock_wat/crheroesdsbt_80147482_b534aced344f.wat","SUPPORTED",23851,23851,0,100.00,"",""
"benchmarks/xblock_wat/crheroesdsbt_80148675_3ea762a48a86.wat","SUPPORTED",23853,23853,0,100.00,"",""
"benchmarks/xblock_wat/crheroesdsbt_80149085_81ac6afe4945.wat","SUPPORTED",23799,23799,0,100.00,"",""
"benchmarks/xblock_wat/crheroesdsbt_80149932_c147a2964d69.wat","SUPPORTED",23908,23908,0,100.00,"",""
"benchmarks/xblock_wat/crheroesdsbt_80158365_15d819620671.wat","SUPPORTED",23619,23619,0,100.00,"",""
"benchmarks/xblock_wat/crheroesdsbt_80159006_bbce6c5fabcf.wat","SUPPORTED",23896,23896,0,100.00,"",""
"benchmarks/xblock_wat/crheroesdsbt_80159369_e641301b1b84.wat","SUPPORTED",23909,23909,0,100.00,"",""
"benchmarks/xblock_wat/crheroesdsbt_80159522_a0cebfa68611.wat","SUPPORTED",23900,23900,0,100.00,"",""
"benchmarks/xblock_wat/crheroesdsbt_80159732_0e60630af833.wat","SUPPORTED",23810,23810,0,100.00,"",""
"benchmarks/xblock_wat/crheroesdsbt_80162753_afceb06cd47c.wat","SUPPORTED",25610,25610,0,100.00,"",""
"benchmarks/xblock_wat/crheroesdsbt_80179720_fb3016d758c4.wat","SUPPORTED",25610,25610,0,100.00,"",""
"benchmarks/xblock_wat/crheroesdsbt_82269166_0647664f065e.wat","SUPPORTED",27528,27528,0,100.00,"",""
"benchmarks/xblock_wat/crheroesdsbt_88274097_d4aa456413e6.wat","SUPPORTED",27528,27528,0,100.00,"",""
"benchmarks/xblock_wat/crheroesgame_88266821_56ef931059f3.wat","SUPPORTED",207636,207636,0,100.00,"",""
"benchmarks/xblock_wat/crheroessend_69663914_011bcaa9bae2.wat","SUPPORTED",1373,1373,0,100.00,"",""
"benchmarks/xblock_wat/crheroestest_75839877_dc85d13578c7.wat","SUPPORTED",16036,16036,0,100.00,"",""
"benchmarks/xblock_wat/crheroestest_75841783_12205907781c.wat","SUPPORTED",16036,16036,0,100.00,"",""
"benchmarks/xblock_wat/crheroestest_75842138_79f993375d32.wat","SUPPORTED",16065,16065,0,100.00,"",""
"benchmarks/xblock_wat/crheroestest_75842996_275ee72374be.wat","SUPPORTED",16094,16094,0,100.00,"",""
"benchmarks/xblock_wat/crheroestest_75843517_7f47ffe1e402.wat","SUPPORTED",15944,15944,0,100.00,"",""
"benchmarks/xblock_wat/crheroestest_75843724_0a9b0dfdb965.wat","SUPPORTED",15932,15932,0,100.00,"",""
"benchmarks/xblock_wat/crheroestest_76019469_77b494fb7140.wat","SUPPORTED",1818,1818,0,100.00,"",""
"benchmarks/xblock_wat/crheroestest_76310880_ce78538030d1.wat","SUPPORTED",46828,46828,0,100.00,"",""
"benchmarks/xblock_wat/crheroestest_76573344_5782341ea5ed.wat","SUPPORTED",61331,61331,0,100.00,"",""
"benchmarks/xblock_wat/crheroestest_77144954_52b5978043b5.wat","SUPPORTED",75270,75270,0,100.00,"",""
"benchmarks/xblock_wat/crheroestest_77241434_7f37a6172812.wat","SUPPORTED",73214,73214,0,100.00,"",""
"benchmarks/xblock_wat/crheroestest_77247461_40587614096d.wat","SUPPORTED",73214,73214,0,100.00,"",""
"benchmarks/xblock_wat/crheroestest_77265761_5d835d66f244.wat","SUPPORTED",73356,73356,0,100.00,"",""
"benchmarks/xblock_wat/crheroestest_77297135_68729eb6920e.wat","SUPPORTED",73460,73460,0,100.00,"",""
"benchmarks/xblock_wat/crheroestest_77306438_20334eedfefb.wat","SUPPORTED",75248,75248,0,100.00,"",""
"benchmarks/xblock_wat/crheroestest_77467839_f89b1193c2e6.wat","SUPPORTED",73717,73717,0,100.00,"",""
"benchmarks/xblock_wat/crheroestest_78510823_bb495a29f4ef.wat","SUPPORTED",80643,80643,0,100.00,"",""
"benchmarks/xblock_wat/crheroestest_78660751_1d258592a388.wat","SUPPORTED",85715,85715,0,100.00,"",""
"benchmarks/xblock_wat/crheroestest_78666651_07fb0bb0adac.wat","SUPPORTED",86885,86885,0,100.00,"",""
"benchmarks/xblock_wat/crheroestest_78677273_0da3bcb3d6ef.wat","SUPPORTED",86828,86828,0,100.00,"",""
"benchmarks/xblock_wat/crheroestest_78679697_53ac296ca027.wat","SUPPORTED",86866,86866,0,100.00,"",""
"benchmarks/xblock_wat/crheroestest_79457628_b863f2f46a2a.wat","SUPPORTED",107065,107065,0,100.00,"",""
"benchmarks/xblock_wat/crheroestest_79458018_476580b004bc.wat","SUPPORTED",106545,106545,0,100.00,"",""
"benchmarks/xblock_wat/crheroestest_79460067_409d0adb5e2e.wat","SUPPORTED",106546,106546,0,100.00,"",""
"benchmarks/xblock_wat/crheroestest_79460463_ad76745eed58.wat","SUPPORTED",106545,106545,0,100.00,"",""
"benchmarks/xblock_wat/crheroestest_79460703_319ebaa47ccb.wat","SUPPORTED",106555,106555,0,100.00,"",""
"benchmarks/xblock_wat/crheroestest_79477203_19a24a9e8b64.wat","SUPPORTED",106555,106555,0,100.00,"",""
"benchmarks/xblock_wat/crheroestest_79669492_74a0af47b060.wat","SUPPORTED",106555,106555,0,100.00,"",""
"benchmarks/xblock_wat/crheroestest_79702066_5abb7d13e3ea.wat","SUPPORTED",106555,106555,0,100.00,"",""
"benchmarks/xblock_wat/crheroestest_79785062_14513312702b.wat","SUPPORTED",107750,107750,0,100.00,"",""
"benchmarks/xblock_wat/crheroestest_79786097_c99b50f09c19.wat","SUPPORTED",107891,107891,0,100.00,"",""
"benchmarks/xblock_wat/crheroestest_79802637_d2065589924d.wat","SUPPORTED",107931,107931,0,100.00,"",""
"benchmarks/xblock_wat/crheroestest_79803043_6e401ec9e2d4.wat","SUPPORTED",107933,107933,0,100.00,"",""
"benchmarks/xblock_wat/crheroestest_79804714_d7703ae03c9e.wat","SUPPORTED",107933,107933,0,100.00,"",""
"benchmarks/xblock_wat/crheroestest_79992965_a8650f797ba1.wat","SUPPORTED",107952,107952,0,100.00,"",""
"benchmarks/xblock_wat/crheroestest_79996422_4a0502e27bde.wat","SUPPORTED",107869,107869,0,100.00,"",""
"benchmarks/xblock_wat/crheroestest_80189569_73ad6ca7d8d9.wat","SUPPORTED",105499,105499,0,100.00,"",""
"benchmarks/xblock_wat/crheroestest_80192103_3856a1b31243.wat","SUPPORTED",105511,105511,0,100.00,"",""
"benchmarks/xblock_wat/crheroestest_80193638_688c548ecbc5.wat","SUPPORTED",105571,105571,0,100.00,"",""
"benchmarks/xblock_wat/crheroestest_80561639_65dcf02d8b09.wat","SUPPORTED",131800,131800,0,100.00,"",""
"benchmarks/xblock_wat/crheroestest_80571220_849acd141fba.wat","SUPPORTED",132183,132183,0,100.00,"",""
"benchmarks/xblock_wat/crheroestest_80920675_1467b736960e.wat","SUPPORTED",132217,132217,0,100.00,"",""
"benchmarks/xblock_wat/crheroestest_81060186_d17df6047788.wat","SUPPORTED",142640,142640,0,100.00,"",""
"benchmarks/xblock_wat/crheroestest_81072179_4a7dc0921752.wat","SUPPORTED",143057,143057,0,100.00,"",""
"benchmarks/xblock_wat/crheroestest_81073136_a1cce6d36f7f.wat","SUPPORTED",143057,143057,0,100.00,"",""
"benchmarks/xblock_wat/crheroestest_81089662_e9b909d38132.wat","SUPPORTED",147054,147054,0,100.00,"",""
"benchmarks/xblock_wat/crheroestest_81183464_006addf4818c.wat","SUPPORTED",147060,147060,0,100.00,"",""
"benchmarks/xblock_wat/crheroestest_81183951_8c89155795ca.wat","SUPPORTED",147060,147060,0,100.00,"",""
"benchmarks/xblock_wat/crheroestest_81265455_76037465907a.wat","SUPPORTED",147060,147060,0,100.00,"",""
"benchmarks/xblock_wat/crheroestest_81350551_0fc3c03501cb.wat","SUPPORTED",146941,146941,0,100.00,"",""
"benchmarks/xblock_wat/crheroestest_81377470_95a9b5854911.wat","SUPPORTED",146961,146961,0,100.00,"",""
"benchmarks/xblock_wat/crheroestest_81415690_4efe749084c3.wat","SUPPORTED",149475,149475,0,100.00,"",""
"benchmarks/xblock_wat/crheroestest_81506169_a25935b82e92.wat","SUPPORTED",149475,149475,0,100.00,"",""
"benchmarks/xblock_wat/crheroestest_81514257_24f1317e4069.wat","SUPPORTED",150083,150083,0,100.00,"",""
"benchmarks/xblock_wat/crheroestest_81526426_22656fd66ab1.wat","SUPPORTED",152262,152262,0,100.00,"",""
"benchmarks/xblock_wat/crheroestest_81531371_f7778983c542.wat","SUPPORTED",152424,152424,0,100.00,"",""
"benchmarks/xblock_wat/crheroestest_81537163_2cc8daa63ba7.wat","SUPPORTED",153064,153064,0,100.00,"",""
"benchmarks/xblock_wat/crheroestest_81538391_cc1c371af3b7.wat","SUPPORTED",153096,153096,0,100.00,"",""
"benchmarks/xblock_wat/crheroestest_81539760_d1c3674e58a8.wat","SUPPORTED",153112,153112,0,100.00,"",""
"benchmarks/xblock_wat/crheroestest_81544197_c11ff9d90c09.wat","SUPPORTED",153072,153072,0,100.00,"",""
"benchmarks/xblock_wat/crheroestest_81786329_1525eae2e41a.wat","SUPPORTED",153363,153363,0,100.00,"",""
"benchmarks/xblock_wat/crheroestest_81791895_ff398613c903.wat","SUPPORTED",153363,153363,0,100.00,"",""
"benchmarks/xblock_wat/crheroestest_81801049_0fe5c742da6a.wat","SUPPORTED",153363,153363,0,100.00,"",""
"benchmarks/xblock_wat/crheroestest_81937696_097d74c679fd.wat","SUPPORTED",153425,153425,0,100.00,"",""
"benchmarks/xblock_wat/crheroestest_82223428_412cff979e78.wat","SUPPORTED",150469,150469,0,100.00,"",""
"benchmarks/xblock_wat/crheroestest_82269121_68b1ddef9ab0.wat","SUPPORTED",155834,155834,0,100.00,"",""
"benchmarks/xblock_wat/crheroestest_82637502_bbcc6e1af999.wat","SUPPORTED",156217,156217,0,100.00,"",""
"benchmarks/xblock_wat/crheroestest_82919181_4d41622f3045.wat","SUPPORTED",156842,156842,0,100.00,"",""
"benchmarks/xblock_wat/crheroestest_82919670_55f51de33672.wat","SUPPORTED",157217,157217,0,100.00,"",""
"benchmarks/xblock_wat/crheroestest_82920616_5708b0cde6f3.wat","SUPPORTED",157217,157217,0,100.00,"",""
"benchmarks/xblock_wat/crheroestest_82921063_35caf392cd74.wat","SUPPORTED",157217,157217,0,100.00,"",""
"benchmarks/xblock_wat/crheroestest_82921838_37405b481a67.wat","SUPPORTED",157217,157217,0,100.00,"",""
"benchmarks/xblock_wat/crheroestest_82921951_a615adf866b5.wat","SUPPORTED",157217,157217,0,100.00,"",""
"benchmarks/xblock_wat/crheroestest_82922251_f4b470bca853.wat","SUPPORTED",157217,157217,0,100.00,"",""
"benchmarks/xblock_wat/crheroestest_82922380_3b81f17c954d.wat","SUPPORTED",157217,157217,0,100.00,"",""
"benchmarks/xblock_wat/crheroestest_82922783_185439b122e2.wat","SUPPORTED",157507,157507,0,100.00,"",""
"benchmarks/xblock_wat/crheroestest_82923185_0c14022f5d16.wat","SUPPORTED",156221,156221,0,100.00,"",""
"benchmarks/xblock_wat/crheroestest_82927066_37cc2489cdc1.wat","SUPPORTED",164692,164692,0,100.00,"",""
"benchmarks/xblock_wat/crheroestest_82998697_ae618fd7d567.wat","SUPPORTED",164867,164867,0,100.00,"",""
"benchmarks/xblock_wat/crheroestest_83005254_8b09c8eb344a.wat","SUPPORTED",165081,165081,0,100.00,"",""
"benchmarks/xblock_wat/crheroestest_83075581_be2c513bfe6b.wat","SUPPORTED",165211,165211,0,100.00,"",""
"benchmarks/xblock_wat/crheroestest_83077916_c890587ec858.wat","SUPPORTED",166360,166360,0,100.00,"",""
"benchmarks/xblock_wat/crheroestest_83080632_ebab29146f39.wat","SUPPORTED",165210,165210,0,100.00,"",""
"benchmarks/xblock_wat/crheroestest_83094735_07b9f5582235.wat","SUPPORTED",165507,165507,0,100.00,"",""
"benchmarks/xblock_wat/crheroestest_83120192_0b06cb3eb180.wat","SUPPORTED",165507,165507,0,100.00,"",""
"benchmarks/xblock_wat/crheroestest_83154329_045d88250c8c.wat","SUPPORTED",167019,167019,0,100.00,"",""
"benchmarks/xblock_wat/crheroestest_83257906_212150808634.wat","SUPPORTED",168478,168478,0,100.00,"",""
"benchmarks/xblock_wat/crheroestest_83277871_1944ad1bf066.wat","SUPPORTED",167577,167577,0,100.00,"",""
"benchmarks/xblock_wat/crheroestest_83292351_d31330998352.wat","SUPPORTED",168316,168316,0,100.00,"",""
"benchmarks/xblock_wat/crheroestest_83294746_d2b5bb04e90a.wat","SUPPORTED",168316,168316,0,100.00,"",""
"benchmarks/xblock_wat/crheroestest_83294808_fe77f934de6c.wat","SUPPORTED",168316,168316,0,100.00,"",""
"benchmarks/xblock_wat/crheroestest_83303827_3ef103ec73de.wat","SUPPORTED",168507,168507,0,100.00,"",""
"benchmarks/xblock_wat/crheroestest_83422753_367e1c92f0a0.wat","SUPPORTED",168515,168515,0,100.00,"",""
"benchmarks/xblock_wat/crheroestest_83431940_87072817927d.wat","SUPPORTED",168547,168547,0,100.00,"",""
"benchmarks/xblock_wat/crheroestest_83473868_bd9ac3b94e7c.wat","SUPPORTED",171364,171364,0,100.00,"",""
"benchmarks/xblock_wat/crheroestest_83475903_e726e9a7e107.wat","SUPPORTED",171373,171373,0,100.00,"",""
"benchmarks/xblock_wat/crheroestest_83504843_e624ebc90a3c.wat","SUPPORTED",168727,168727,0,100.00,"",""
"benchmarks/xblock_wat/crheroestest_83510414_25bc7c144741.wat","SUPPORTED",168783,168783,0,100.00,"",""
"benchmarks/xblock_wat/crheroestest_83511141_56afc304c7a1.wat","SUPPORTED",168783,168783,0,100.00,"",""
"benchmarks/xblock_wat/crheroestest_83600995_08e01e8a7202.wat","SUPPORTED",170477,170477,0,100.00,"",""
"benchmarks/xblock_wat/crheroestest_84557286_acdae1a8c5a9.wat","SUPPORTED",197097,197097,0,100.00,"",""
"benchmarks/xblock_wat/crheroestest_84557813_1bd1065da24e.wat","SUPPORTED",195110,195110,0,100.00,"",""
"benchmarks/xblock_wat/crheroestest_84630261_604a92955b79.wat","SUPPORTED",196280,196280,0,100.00,"",""
"benchmarks/xblock_wat/crheroestest_84661348_93fdd27ee84e.wat","SUPPORTED",196280,196280,0,100.00,"",""
"benchmarks/xblock_wat/crheroestest_84661553_7bfff8dd3432.wat","SUPPORTED",197041,197041,0,100.00,"",""
"benchmarks/xblock_wat/crheroestest_84677135_8f1a7c5feee6.wat","SUPPORTED",196280,196280,0,100.00,"",""
"benchmarks/xblock_wat/crheroestest_84677923_13376e291289.wat","SUPPORTED",196280,196280,0,100.00,"",""
"benchmarks/xblock_wat/crheroestest_84686699_8f848109aa7d.wat","SUPPORTED",196384,196384,0,100.00,"",""
"benchmarks/xblock_wat/crheroestest_84728788_455ab568894a.wat","SUPPORTED",196384,196384,0,100.00,"",""
"benchmarks/xblock_wat/crheroestest_84729967_4ef644d0b729.wat","SUPPORTED",196584,196584,0,100.00,"",""
"benchmarks/xblock_wat/crheroestest_84847707_db956fa55a3a.wat","SUPPORTED",201005,201005,0,100.00,"",""
"benchmarks/xblock_wat/crheroestest_84899799_9eb657800b4f.wat","SUPPORTED",201003,201003,0,100.00,"",""
"benchmarks/xblock_wat/crheroestest_85014642_0f73b8f117e8.wat","SUPPORTED",203348,203348,0,100.00,"",""
"benchmarks/xblock_wat/crheroestest_85020621_53bacfefaa97.wat","SUPPORTED",203257,203257,0,100.00,"",""
"benchmarks/xblock_wat/crheroestest_85054815_d79aebd00bb8.wat","SUPPORTED",203917,203917,0,100.00,"",""
"benchmarks/xblock_wat/crheroestest_85143729_e7dba4d8d67b.wat","SUPPORTED",204190,204190,0,100.00,"",""
"benchmarks/xblock_wat/crheroestest_85144518_348c1ce65671.wat","SUPPORTED",204360,204360,0,100.00,"",""
"benchmarks/xblock_wat/crheroestest_85145033_d516c3307de3.wat","SUPPORTED",203774,203774,0,100.00,"",""
"benchmarks/xblock_wat/crheroestest_85560493_f7373036af3a.wat","SUPPORTED",206850,206850,0,100.00,"",""
"benchmarks/xblock_wat/crheroestest_87097782_1608958db62b.wat","SUPPORTED",206850,206850,0,100.00,"",""
"benchmarks/xblock_wat/crmaniadivid_55497342_67b27ca774d2.wat","SUPPORTED",9980,9980,0,100.00,"",""
"benchmarks/xblock_wat/crmaniaminer_55497358_3bb43b3d0108.wat","SUPPORTED",6215,6215,0,100.00,"",""
"benchmarks/xblock_wat/crmaniaminer_55868117_0afea137b219.wat","SUPPORTED",6215,6215,0,100.00,"",""
"benchmarks/xblock_wat/crmaniaminer_56518148_8c319e91db8d.wat","SUPPORTED",6211,6211,0,100.00,"",""
"benchmarks/xblock_wat/crmaniaminer_58492752_085ca8f60757.wat","SUPPORTED",6211,6211,0,100.00,"",""
"benchmarks/xblock_wat/crmaniaminer_59661916_56d323fcaad8.wat","SUPPORTED",6229,6229,0,100.00,"",""
"benchmarks/xblock_wat/crmaniaminer_59662406_983d83780d0a.wat","SUPPORTED",6254,6254,0,100.00,"",""
"benchmarks/xblock_wat/crmaniaminer_59662955_0ec0cdbad048.wat","SUPPORTED",6217,6217,0,100.00,"",""
"benchmarks/xblock_wat/crmaniaminer_62142024_f5130ee4e296.wat","SUPPORTED",7058,7058,0,100.00,"",""
"benchmarks/xblock_wat/crmaniarewrd_55497374_94cba24c56b0.wat","SUPPORTED",6993,6993,0,100.00,"",""
"benchmarks/xblock_wat/crmaniaslot1_55497325_48dcff683a21.wat","SUPPORTED",29316,29316,0,100.00,"",""
"benchmarks/xblock_wat/crmaniaslot1_56230545_f6c28f0bfb96.wat","SUPPORTED",29290,29290,0,100.00,"",""
"benchmarks/xblock_wat/crmaniaslot1_57735075_2e0ad4d17bc0.wat","SUPPORTED",30470,30470,0,100.00,"",""
"benchmarks/xblock_wat/crmaniaslot1_57788273_5a1e69475724.wat","SUPPORTED",30473,30473,0,100.00,"",""
"benchmarks/xblock_wat/crmaniaslot1_59649331_3edd7943989e.wat","SUPPORTED",30487,30487,0,100.00,"",""
"benchmarks/xblock_wat/crmaniaslot1_59649502_8dbc102754b6.wat","SUPPORTED",30491,30491,0,100.00,"",""
"benchmarks/xblock_wat/crmaniaslot1_62142004_2b80aaf655c8.wat","SUPPORTED",30473,30473,0,100.00,"",""
"benchmarks/xblock_wat/crmaniaslot1_70739119_940904811675.wat","SUPPORTED",35409,35409,0,100.00,"",""
"benchmarks/xblock_wat/crmaniaslot1_70740227_aed4b4a09718.wat","SUPPORTED",35383,35383,0,100.00,"",""
"benchmarks/xblock_wat/crmaniaslot1_70742570_6d0ab99a4886.wat","SUPPORTED",35436,35436,0,100.00,"",""
"benchmarks/xblock_wat/crmaniaslot1_70743154_c667066b9c1b.wat","SUPPORTED",35398,35398,0,100.00,"",""
"benchmarks/xblock_wat/crmaniaslot1_70743417_cf2b9350cd21.wat","SUPPORTED",35394,35394,0,100.00,"",""
"benchmarks/xblock_wat/crmaniaslot1_70744262_c85e444fe441.wat","SUPPORTED",35231,35231,0,100.00,"",""
"benchmarks/xblock_wat/crmaniaslot1_70744488_80c53f656372.wat","SUPPORTED",34218,34218,0,100.00,"",""
"benchmarks/xblock_wat/crmaniaslot1_70744760_3853c540b342.wat","SUPPORTED",35229,35229,0,100.00,"",""
"benchmarks/xblock_wat/crmaniaslot1_70745294_a897218d79a4.wat","SUPPORTED",35138,35138,0,100.00,"",""
"benchmarks/xblock_wat/crmaniaslot1_70745811_d3e80f2f32be.wat","SUPPORTED",35174,35174,0,100.00,"",""
"benchmarks/xblock_wat/crmaniaslot1_70746173_e542907633eb.wat","SUPPORTED",34127,34127,0,100.00,"",""
"benchmarks/xblock_wat/crmaniaslot1_70746876_6a084df81b7b.wat","SUPPORTED",35288,35288,0,100.00,"",""
"benchmarks/xblock_wat/crmaniaslot1_70747189_23abc3fa26cf.wat","SUPPORTED",35288,35288,0,100.00,"",""
"benchmarks/xblock_wat/crmaniaslot1_70754509_0fba391f8bfe.wat","SUPPORTED",34136,34136,0,100.00,"",""
"benchmarks/xblock_wat/crmaniaslot1_70754742_fc01086a88e9.wat","SUPPORTED",35325,35325,0,100.00,"",""
"benchmarks/xblock_wat/crmaniaslot1_70755002_94bf5d1b0f3a.wat","SUPPORTED",35073,35073,0,100.00,"",""
"benchmarks/xblock_wat/crmaniaslot1_70755772_08c912e49719.wat","SUPPORTED",34733,34733,0,100.00,"",""
"benchmarks/xblock_wat/crmaniaslot1_70756243_ef44887a5459.wat","SUPPORTED",34794,34794,0,100.00,"",""
"benchmarks/xblock_wat/crmaniaslot1_71235725_b06210747767.wat","SUPPORTED",35110,35110,0,100.00,"",""
"benchmarks/xblock_wat/crmaniaslot1_71238801_3e2e72ac74e2.wat","SUPPORTED",35114,35114,0,100.00,"",""
"benchmarks/xblock_wat/crmaniaslot1_72401944_80aa77a0ad90.wat","SUPPORTED",35181,35181,0,100.00,"",""
"benchmarks/xblock_wat/crmaniastake_55496771_e72d9d19044f.wat","SUPPORTED",7724,7724,0,100.00,"",""
"benchmarks/xblock_wat/crmaniastake_78440866_cfffb0201e1c.wat","SUPPORTED",7725,7725,0,100.00,"",""
"benchmarks/xblock_wat/crmaniatoken_55496793_6a47955abffe.wat","SUPPORTED",10079,10079,0,100.00,"",""
"benchmarks/xblock_wat/crmaniatoken_78456625_80d40e750a38.wat","SUPPORTED",10155,10155,0,100.00,"",""
"benchmarks/xblock_wat/crmaniatoken_78457028_b850ce3931db.wat","SUPPORTED",10158,10158,0,100.00,"",""
"benchmarks/xblock_wat/crmaniatoken_78457319_fad5c2dada20.wat","SUPPORTED",10221,10221,0,100.00,"",""
"benchmarks/xblock_wat/cronservices_54881132_9f9e0af700bd.wat","SUPPORTED",6132,6132,0,100.00,"",""
"benchmarks/xblock_wat/crosschainbb_61515908_a4a6329fdce5.wat","SUPPORTED",9616,9616,0,100.00,"",""
"benchmarks/xblock_wat/crosschainbb_64502789_c1a74766a57e.wat","SUPPORTED",9621,9621,0,100.00,"",""
"benchmarks/xblock_wat/crosschainbb_69347511_b876f4c0ee54.wat","SUPPORTED",9625,9625,0,100.00,"",""
"benchmarks/xblock_wat/crosschainbb_71517777_9b83061e2764.wat","SUPPORTED",9971,9971,0,100.00,"",""
"benchmarks/xblock_wat/crosschainbb_72936692_18809ddb0aaf.wat","SUPPORTED",9975,9975,0,100.00,"",""
"benchmarks/xblock_wat/crosschainbb_73772949_9eff29bf6cc2.wat","SUPPORTED",9979,9979,0,100.00,"",""
"benchmarks/xblock_wat/crossworlds1_50946097_abd905cbbce6.wat","SUPPORTED",69810,69810,0,100.00,"",""
"benchmarks/xblock_wat/crossworlds1_50949992_ef0c933d4866.wat","SUPPORTED",69810,69810,0,100.00,"",""
"benchmarks/xblock_wat/crossworlds1_51454808_24a846a980b9.wat","SUPPORTED",70514,70514,0,100.00,"",""
"benchmarks/xblock_wat/crossworlds1_51455903_1765cc07fd86.wat","SUPPORTED",70514,70514,0,100.00,"",""
"benchmarks/xblock_wat/crossworlds1_51456320_87ab493529b9.wat","SUPPORTED",70514,70514,0,100.00,"",""
"benchmarks/xblock_wat/crossworlds1_51580363_b08d5b60bdb0.wat","SUPPORTED",70516,70516,0,100.00,"",""
"benchmarks/xblock_wat/crossworlds1_53457279_637e95efbbf2.wat","SUPPORTED",70542,70542,0,100.00,"",""
"benchmarks/xblock_wat/crossworlds1_54513926_88c848f53de1.wat","SUPPORTED",73834,73834,0,100.00,"",""
"benchmarks/xblock_wat/crossworlds1_54716707_33c4d07fafc1.wat","SUPPORTED",74284,74284,0,100.00,"",""
"benchmarks/xblock_wat/crossworlds1_54837851_4b5b0e13f87c.wat","SUPPORTED",74346,74346,0,100.00,"",""
"benchmarks/xblock_wat/crossworlds1_60400053_0f3a849e1f35.wat","SUPPORTED",77875,77875,0,100.00,"",""
"benchmarks/xblock_wat/crossworlds1_64184448_5e003ceee667.wat","SUPPORTED",77946,77946,0,100.00,"",""
"benchmarks/xblock_wat/crossworlds1_64534211_da3be9b61427.wat","SUPPORTED",81774,81774,0,100.00,"",""
"benchmarks/xblock_wat/crossworlds1_64535914_efd020c4739f.wat","SUPPORTED",81790,81790,0,100.00,"",""
"benchmarks/xblock_wat/crossworlds1_67829747_cbb03deb3edf.wat","SUPPORTED",82403,82403,0,100.00,"",""
"benchmarks/xblock_wat/crossworlds1_68668130_b5c6eae7566f.wat","SUPPORTED",82079,82079,0,100.00,"",""
"benchmarks/xblock_wat/crownbetdice_27728886_abe8ab4d5be0.wat","SUPPORTED",25047,25047,0,100.00,"",""
"benchmarks/xblock_wat/crownbetdice_27739681_38a739cca28d.wat","SUPPORTED",25155,25155,0,100.00,"",""
"benchmarks/xblock_wat/crownbetdice_27742487_6ebbaec46faa.wat","SUPPORTED",25155,25155,0,100.00,"",""
"benchmarks/xblock_wat/crownbetdice_27745962_74ec1c8f094d.wat","SUPPORTED",25155,25155,0,100.00,"",""
"benchmarks/xblock_wat/crownbetdice_27748115_eabf6a62da58.wat","SUPPORTED",26280,26280,0,100.00,"",""
"benchmarks/xblock_wat/crownbetdice_27748492_c7dbb5d2ca35.wat","SUPPORTED",26279,26279,0,100.00,"",""
"benchmarks/xblock_wat/crownbetdice_27786569_ce68cc569b6f.wat","SUPPORTED",25836,25836,0,100.00,"",""
"benchmarks/xblock_wat/crownbetdice_28092402_458d2c3024be.wat","SUPPORTED",26092,26092,0,100.00,"",""
"benchmarks/xblock_wat/crownbetdice_28236899_a0c8c8b2caae.wat","SUPPORTED",26092,26092,0,100.00,"",""
"benchmarks/xblock_wat/crownbetdice_29287316_ac134421c366.wat","SUPPORTED",25975,25975,0,100.00,"",""
"benchmarks/xblock_wat/crownbetdice_34316986_fd0d597689f7.wat","SUPPORTED",33120,33120,0,100.00,"",""
"benchmarks/xblock_wat/crownbetdice_34318489_c1050396e0ca.wat","SUPPORTED",33193,33193,0,100.00,"",""
"benchmarks/xblock_wat/crownbetdice_35447972_8c7b36a10b33.wat","SUPPORTED",33020,33020,0,100.00,"",""
"benchmarks/xblock_wat/crownbetdice_35448817_d03bf5e357b0.wat","SUPPORTED",33020,33020,0,100.00,"",""
"benchmarks/xblock_wat/crownbetdice_35449177_d328d512317d.wat","SUPPORTED",33009,33009,0,100.00,"",""
"benchmarks/xblock_wat/crowndicelog_27727029_4c5269c78762.wat","SUPPORTED",1854,1854,0,100.00,"",""
"benchmarks/xblock_wat/crowndicelog_29287235_4e7481da5aa3.wat","SUPPORTED",1886,1886,0,100.00,"",""
"benchmarks/xblock_wat/crowndicelog_34316971_fa88432f52b9.wat","SUPPORTED",2797,2797,0,100.00,"",""
"benchmarks/xblock_wat/crowndicelog_34428210_567b5fa63359.wat","SUPPORTED",2980,2980,0,100.00,"",""
"benchmarks/xblock_wat/crownpayment_34317013_3e3855313f98.wat","SUPPORTED",10997,10997,0,100.00,"",""
"benchmarks/xblock_wat/crownpayment_34428143_a5c3aa660af4.wat","SUPPORTED",11251,11251,0,100.00,"",""
"benchmarks/xblock_wat/crownplzcoin_27733223_2d798053043e.wat","SUPPORTED",15577,15577,0,100.00,"",""
"benchmarks/xblock_wat/crownplzcoin_28236677_bb7c532417a0.wat","SUPPORTED",16103,16103,0,100.00,"",""
"benchmarks/xblock_wat/crownplzcoin_28753189_c46ae2460032.wat","SUPPORTED",16122,16122,0,100.00,"",""
"benchmarks/xblock_wat/crownplzcoin_29067792_780184a36fa3.wat","SUPPORTED",16266,16266,0,100.00,"",""
"benchmarks/xblock_wat/crownplzcoin_29614603_4407d55b6b9f.wat","SUPPORTED",16908,16908,0,100.00,"",""
"benchmarks/xblock_wat/crownplzcoin_29616495_da9298f575c8.wat","SUPPORTED",16529,16529,0,100.00,"",""
"benchmarks/xblock_wat/crownplzcoin_32926331_9bf67b8da830.wat","SUPPORTED",16529,16529,0,100.00,"",""
"benchmarks/xblock_wat/crownplzcoin_34428246_c285fb926bf0.wat","SUPPORTED",17082,17082,0,100.00,"",""
"benchmarks/xblock_wat/crownplzcoin_34429195_ec1bedad49f8.wat","SUPPORTED",17088,17088,0,100.00,"",""
"benchmarks/xblock_wat/crownplzcoin_34430596_e703a917bc4b.wat","SUPPORTED",16617,16617,0,100.00,"",""
"benchmarks/xblock_wat/crownplzcoin_34434677_1abd4a7e2b77.wat","SUPPORTED",16660,16660,0,100.00,"",""
"benchmarks/xblock_wat/crownroulett_34321233_e6b485d4f919.wat","SUPPORTED",27394,27394,0,100.00,"",""
"benchmarks/xblock_wat/crownroulett_34437105_6f5a7077e5f3.wat","SUPPORTED",27467,27467,0,100.00,"",""
"benchmarks/xblock_wat/crownroulett_34438856_3a3eeb276eb7.wat","SUPPORTED",27435,27435,0,100.00,"",""
"benchmarks/xblock_wat/crownroulett_34440478_7cf35f80d016.wat","SUPPORTED",35456,35456,0,100.00,"",""
"benchmarks/xblock_wat/crownroulett_34440724_1a2501d25c24.wat","SUPPORTED",35459,35459,0,100.00,"",""
"benchmarks/xblock_wat/crownroulett_34441449_393a2c922298.wat","SUPPORTED",35456,35456,0,100.00,"",""
"benchmarks/xblock_wat/crownroulett_34442834_7c58f76a1a03.wat","SUPPORTED",35455,35455,0,100.00,"",""
"benchmarks/xblock_wat/crownroulett_34444393_20a05ef9d080.wat","SUPPORTED",35457,35457,0,100.00,"",""
"benchmarks/xblock_wat/crownroulett_34445928_e36a001c4e52.wat","SUPPORTED",27554,27554,0,100.00,"",""
"benchmarks/xblock_wat/crownroulett_34494855_811853c5ba02.wat","SUPPORTED",35755,35755,0,100.00,"",""
"benchmarks/xblock_wat/crownroulett_34495494_7b403761c73a.wat","SUPPORTED",35681,35681,0,100.00,"",""
"benchmarks/xblock_wat/crownroulett_34495785_192addcd1411.wat","SUPPORTED",35683,35683,0,100.00,"",""
"benchmarks/xblock_wat/crownroulett_34501152_fd89113173ce.wat","SUPPORTED",36284,36284,0,100.00,"",""
"benchmarks/xblock_wat/crownroulett_34501276_5a25c779da8c.wat","SUPPORTED",28179,28179,0,100.00,"",""
"benchmarks/xblock_wat/crownroulett_34593983_46e87f036b02.wat","SUPPORTED",28064,28064,0,100.00,"",""
"benchmarks/xblock_wat/cryptobadge1_75126570_3544e9d2166c.wat","SUPPORTED",6953,6953,0,100.00,"",""
"benchmarks/xblock_wat/cryptobento1_66739530_c644cbcbf6c3.wat","SUPPORTED",25773,25773,0,100.00,"",""
"benchmarks/xblock_wat/cryptobento1_67060495_3cd22c5705ce.wat","SUPPORTED",25775,25775,0,100.00,"",""
"benchmarks/xblock_wat/cryptobento1_73987752_a7c60c71513f.wat","SUPPORTED",25728,25728,0,100.00,"",""
"benchmarks/xblock_wat/cryptobento1_74004551_b7c8fbc381f2.wat","SUPPORTED",25736,25736,0,100.00,"",""
"benchmarks/xblock_wat/cryptobento1_79694210_529568b63059.wat","SUPPORTED",26926,26926,0,100.00,"",""
"benchmarks/xblock_wat/cryptobento1_79837001_04d6848593f5.wat","SUPPORTED",22836,22836,0,100.00,"",""
"benchmarks/xblock_wat/cryptobento1_79837138_fc1c20eb9811.wat","SUPPORTED",26939,26939,0,100.00,"",""
"benchmarks/xblock_wat/cryptobento1_79876031_c4b2741ae658.wat","SUPPORTED",27895,27895,0,100.00,"",""
"benchmarks/xblock_wat/cryptobento1_80866929_a51c222ad738.wat","SUPPORTED",27864,27864,0,100.00,"",""
"benchmarks/xblock_wat/cryptocoin42_40123955_f9c9a0231064.wat","SUPPORTED",2309,2309,0,100.00,"",""
"benchmarks/xblock_wat/cryptocoing5_40111340_01cd93ec7937.wat","SUPPORTED",2308,2308,0,100.00,"",""
"benchmarks/xblock_wat/cryptocoing5_40113676_4bdf22a824bb.wat","SUPPORTED",2306,2306,0,100.00,"",""
"benchmarks/xblock_wat/cryptocoingm_39205744_70c7c84fcf85.wat","SUPPORTED",26238,26238,0,100.00,"",""
"benchmarks/xblock_wat/cryptocoingm_39207408_eb01ac5eadb8.wat","SUPPORTED",26238,26238,0,100.00,"",""
"benchmarks/xblock_wat/cryptocoingm_43546627_d6de1f39b296.wat","SUPPORTED",26684,26684,0,100.00,"",""
"benchmarks/xblock_wat/cryptocoingm_44730907_54a721e870c7.wat","SUPPORTED",31158,31158,0,100.00,"",""
"benchmarks/xblock_wat/cryptogod222_26737061_59d3f5699c59.wat","SUPPORTED",30573,30573,0,100.00,"",""
"benchmarks/xblock_wat/cryptogod222_26897419_db2e1283297d.wat","SUPPORTED",30537,30537,0,100.00,"",""
"benchmarks/xblock_wat/cryptogod222_27571513_58d0cf98aeac.wat","SUPPORTED",24104,24104,0,100.00,"",""
"benchmarks/xblock_wat/cryptogod222_27615603_ddb94af2727e.wat","SUPPORTED",24104,24104,0,100.00,"",""
"benchmarks/xblock_wat/cryptogod222_27617059_cf9fa04efebd.wat","SUPPORTED",24104,24104,0,100.00,"",""
"benchmarks/xblock_wat/cryptohongbo_10425918_a9fcf2ba4c87.wat","SUPPORTED",9215,9215,0,100.00,"",""
"benchmarks/xblock_wat/cryptohongbo_10426600_9c934533098c.wat","SUPPORTED",9215,9215,0,100.00,"",""
"benchmarks/xblock_wat/cryptohongbo_11533482_ea794042902d.wat","SUPPORTED",9187,9187,0,100.00,"",""
"benchmarks/xblock_wat/cryptohongbo_11699660_fd426debae92.wat","SUPPORTED",10036,10036,0,100.00,"",""
"benchmarks/xblock_wat/cryptohongbo_11705290_dfdf44f37a2d.wat","SUPPORTED",11703,11703,0,100.00,"",""
"benchmarks/xblock_wat/cryptohongbo_12572831_e3c511629774.wat","SUPPORTED",13149,13149,0,100.00,"",""
"benchmarks/xblock_wat/cryptohongbo_12573340_77f74dd3f471.wat","SUPPORTED",13152,13152,0,100.00,"",""
"benchmarks/xblock_wat/cryptohongbo_12573923_5526e41f2f78.wat","SUPPORTED",13149,13149,0,100.00,"",""
"benchmarks/xblock_wat/cryptohongbo_12584561_def1aeab945d.wat","SUPPORTED",17768,17768,0,100.00,"",""
"benchmarks/xblock_wat/cryptohongbo_12588941_11239c9fd7a9.wat","SUPPORTED",10072,10072,0,100.00,"",""
"benchmarks/xblock_wat/cryptohongbo_12590369_379e1b790822.wat","SUPPORTED",17703,17703,0,100.00,"",""
"benchmarks/xblock_wat/cryptohongbo_12591159_268ed99f07f8.wat","SUPPORTED",16134,16134,0,100.00,"",""
"benchmarks/xblock_wat/cryptohongbo_12592291_b364ba4f98a1.wat","SUPPORTED",16140,16140,0,100.00,"",""
"benchmarks/xblock_wat/cryptohongbo_12593006_58896034fc17.wat","SUPPORTED",17558,17558,0,100.00,"",""
"benchmarks/xblock_wat/cryptohongbo_12594837_c7933e2cddb1.wat","SUPPORTED",17558,17558,0,100.00,"",""
"benchmarks/xblock_wat/cryptohongbo_13641149_d887dcd6f328.wat","SUPPORTED",17965,17965,0,100.00,"",""
"benchmarks/xblock_wat/cryptohongbo_13759477_207d017a1f35.wat","SUPPORTED",12337,12337,0,100.00,"",""
"benchmarks/xblock_wat/cryptohongbo_13809846_0b2515b4baf6.wat","SUPPORTED",15856,15856,0,100.00,"",""
"benchmarks/xblock_wat/cryptohongbo_13823887_745b598648dc.wat","SUPPORTED",15856,15856,0,100.00,"",""
"benchmarks/xblock_wat/cryptohongbo_13986993_e3c1196129db.wat","SUPPORTED",15701,15701,0,100.00,"",""
"benchmarks/xblock_wat/cryptohongbo_13997213_f10c74c08628.wat","SUPPORTED",15837,15837,0,100.00,"",""
"benchmarks/xblock_wat/cryptohongbo_13997555_1f8becc9b923.wat","SUPPORTED",15837,15837,0,100.00,"",""
"benchmarks/xblock_wat/cryptohongbo_13997650_8efe81a06850.wat","SUPPORTED",15837,15837,0,100.00,"",""
"benchmarks/xblock_wat/cryptohongbo_13999774_dd4d5ba7caf8.wat","SUPPORTED",15848,15848,0,100.00,"",""
"benchmarks/xblock_wat/cryptohongbo_14000005_eae79c755800.wat","SUPPORTED",15848,15848,0,100.00,"",""
"benchmarks/xblock_wat/cryptohongbo_14870440_58387dc1fa7b.wat","SUPPORTED",11321,11321,0,100.00,"",""
"benchmarks/xblock_wat/cryptohongbo_16323942_ad22614326e4.wat","SUPPORTED",12103,12103,0,100.00,"",""
"benchmarks/xblock_wat/cryptohongbo_16483317_c99f62c766c5.wat","SUPPORTED",12697,12697,0,100.00,"",""
"benchmarks/xblock_wat/cryptohongbo_16487437_98d49dbc6fad.wat","SUPPORTED",12621,12621,0,100.00,"",""
"benchmarks/xblock_wat/cryptohongbo_20798091_4df422cb08db.wat","SUPPORTED",12821,12821,0,100.00,"",""
"benchmarks/xblock_wat/cryptohongbo_20803726_f381dbe3d95b.wat","SUPPORTED",12925,12925,0,100.00,"",""
"benchmarks/xblock_wat/cryptohongbo_20808505_0d219e8eee60.wat","SUPPORTED",13429,13429,0,100.00,"",""
"benchmarks/xblock_wat/cryptohongbo_20809851_08c39000f070.wat","SUPPORTED",13367,13367,0,100.00,"",""
"benchmarks/xblock_wat/cryptohongbo_20812556_f7f507ab025c.wat","SUPPORTED",13242,13242,0,100.00,"",""
"benchmarks/xblock_wat/cryptohongbo_20813632_534fdd320fc3.wat","SUPPORTED",13237,13237,0,100.00,"",""
"benchmarks/xblock_wat/cryptohongbo_20815806_1a2d7ea13168.wat","SUPPORTED",13242,13242,0,100.00,"",""
"benchmarks/xblock_wat/cryptohongbo_20816028_80f589cbf676.wat","SUPPORTED",13242,13242,0,100.00,"",""
"benchmarks/xblock_wat/cryptohongbo_20818356_b90c0a8eef0d.wat","SUPPORTED",13384,13384,0,100.00,"",""
"benchmarks/xblock_wat/cryptohongbo_20820339_da61807d2233.wat","SUPPORTED",13631,13631,0,100.00,"",""
"benchmarks/xblock_wat/cryptohongbo_20820481_b6b26d60576c.wat","SUPPORTED",13665,13665,0,100.00,"",""
"benchmarks/xblock_wat/cryptohongbo_20822869_19e2affddca1.wat","SUPPORTED",13739,13739,0,100.00,"",""
"benchmarks/xblock_wat/cryptohongbo_20823158_b9c71caeb0af.wat","SUPPORTED",13742,13742,0,100.00,"",""
"benchmarks/xblock_wat/cryptohongbo_20823528_85a55c7060c1.wat","SUPPORTED",13748,13748,0,100.00,"",""
"benchmarks/xblock_wat/cryptohongbo_20823969_c4c49c453624.wat","SUPPORTED",13748,13748,0,100.00,"",""
"benchmarks/xblock_wat/cryptohongbo_22689623_5e16146e0cdd.wat","SUPPORTED",13779,13779,0,100.00,"",""
"benchmarks/xblock_wat/cryptohongbo_22708969_d2831bc3b75e.wat","SUPPORTED",13793,13793,0,100.00,"",""
"benchmarks/xblock_wat/cryptohongbo_22924130_43d838d3f410.wat","SUPPORTED",14155,14155,0,100.00,"",""
"benchmarks/xblock_wat/cryptohongbo_22932396_2db28aa410b1.wat","SUPPORTED",14366,14366,0,100.00,"",""
"benchmarks/xblock_wat/cryptohongbo_22933034_73f94bda545d.wat","SUPPORTED",14366,14366,0,100.00,"",""
"benchmarks/xblock_wat/cryptohongbo_25880029_813fd9f8d993.wat","SUPPORTED",16182,16182,0,100.00,"",""
"benchmarks/xblock_wat/cryptohongbo_25880686_8cbed256ad28.wat","SUPPORTED",15778,15778,0,100.00,"",""
"benchmarks/xblock_wat/cryptohongbo_36320933_5b2407eb649d.wat","SUPPORTED",17140,17140,0,100.00,"",""
"benchmarks/xblock_wat/cryptohongbo_36321280_27016af70a14.wat","SUPPORTED",17139,17139,0,100.00,"",""
"benchmarks/xblock_wat/cryptohongbo_36322352_962467c74fd4.wat","SUPPORTED",16813,16813,0,100.00,"",""
"benchmarks/xblock_wat/cryptohongbo_36322610_08d92baf1838.wat","SUPPORTED",16917,16917,0,100.00,"",""
"benchmarks/xblock_wat/cryptohongbo_36322697_368046df6a81.wat","SUPPORTED",16992,16992,0,100.00,"",""
"benchmarks/xblock_wat/cryptohongbo_36322875_4af9917c7d68.wat","SUPPORTED",17099,17099,0,100.00,"",""
"benchmarks/xblock_wat/cryptohongbo_36326325_046d11cf23e4.wat","SUPPORTED",17570,17570,0,100.00,"",""
"benchmarks/xblock_wat/cryptohongbo_87416602_f830323a3229.wat","SUPPORTED",26470,26470,0,100.00,"",""
"benchmarks/xblock_wat/cryptohongbo_87416772_ddea4fab40ce.wat","SUPPORTED",26501,26501,0,100.00,"",""
"benchmarks/xblock_wat/cryptohongbo_87416953_e88e4fe790f6.wat","SUPPORTED",26505,26505,0,100.00,"",""
"benchmarks/xblock_wat/cryptohongbo_87418128_83f3a5daf43f.wat","SUPPORTED",35575,35575,0,100.00,"",""
"benchmarks/xblock_wat/cryptohongbo_87418198_f048b11afc24.wat","SUPPORTED",35513,35513,0,100.00,"",""
"benchmarks/xblock_wat/cryptohongbo_87419064_d925c86de95b.wat","SUPPORTED",35559,35559,0,100.00,"",""
"benchmarks/xblock_wat/cryptohongbo_87420365_a14b9ac2852d.wat","SUPPORTED",38456,38456,0,100.00,"",""
"benchmarks/xblock_wat/cryptohongbo_87420552_6b58b915abc7.wat","SUPPORTED",38454,38454,0,100.00,"",""
"benchmarks/xblock_wat/cryptohongbo_87420600_25d2eaea7678.wat","SUPPORTED",38454,38454,0,100.00,"",""
"benchmarks/xblock_wat/cryptohongbo_87421277_7accd9f8399b.wat","SUPPORTED",38271,38271,0,100.00,"",""
"benchmarks/xblock_wat/cryptohongbo_87421722_0c4836569f33.wat","SUPPORTED",41016,41016,0,100.00,"",""
"benchmarks/xblock_wat/cryptohongbo_9703058_375ab12dda1a.wat","SUPPORTED",8803,8803,0,100.00,"",""
"benchmarks/xblock_wat/cryptohongbo_9723874_1eec41f6902b.wat","SUPPORTED",9133,9133,0,100.00,"",""
"benchmarks/xblock_wat/cryptokylin1_12252589_cec471a492c8.wat","SUPPORTED",5401,5401,0,100.00,"",""
"benchmarks/xblock_wat/cryptokylin1_12283445_00189ff4eeb8.wat","SUPPORTED",5311,5311,0,100.00,"",""
"benchmarks/xblock_wat/cryptomeetup_22929937_00edba0edc7a.wat","SUPPORTED",11280,11280,0,100.00,"",""
"benchmarks/xblock_wat/cryptomeetup_23014790_31570bd5e0bc.wat","SUPPORTED",11306,11306,0,100.00,"",""
"benchmarks/xblock_wat/cryptomeetup_23014930_50fa9e5d0b7b.wat","SUPPORTED",11569,11569,0,100.00,"",""
"benchmarks/xblock_wat/cryptomeetup_23015804_8a30c6d0a39c.wat","SUPPORTED",12931,12931,0,100.00,"",""
"benchmarks/xblock_wat/cryptomeetup_23015895_bfa038c13bea.wat","SUPPORTED",12931,12931,0,100.00,"",""
"benchmarks/xblock_wat/cryptomeetup_23018259_f97a79129d2d.wat","SUPPORTED",13019,13019,0,100.00,"",""
"benchmarks/xblock_wat/cryptomeetup_23088108_86b1e9fa3ca1.wat","SUPPORTED",13038,13038,0,100.00,"",""
"benchmarks/xblock_wat/cryptomeetup_23088234_93167f19c494.wat","SUPPORTED",13038,13038,0,100.00,"",""
"benchmarks/xblock_wat/cryptomeetup_23130782_5f8724b4fb57.wat","SUPPORTED",12649,12649,0,100.00,"",""
"benchmarks/xblock_wat/cryptomeetup_23131416_4a2dd2cd9d30.wat","SUPPORTED",14419,14419,0,100.00,"",""
"benchmarks/xblock_wat/cryptomeetup_23132103_c0fb42680263.wat","SUPPORTED",14425,14425,0,100.00,"",""
"benchmarks/xblock_wat/cryptomeetup_23133251_99c7b3808c63.wat","SUPPORTED",13673,13673,0,100.00,"",""
"benchmarks/xblock_wat/cryptomeetup_23133854_d438a28836eb.wat","SUPPORTED",13678,13678,0,100.00,"",""
"benchmarks/xblock_wat/cryptomeetup_23520218_7c14da3d5795.wat","SUPPORTED",14593,14593,0,100.00,"",""
"benchmarks/xblock_wat/cryptomeetup_23612012_1ca6e42866a4.wat","SUPPORTED",16732,16732,0,100.00,"",""
"benchmarks/xblock_wat/cryptomeetup_23612579_f02ee263e59e.wat","SUPPORTED",17756,17756,0,100.00,"",""
"benchmarks/xblock_wat/cryptomeetup_23613317_70c002461246.wat","SUPPORTED",18060,18060,0,100.00,"",""
"benchmarks/xblock_wat/cryptomeetup_23615519_83b2d705fd8d.wat","SUPPORTED",17826,17826,0,100.00,"",""
"benchmarks/xblock_wat/cryptomeetup_23617109_6ac255491c6d.wat","SUPPORTED",17826,17826,0,100.00,"",""
"benchmarks/xblock_wat/cryptomeetup_23620113_84c4811744b6.wat","SUPPORTED",17756,17756,0,100.00,"",""
"benchmarks/xblock_wat/cryptomeetup_23620230_fa41f7bcf713.wat","SUPPORTED",17756,17756,0,100.00,"",""
"benchmarks/xblock_wat/cryptomeetup_23620287_5250b7a93d8c.wat","SUPPORTED",17802,17802,0,100.00,"",""
"benchmarks/xblock_wat/cryptomeetup_23620557_2df2251b24c0.wat","SUPPORTED",17802,17802,0,100.00,"",""
"benchmarks/xblock_wat/cryptomeetup_24282943_eacb56c6d29b.wat","SUPPORTED",14844,14844,0,100.00,"",""
"benchmarks/xblock_wat/cryptomeetup_24335356_78fae618aa61.wat","SUPPORTED",17802,17802,0,100.00,"",""
"benchmarks/xblock_wat/cryptomeetup_24335602_8a86a38226b4.wat","SUPPORTED",17878,17878,0,100.00,"",""
"benchmarks/xblock_wat/cryptomeetup_24339568_a6dc7f3b732f.wat","SUPPORTED",17878,17878,0,100.00,"",""
"benchmarks/xblock_wat/cryptomeetup_24339820_c51cabf978cf.wat","SUPPORTED",17877,17877,0,100.00,"",""
"benchmarks/xblock_wat/cryptomeetup_24340323_027216e71cf7.wat","SUPPORTED",17786,17786,0,100.00,"",""
"benchmarks/xblock_wat/cryptomeetup_24340600_8bc29fc75b27.wat","SUPPORTED",17786,17786,0,100.00,"",""
"benchmarks/xblock_wat/cryptomeetup_24340846_fc239c3d6c51.wat","SUPPORTED",17780,17780,0,100.00,"",""
"benchmarks/xblock_wat/cryptomeetup_24340990_20a8f7ad7bb8.wat","SUPPORTED",17710,17710,0,100.00,"",""
"benchmarks/xblock_wat/cryptomeetup_24408263_66565a8ed419.wat","SUPPORTED",14928,14928,0,100.00,"",""
"benchmarks/xblock_wat/cryptomeetup_24415115_6a6382892be8.wat","SUPPORTED",15315,15315,0,100.00,"",""
"benchmarks/xblock_wat/cryptomeetup_24415805_ff9b557c4d69.wat","SUPPORTED",15317,15317,0,100.00,"",""
"benchmarks/xblock_wat/cryptomeetup_24418443_32e6d0b5c9e3.wat","SUPPORTED",15328,15328,0,100.00,"",""
"benchmarks/xblock_wat/cryptomeetup_24418532_2d92cc769abb.wat","SUPPORTED",15328,15328,0,100.00,"",""
"benchmarks/xblock_wat/cryptomeetup_24541146_2ea59337f71e.wat","SUPPORTED",15778,15778,0,100.00,"",""
"benchmarks/xblock_wat/cryptomeetup_24544010_c40f52702f2d.wat","SUPPORTED",19269,19269,0,100.00,"",""
"benchmarks/xblock_wat/cryptomeetup_24939978_1b7fa9eb02b8.wat","SUPPORTED",20512,20512,0,100.00,"",""
"benchmarks/xblock_wat/cryptomeetup_24940370_d3d672a986b8.wat","SUPPORTED",20293,20293,0,100.00,"",""
"benchmarks/xblock_wat/cryptomeetup_24941530_c8de83a383fc.wat","SUPPORTED",20715,20715,0,100.00,"",""
"benchmarks/xblock_wat/cryptomeetup_24943116_cdae30dd817e.wat","SUPPORTED",21176,21176,0,100.00,"",""
"benchmarks/xblock_wat/cryptomeetup_24943883_6c567da2f99f.wat","SUPPORTED",21185,21185,0,100.00,"",""
"benchmarks/xblock_wat/cryptomeetup_24944105_28d012a348a6.wat","SUPPORTED",21268,21268,0,100.00,"",""
"benchmarks/xblock_wat/cryptomeetup_24945385_326a5256e77b.wat","SUPPORTED",21175,21175,0,100.00,"",""
"benchmarks/xblock_wat/cryptomeetup_24945884_4fe0499aa39e.wat","SUPPORTED",21317,21317,0,100.00,"",""
"benchmarks/xblock_wat/cryptomeetup_24946086_f15fa04a08aa.wat","SUPPORTED",21205,21205,0,100.00,"",""
"benchmarks/xblock_wat/cryptomeetup_24946223_f4023cd514af.wat","SUPPORTED",21225,21225,0,100.00,"",""
"benchmarks/xblock_wat/cryptomeetup_24947104_77b390ec791a.wat","SUPPORTED",21225,21225,0,100.00,"",""
"benchmarks/xblock_wat/cryptomeetup_24947479_04295dbefdd2.wat","SUPPORTED",21296,21296,0,100.00,"",""
"benchmarks/xblock_wat/cryptomeetup_24947742_2636a87cf649.wat","SUPPORTED",21370,21370,0,100.00,"",""
"benchmarks/xblock_wat/cryptomeetup_24948002_7c167afd6e7b.wat","SUPPORTED",21301,21301,0,100.00,"",""
"benchmarks/xblock_wat/cryptomeetup_24949448_b6c80730326a.wat","SUPPORTED",20828,20828,0,100.00,"",""
"benchmarks/xblock_wat/cryptomeetup_24949743_b417fa37698c.wat","SUPPORTED",20834,20834,0,100.00,"",""
"benchmarks/xblock_wat/cryptomeetup_24949796_02407594cf6f.wat","SUPPORTED",20763,20763,0,100.00,"",""
"benchmarks/xblock_wat/cryptomeetup_24949894_c56c29731e3b.wat","SUPPORTED",21245,21245,0,100.00,"",""
"benchmarks/xblock_wat/cryptomeetup_24949999_0d5e79789e51.wat","SUPPORTED",21255,21255,0,100.00,"",""
"benchmarks/xblock_wat/cryptomeetup_24950337_3e2351f21531.wat","SUPPORTED",21614,21614,0,100.00,"",""
"benchmarks/xblock_wat/cryptomeetup_24950828_5ca5f83e48e4.wat","SUPPORTED",21614,21614,0,100.00,"",""
"benchmarks/xblock_wat/cryptomeetup_24950957_c9c71df11c75.wat","SUPPORTED",21618,21618,0,100.00,"",""
"benchmarks/xblock_wat/cryptomeetup_24951004_73f33d13d991.wat","SUPPORTED",20763,20763,0,100.00,"",""
"benchmarks/xblock_wat/cryptomeetup_24951209_40e24150104c.wat","SUPPORTED",20918,20918,0,100.00,"",""
"benchmarks/xblock_wat/cryptomeetup_24951461_c5acf1d1b51b.wat","SUPPORTED",21200,21200,0,100.00,"",""
"benchmarks/xblock_wat/cryptomeetup_24951977_9bfa9ad30b1c.wat","SUPPORTED",20557,20557,0,100.00,"",""
"benchmarks/xblock_wat/cryptomeetup_24952230_b5faaa947ee6.wat","SUPPORTED",20923,20923,0,100.00,"",""
"benchmarks/xblock_wat/cryptomeetup_24952360_b870e18c4254.wat","SUPPORTED",20801,20801,0,100.00,"",""
"benchmarks/xblock_wat/cryptomeetup_24952730_c1438d313694.wat","SUPPORTED",20745,20745,0,100.00,"",""
"benchmarks/xblock_wat/cryptomeetup_24953273_6d18c4b52ef4.wat","SUPPORTED",20796,20796,0,100.00,"",""
"benchmarks/xblock_wat/cryptomeetup_24953617_90cdd1f81436.wat","SUPPORTED",18071,18071,0,100.00,"",""
"benchmarks/xblock_wat/cryptomeetup_24954341_faab74307f0c.wat","SUPPORTED",18646,18646,0,100.00,"",""
"benchmarks/xblock_wat/cryptomeetup_24954912_c772a1b86733.wat","SUPPORTED",19775,19775,0,100.00,"",""
"benchmarks/xblock_wat/cryptomeetup_24955274_8d3018753f10.wat","SUPPORTED",21311,21311,0,100.00,"",""
"benchmarks/xblock_wat/cryptomeetup_24955565_c8c43323bd8c.wat","SUPPORTED",21306,21306,0,100.00,"",""
"benchmarks/xblock_wat/cryptomeetup_24984173_7c350a852d87.wat","SUPPORTED",21306,21306,0,100.00,"",""
"benchmarks/xblock_wat/cryptomeetup_25013804_0a480b375b77.wat","SUPPORTED",21308,21308,0,100.00,"",""
"benchmarks/xblock_wat/cryptomeetup_25017958_c33b5a4845e6.wat","SUPPORTED",21311,21311,0,100.00,"",""
"benchmarks/xblock_wat/cryptomeetup_25021665_826eec766346.wat","SUPPORTED",20304,20304,0,100.00,"",""
"benchmarks/xblock_wat/cryptomeetup_25042588_4181b08b7ab7.wat","SUPPORTED",20300,20300,0,100.00,"",""
"benchmarks/xblock_wat/cryptomeetup_25043444_70c37191f4f4.wat","SUPPORTED",20330,20330,0,100.00,"",""
"benchmarks/xblock_wat/cryptomeetup_25044120_d99f082cd659.wat","SUPPORTED",20314,20314,0,100.00,"",""
"benchmarks/xblock_wat/cryptomeetup_25127968_f197cf39c1dc.wat","SUPPORTED",20389,20389,0,100.00,"",""
"benchmarks/xblock_wat/cryptomeetup_25141669_1dd5ef601542.wat","SUPPORTED",20008,20008,0,100.00,"",""
"benchmarks/xblock_wat/cryptomeetup_25161871_60da12464d48.wat","SUPPORTED",20047,20047,0,100.00,"",""
"benchmarks/xblock_wat/cryptomeetup_25162054_78b8fd65ea93.wat","SUPPORTED",20047,20047,0,100.00,"",""
"benchmarks/xblock_wat/cryptomeetup_25162607_21a7bd4b2a81.wat","SUPPORTED",20129,20129,0,100.00,"",""
"benchmarks/xblock_wat/cryptomeetup_25328347_4ea8e7dd9542.wat","SUPPORTED",20128,20128,0,100.00,"",""
"benchmarks/xblock_wat/cryptomeetup_26063819_02be372d1b36.wat","SUPPORTED",20812,20812,0,100.00,"",""
"benchmarks/xblock_wat/cryptomeetup_26065279_2dc68e74b737.wat","SUPPORTED",20812,20812,0,100.00,"",""
"benchmarks/xblock_wat/cryptomeetup_26070084_411cd8e5b5ae.wat","SUPPORTED",20812,20812,0,100.00,"",""
"benchmarks/xblock_wat/cryptomeetup_26070767_e8ac1e134af2.wat","SUPPORTED",20812,20812,0,100.00,"",""
"benchmarks/xblock_wat/cryptomeetup_26071036_7c02e2c2e35b.wat","SUPPORTED",20812,20812,0,100.00,"",""
"benchmarks/xblock_wat/cryptomeetup_26071507_87bee77fdcc5.wat","SUPPORTED",21039,21039,0,100.00,"",""
"benchmarks/xblock_wat/cryptomeetup_27625593_289efe1b1587.wat","SUPPORTED",21047,21047,0,100.00,"",""
"benchmarks/xblock_wat/cryptomeetup_29521242_fcd37bf3d1e0.wat","SUPPORTED",19994,19994,0,100.00,"",""
"benchmarks/xblock_wat/cryptomeetup_29680009_19ad2bd72063.wat","SUPPORTED",20266,20266,0,100.00,"",""
"benchmarks/xblock_wat/cryptomeetup_29681183_da70ae1cd1f7.wat","SUPPORTED",20535,20535,0,100.00,"",""
"benchmarks/xblock_wat/cryptomeetup_29753230_9daeb490027a.wat","SUPPORTED",20605,20605,0,100.00,"",""
"benchmarks/xblock_wat/cryptomeetup_29753431_9c2975e23c51.wat","SUPPORTED",20388,20388,0,100.00,"",""
"benchmarks/xblock_wat/cryptomeetup_29755383_74e5907a7d7b.wat","SUPPORTED",20568,20568,0,100.00,"",""
"benchmarks/xblock_wat/cryptomeetup_30278822_961a2b013a85.wat","SUPPORTED",2512,2512,0,100.00,"",""
"benchmarks/xblock_wat/cryptomeetup_30289685_5211ac3cdc16.wat","SUPPORTED",20201,20201,0,100.00,"",""
"benchmarks/xblock_wat/cryptomeetup_30290300_10ff140c8bb7.wat","SUPPORTED",20162,20162,0,100.00,"",""
"benchmarks/xblock_wat/cryptomeetup_30295526_8948db1e2db6.wat","SUPPORTED",20355,20355,0,100.00,"",""
"benchmarks/xblock_wat/cryptomeetup_30300570_f724f3ebb800.wat","SUPPORTED",20401,20401,0,100.00,"",""
"benchmarks/xblock_wat/cryptomeetup_30302597_bcea7115cc5a.wat","SUPPORTED",20333,20333,0,100.00,"",""
"benchmarks/xblock_wat/cryptomeetup_30303002_982ed2de810b.wat","SUPPORTED",20075,20075,0,100.00,"",""
"benchmarks/xblock_wat/cryptomeetup_30304175_572f88ff2fd8.wat","SUPPORTED",20113,20113,0,100.00,"",""
"benchmarks/xblock_wat/cryptomeetup_30309854_bf7e8d73e522.wat","SUPPORTED",2420,2420,0,100.00,"",""
"benchmarks/xblock_wat/cryptomeetup_30311241_6f7ca003b271.wat","SUPPORTED",2420,2420,0,100.00,"",""
"benchmarks/xblock_wat/cryptomeetup_30319745_cf33f7f077cc.wat","SUPPORTED",20048,20048,0,100.00,"",""
"benchmarks/xblock_wat/cryptomeetup_30322894_fb57757cd617.wat","SUPPORTED",20168,20168,0,100.00,"",""
"benchmarks/xblock_wat/cryptomeetup_30344152_dbfbc369abc1.wat","SUPPORTED",20195,20195,0,100.00,"",""
"benchmarks/xblock_wat/cryptomeetup_30345652_54f185a89d7a.wat","SUPPORTED",20285,20285,0,100.00,"",""
"benchmarks/xblock_wat/cryptomeetup_30353086_5657a054383f.wat","SUPPORTED",17528,17528,0,100.00,"",""
"benchmarks/xblock_wat/cryptomeetup_30373974_5d071e5634ea.wat","SUPPORTED",14954,14954,0,100.00,"",""
"benchmarks/xblock_wat/cryptomeetup_30376374_44ff82bb9dbc.wat","SUPPORTED",18065,18065,0,100.00,"",""
"benchmarks/xblock_wat/cryptomeetup_30381204_6f66a0d2ad77.wat","SUPPORTED",18065,18065,0,100.00,"",""
"benchmarks/xblock_wat/cryptomeetup_30456113_8976585bed67.wat","SUPPORTED",19414,19414,0,100.00,"",""
"benchmarks/xblock_wat/cryptomeetup_30461574_3cfca222574c.wat","SUPPORTED",19759,19759,0,100.00,"",""
"benchmarks/xblock_wat/cryptomeetup_30462494_3fa8a13a6571.wat","SUPPORTED",19853,19853,0,100.00,"",""
"benchmarks/xblock_wat/cryptomeetup_30463262_2f8d09ee09df.wat","SUPPORTED",19937,19937,0,100.00,"",""
"benchmarks/xblock_wat/cryptomeetup_30467195_331a6a5ce185.wat","SUPPORTED",21002,21002,0,100.00,"",""
"benchmarks/xblock_wat/cryptomeetup_30469562_f9c69ac68d52.wat","SUPPORTED",21086,21086,0,100.00,"",""
"benchmarks/xblock_wat/cryptomeetup_30479087_c4c9169e12cc.wat","SUPPORTED",22310,22310,0,100.00,"",""
"benchmarks/xblock_wat/cryptomeetup_30491877_fcaba366ad88.wat","SUPPORTED",22310,22310,0,100.00,"",""
"benchmarks/xblock_wat/cryptomeetup_30492139_27888d874bdf.wat","SUPPORTED",22266,22266,0,100.00,"",""
"benchmarks/xblock_wat/cryptomeetup_30492913_5ea1cd52c439.wat","SUPPORTED",22310,22310,0,100.00,"",""
"benchmarks/xblock_wat/cryptomeetup_30493274_ae8b1b824dbf.wat","SUPPORTED",22310,22310,0,100.00,"",""
"benchmarks/xblock_wat/cryptomeetup_30498847_ede87ef32923.wat","SUPPORTED",22310,22310,0,100.00,"",""
"benchmarks/xblock_wat/cryptomeetup_30499641_7a8d64eb18ed.wat","SUPPORTED",22293,22293,0,100.00,"",""
"benchmarks/xblock_wat/cryptomeetup_30503194_913bfdd0810c.wat","SUPPORTED",25034,25034,0,100.00,"",""
"benchmarks/xblock_wat/cryptomeetup_30505696_c1ceb0ffbb38.wat","SUPPORTED",25034,25034,0,100.00,"",""
"benchmarks/xblock_wat/cryptomeetup_30506216_9b5a103f7863.wat","SUPPORTED",25071,25071,0,100.00,"",""
"benchmarks/xblock_wat/cryptomeetup_30507837_87f4bf5e50da.wat","SUPPORTED",25071,25071,0,100.00,"",""
"benchmarks/xblock_wat/cryptomeetup_30508316_a2218a73db66.wat","SUPPORTED",25060,25060,0,100.00,"",""
"benchmarks/xblock_wat/cryptomeetup_30509819_10d742120d0b.wat","SUPPORTED",24437,24437,0,100.00,"",""
"benchmarks/xblock_wat/cryptomeetup_30509992_52f14f57a8c9.wat","SUPPORTED",24500,24500,0,100.00,"",""
"benchmarks/xblock_wat/cryptomeetup_30510884_99f46abcdd68.wat","SUPPORTED",24701,24701,0,100.00,"",""
"benchmarks/xblock_wat/cryptomeetup_30511580_459e75d8070b.wat","SUPPORTED",24965,24965,0,100.00,"",""
"benchmarks/xblock_wat/cryptomeetup_30513030_4c636619e58c.wat","SUPPORTED",23823,23823,0,100.00,"",""
"benchmarks/xblock_wat/cryptomeetup_30514488_4e951a119674.wat","SUPPORTED",23823,23823,0,100.00,"",""
"benchmarks/xblock_wat/cryptomeetup_30515709_79b3dbca88ee.wat","SUPPORTED",23823,23823,0,100.00,"",""
"benchmarks/xblock_wat/cryptomeetup_30520968_dc27e766001b.wat","SUPPORTED",24755,24755,0,100.00,"",""
"benchmarks/xblock_wat/cryptomeetup_30522731_d342289d7e39.wat","SUPPORTED",24621,24621,0,100.00,"",""
"benchmarks/xblock_wat/cryptomeetup_30522985_12f5bbaae8a1.wat","SUPPORTED",23756,23756,0,100.00,"",""
"benchmarks/xblock_wat/cryptomeetup_30781006_8375a4c580c7.wat","SUPPORTED",25609,25609,0,100.00,"",""
"benchmarks/xblock_wat/cryptomeetup_30786124_53edb2aafcdb.wat","SUPPORTED",25617,25617,0,100.00,"",""
"benchmarks/xblock_wat/cryptomeetup_30793945_0ab6e9ce9884.wat","SUPPORTED",25922,25922,0,100.00,"",""
"benchmarks/xblock_wat/cryptomeetup_30794689_84c02f5eea68.wat","SUPPORTED",25640,25640,0,100.00,"",""
"benchmarks/xblock_wat/cryptomeetup_30909324_235101edba17.wat","SUPPORTED",27614,27614,0,100.00,"",""
"benchmarks/xblock_wat/cryptomeetup_30911316_7a1682b6b8b7.wat","SUPPORTED",27635,27635,0,100.00,"",""
"benchmarks/xblock_wat/cryptomeetup_31049557_13e78e3516b8.wat","SUPPORTED",29082,29082,0,100.00,"",""
"benchmarks/xblock_wat/cryptomeetup_31050783_3ed6c234f2ac.wat","SUPPORTED",29112,29112,0,100.00,"",""
"benchmarks/xblock_wat/cryptomeetup_31178821_75d6d92379b0.wat","SUPPORTED",29903,29903,0,100.00,"",""
"benchmarks/xblock_wat/cryptomeetup_31179972_4d958edb7c52.wat","SUPPORTED",29917,29917,0,100.00,"",""
"benchmarks/xblock_wat/cryptomeetup_31180572_43f2a68f73c5.wat","SUPPORTED",29649,29649,0,100.00,"",""
"benchmarks/xblock_wat/cryptomeetup_31183489_818354d7ea32.wat","SUPPORTED",29820,29820,0,100.00,"",""
"benchmarks/xblock_wat/cryptomeetup_31185752_de24acdee16d.wat","SUPPORTED",29826,29826,0,100.00,"",""
"benchmarks/xblock_wat/cryptomeetup_31211214_37e472110b12.wat","SUPPORTED",30132,30132,0,100.00,"",""
"benchmarks/xblock_wat/cryptomeetup_31211648_788af00a5aa4.wat","SUPPORTED",30135,30135,0,100.00,"",""
"benchmarks/xblock_wat/cryptomeetup_31529922_60f7168a8bb2.wat","SUPPORTED",28935,28935,0,100.00,"",""
"benchmarks/xblock_wat/cryptomeetup_31848488_91c0b3f999cc.wat","SUPPORTED",29005,29005,0,100.00,"",""
"benchmarks/xblock_wat/cryptomeetup_31865578_8c11262fe29e.wat","SUPPORTED",29264,29264,0,100.00,"",""
"benchmarks/xblock_wat/cryptomeetup_31866082_44d4af2d95c8.wat","SUPPORTED",29001,29001,0,100.00,"",""
"benchmarks/xblock_wat/cryptomeetup_31884137_08ec7b28f80d.wat","SUPPORTED",29007,29007,0,100.00,"",""
"benchmarks/xblock_wat/cryptomeetup_31891050_a79a3f4b1e4a.wat","SUPPORTED",29228,29228,0,100.00,"",""
"benchmarks/xblock_wat/cryptomeetup_31895856_4c0ec346c75c.wat","SUPPORTED",29228,29228,0,100.00,"",""
"benchmarks/xblock_wat/cryptomeetup_32008535_ab795eeb02dd.wat","SUPPORTED",29850,29850,0,100.00,"",""
"benchmarks/xblock_wat/cryptomeetup_32026560_cf06d5b734d8.wat","SUPPORTED",29817,29817,0,100.00,"",""
"benchmarks/xblock_wat/cryptomeetup_32028940_ee1cd7035be7.wat","SUPPORTED",29917,29917,0,100.00,"",""
"benchmarks/xblock_wat/cryptomeetup_32034406_0fc66901784f.wat","SUPPORTED",29605,29605,0,100.00,"",""
"benchmarks/xblock_wat/cryptomeetup_32035709_7d414e83c29d.wat","SUPPORTED",29603,29603,0,100.00,"",""
"benchmarks/xblock_wat/cryptomeetup_32036106_cb713aeb4934.wat","SUPPORTED",29268,29268,0,100.00,"",""
"benchmarks/xblock_wat/cryptomeetup_32043562_70c8df9b97dc.wat","SUPPORTED",29531,29531,0,100.00,"",""
"benchmarks/xblock_wat/cryptomeetup_32857279_d7e7bea161b0.wat","SUPPORTED",27925,27925,0,100.00,"",""
"benchmarks/xblock_wat/cryptomeetup_32914440_e298a429e979.wat","SUPPORTED",29616,29616,0,100.00,"",""
"benchmarks/xblock_wat/cryptomeetup_32914748_79df00b602b8.wat","SUPPORTED",29617,29617,0,100.00,"",""
"benchmarks/xblock_wat/cryptomeetup_32916021_1f470ad35f2f.wat","SUPPORTED",29664,29664,0,100.00,"",""
"benchmarks/xblock_wat/cryptomeetup_32928222_44845b570593.wat","SUPPORTED",29007,29007,0,100.00,"",""
"benchmarks/xblock_wat/cryptomeetup_32928487_d7e2fc24318b.wat","SUPPORTED",29009,29009,0,100.00,"",""
"benchmarks/xblock_wat/cryptomeetup_32929846_86b420473694.wat","SUPPORTED",29130,29130,0,100.00,"",""
"benchmarks/xblock_wat/cryptomeetup_32930340_ffccd0712e78.wat","SUPPORTED",29664,29664,0,100.00,"",""
"benchmarks/xblock_wat/cryptomeetup_32930586_e6633fffd02d.wat","SUPPORTED",29653,29653,0,100.00,"",""
"benchmarks/xblock_wat/cryptomeetup_32930867_2a817492b9f4.wat","SUPPORTED",29660,29660,0,100.00,"",""
"benchmarks/xblock_wat/cryptomeetup_32931412_a23bdbff57a1.wat","SUPPORTED",29620,29620,0,100.00,"",""
"benchmarks/xblock_wat/cryptomeetup_68090133_08a9e726753d.wat","SUPPORTED",26027,26027,0,100.00,"",""
"benchmarks/xblock_wat/cryptomeetup_68090694_4aa88b76ab95.wat","SUPPORTED",26281,26281,0,100.00,"",""
"benchmarks/xblock_wat/cryptomeetup_68091382_8a713f86e02e.wat","SUPPORTED",26535,26535,0,100.00,"",""
"benchmarks/xblock_wat/cryptomeetup_68091696_1aae7c82177d.wat","SUPPORTED",26789,26789,0,100.00,"",""
"benchmarks/xblock_wat/cryptomeetup_68093135_5a4070476c04.wat","SUPPORTED",26835,26835,0,100.00,"",""
"benchmarks/xblock_wat/cryptomeetup_68093913_85a14ea5c98e.wat","SUPPORTED",27978,27978,0,100.00,"",""
"benchmarks/xblock_wat/cryptomeetup_68094650_25f9b1af404f.wat","SUPPORTED",27738,27738,0,100.00,"",""
"benchmarks/xblock_wat/cryptomeetup_68094880_50da90043856.wat","SUPPORTED",27738,27738,0,100.00,"",""
"benchmarks/xblock_wat/cryptomeetup_68095052_33e7b136edbf.wat","SUPPORTED",27738,27738,0,100.00,"",""
"benchmarks/xblock_wat/cryptomeetup_68095214_fbde7992c0a8.wat","SUPPORTED",27738,27738,0,100.00,"",""
"benchmarks/xblock_wat/cryptomeetup_68095347_33e040423397.wat","SUPPORTED",27738,27738,0,100.00,"",""
"benchmarks/xblock_wat/cryptomeetup_68095725_07897e9f03ed.wat","SUPPORTED",28008,28008,0,100.00,"",""
"benchmarks/xblock_wat/cryptomeetup_68096081_2203cb13ddb8.wat","SUPPORTED",28008,28008,0,100.00,"",""
"benchmarks/xblock_wat/cryptomeetup_68096207_069b256a262a.wat","SUPPORTED",27600,27600,0,100.00,"",""
"benchmarks/xblock_wat/cryptomeetup_68096675_94f7a996e9fd.wat","SUPPORTED",27600,27600,0,100.00,"",""
"benchmarks/xblock_wat/cryptomeetup_68097280_44f509e92abb.wat","SUPPORTED",28008,28008,0,100.00,"",""
"benchmarks/xblock_wat/cryptomeetup_68097483_79506664fe97.wat","SUPPORTED",28008,28008,0,100.00,"",""
"benchmarks/xblock_wat/cryptomeetup_68097638_bfa3b3a6c87e.wat","SUPPORTED",28008,28008,0,100.00,"",""
"benchmarks/xblock_wat/cryptomeetup_68097835_5a09fd28473d.wat","SUPPORTED",28008,28008,0,100.00,"",""
"benchmarks/xblock_wat/cryptomeetup_68098030_383467ddcc65.wat","SUPPORTED",28008,28008,0,100.00,"",""
"benchmarks/xblock_wat/cryptomeetup_72350494_1c68bf5765a0.wat","SUPPORTED",15834,15834,0,100.00,"",""
"benchmarks/xblock_wat/cryptopesosc_19877134_58b573abf999.wat","SUPPORTED",9925,9925,0,100.00,"",""
"benchmarks/xblock_wat/cryptopixapp_24557285_4906ff6d8218.wat","SUPPORTED",41742,41742,0,100.00,"",""
"benchmarks/xblock_wat/cryptopixapp_24563364_0703eb8d1a9f.wat","SUPPORTED",41769,41769,0,100.00,"",""
"benchmarks/xblock_wat/cryptopixapp_24723231_5624077640cf.wat","SUPPORTED",42177,42177,0,100.00,"",""
"benchmarks/xblock_wat/cryptopixapp_24747747_57dbf6eb073d.wat","SUPPORTED",42179,42179,0,100.00,"",""
"benchmarks/xblock_wat/cryptopixapp_25012657_3b02ef7ab2b9.wat","SUPPORTED",43186,43186,0,100.00,"",""
"benchmarks/xblock_wat/cryptopixapp_25014869_34b9beeaec64.wat","SUPPORTED",43218,43218,0,100.00,"",""
"benchmarks/xblock_wat/cryptopixapp_25017512_cba04c7eabb7.wat","SUPPORTED",43232,43232,0,100.00,"",""
"benchmarks/xblock_wat/cryptopixapp_25219501_00912fdb25a5.wat","SUPPORTED",43314,43314,0,100.00,"",""
"benchmarks/xblock_wat/cryptopixapp_25224033_b2ed3806515b.wat","SUPPORTED",43314,43314,0,100.00,"",""
"benchmarks/xblock_wat/cryptopixapp_25224261_eff6347c4e7a.wat","SUPPORTED",43314,43314,0,100.00,"",""
"benchmarks/xblock_wat/cryptopixapp_25549666_563771c821fd.wat","SUPPORTED",43061,43061,0,100.00,"",""
"benchmarks/xblock_wat/cryptopixapp_25550203_cecaf661b8c3.wat","SUPPORTED",43061,43061,0,100.00,"",""
"benchmarks/xblock_wat/cryptopixapp_25611215_252da4bc86a6.wat","SUPPORTED",43199,43199,0,100.00,"",""
"benchmarks/xblock_wat/cryptopixapp_25936903_86b21032b4b1.wat","SUPPORTED",43240,43240,0,100.00,"",""
"benchmarks/xblock_wat/cryptopixapp_26239280_d2d484a6bef0.wat","SUPPORTED",43420,43420,0,100.00,"",""
"benchmarks/xblock_wat/cryptopixapp_26275118_2b671020253f.wat","SUPPORTED",43493,43493,0,100.00,"",""
"benchmarks/xblock_wat/cryptopixapp_26283797_528bb01e9145.wat","SUPPORTED",43508,43508,0,100.00,"",""
"benchmarks/xblock_wat/cryptopixapp_26297672_b7d6e87a0acf.wat","SUPPORTED",43552,43552,0,100.00,"",""
"benchmarks/xblock_wat/cryptopixapp_26931654_e74883ef6b63.wat","SUPPORTED",44916,44916,0,100.00,"",""
"benchmarks/xblock_wat/cryptopixapp_26932809_887c543e4137.wat","SUPPORTED",44916,44916,0,100.00,"",""
"benchmarks/xblock_wat/cryptoplease_21888079_97726cbd804f.wat","SUPPORTED",1987,1987,0,100.00,"",""
"benchmarks/xblock_wat/cryptotim.e_42458107_7e316380b4ad.wat","SUPPORTED",2131,2131,0,100.00,"",""
"benchmarks/xblock_wat/cryptovgsapp_64130999_c3e7d2b358dc.wat","SUPPORTED",26677,26677,0,100.00,"",""
"benchmarks/xblock_wat/cryptovgsapp_64435456_740ca2623368.wat","SUPPORTED",27590,27590,0,100.00,"",""
"benchmarks/xblock_wat/cryptovgsapp_67899689_87cd62424b08.wat","SUPPORTED",37130,37130,0,100.00,"",""
"benchmarks/xblock_wat/cryptovgsapp_87057499_6c093cd3b2cd.wat","SUPPORTED",32528,32528,0,100.00,"",""
"benchmarks/xblock_wat/cryptovgsprx_64131099_bd04f6ee0598.wat","SUPPORTED",5002,5002,0,100.00,"",""
"benchmarks/xblock_wat/cryptovgsprx_67900369_56321816e9af.wat","SUPPORTED",5822,5822,0,100.00,"",""
"benchmarks/xblock_wat/cryptreasure_30338282_1d70ca2c9c57.wat","SUPPORTED",31508,31508,0,100.00,"",""
"benchmarks/xblock_wat/cryptreasure_30341629_e86c1918d587.wat","SUPPORTED",31743,31743,0,100.00,"",""
"benchmarks/xblock_wat/cryptreasure_30344399_9730d46e90e1.wat","SUPPORTED",31508,31508,0,100.00,"",""
"benchmarks/xblock_wat/cryptreasure_30521527_1b7c3f3fa662.wat","SUPPORTED",31558,31558,0,100.00,"",""
"benchmarks/xblock_wat/cryptreasure_30855765_457b661a3e83.wat","SUPPORTED",32043,32043,0,100.00,"",""
"benchmarks/xblock_wat/cryptreasure_31112507_16dbbe5f68ef.wat","SUPPORTED",31993,31993,0,100.00,"",""
"benchmarks/xblock_wat/cryptreasure_31200196_a8c0218f5c63.wat","SUPPORTED",31993,31993,0,100.00,"",""
"benchmarks/xblock_wat/cryptreasure_31277704_972c6055d3de.wat","SUPPORTED",31965,31965,0,100.00,"",""
"benchmarks/xblock_wat/cryptreasure_31500577_a0abb8fc0123.wat","SUPPORTED",32564,32564,0,100.00,"",""
"benchmarks/xblock_wat/cryptreasure_31716056_dc48bf1331d8.wat","SUPPORTED",33703,33703,0,100.00,"",""
"benchmarks/xblock_wat/cryptreasure_32037397_ef87a9dd51e2.wat","SUPPORTED",33509,33509,0,100.00,"",""
"benchmarks/xblock_wat/cryptreasure_33929510_2149ea51aca5.wat","SUPPORTED",33799,33799,0,100.00,"",""
"benchmarks/xblock_wat/cryptreasure_34252148_0c655385e052.wat","SUPPORTED",33939,33939,0,100.00,"",""
"benchmarks/xblock_wat/cryptreasure_34271692_296aaff9d7c0.wat","SUPPORTED",45661,45661,0,100.00,"",""
"benchmarks/xblock_wat/cryptreasure_35967450_ed8b03ec0584.wat","SUPPORTED",45329,45329,0,100.00,"",""
"benchmarks/xblock_wat/cryptreasure_37322610_b6d6462324f2.wat","SUPPORTED",46695,46695,0,100.00,"",""
"benchmarks/xblock_wat/cryptreasure_60993891_78c715c9dbe1.wat","SUPPORTED",36492,36492,0,100.00,"",""
"benchmarks/xblock_wat/cryptreasure_68686944_089e6c2d3b12.wat","SUPPORTED",46949,46949,0,100.00,"",""
"benchmarks/xblock_wat/cryptsangoku_26717353_39a3010a8913.wat","SUPPORTED",32908,32908,0,100.00,"",""
"benchmarks/xblock_wat/cryptsangoku_26720453_111c3e4483cf.wat","SUPPORTED",32332,32332,0,100.00,"",""
"benchmarks/xblock_wat/cryptsangoku_26729198_24efaa91980b.wat","SUPPORTED",32908,32908,0,100.00,"",""
"benchmarks/xblock_wat/cryptsangoku_26729469_ce57ec5cbd85.wat","SUPPORTED",32339,32339,0,100.00,"",""
"benchmarks/xblock_wat/cryptsangoku_26730750_e78529e9045c.wat","SUPPORTED",32339,32339,0,100.00,"",""
"benchmarks/xblock_wat/cryptsangoku_26883230_24644fd652d9.wat","SUPPORTED",32217,32217,0,100.00,"",""
"benchmarks/xblock_wat/cryptsangoku_27204790_ed9babba19c5.wat","SUPPORTED",32869,32869,0,100.00,"",""
"benchmarks/xblock_wat/cryptsangoku_27227596_261fd78b7271.wat","SUPPORTED",34380,34380,0,100.00,"",""
"benchmarks/xblock_wat/cryptsangoku_27227701_fdeac050cace.wat","SUPPORTED",33021,33021,0,100.00,"",""
"benchmarks/xblock_wat/cryptsangoku_27243555_968aced829bb.wat","SUPPORTED",33051,33051,0,100.00,"",""
"benchmarks/xblock_wat/cryptsangoku_27245465_c684cd951371.wat","SUPPORTED",33083,33083,0,100.00,"",""
"benchmarks/xblock_wat/cryptsangoku_28093547_7da36652d50b.wat","SUPPORTED",36342,36342,0,100.00,"",""
"benchmarks/xblock_wat/cryptsangoku_54317645_843ed31feb55.wat","SUPPORTED",34085,34085,0,100.00,"",""
"benchmarks/xblock_wat/crytonminter_61619652_1d3888eaa453.wat","SUPPORTED",10783,10783,0,100.00,"",""
"benchmarks/xblock_wat/ctgbarbeting_16274112_de8867eb5c0f.wat","SUPPORTED",17680,17680,0,100.00,"",""
"benchmarks/xblock_wat/ctgbarbeting_16324085_c04dca00504b.wat","SUPPORTED",17690,17690,0,100.00,"",""
"benchmarks/xblock_wat/ctgbarbeting_20803336_a4dab440bdd3.wat","SUPPORTED",19649,19649,0,100.00,"",""
"benchmarks/xblock_wat/ctgbarbeting_21717365_2daa554a1c5f.wat","SUPPORTED",19837,19837,0,100.00,"",""
"benchmarks/xblock_wat/ctgbarbeting_21732682_1669b40b2702.wat","SUPPORTED",19918,19918,0,100.00,"",""
"benchmarks/xblock_wat/ctgbarbeting_2686316_1abb9814c2d2.wat","SUPPORTED",13358,13358,0,100.00,"",""
"benchmarks/xblock_wat/ctgbarbeting_2687194_226dee12777c.wat","SUPPORTED",12962,12962,0,100.00,"",""
"benchmarks/xblock_wat/ctgbarbeting_41631982_9903db036320.wat","SUPPORTED",21305,21305,0,100.00,"",""
"benchmarks/xblock_wat/ctgbarbeting_45059405_c6c7b94b0fe5.wat","SUPPORTED",49667,49667,0,100.00,"",""
"benchmarks/xblock_wat/ctgbarbeting_47441532_21b4c48a1179.wat","SUPPORTED",58677,58677,0,100.00,"",""
"benchmarks/xblock_wat/ctgbarbeting_47507549_c1e8d5e6c0ce.wat","SUPPORTED",58620,58620,0,100.00,"",""
"benchmarks/xblock_wat/ctgbarbeting_47510309_2940903e9bd6.wat","SUPPORTED",56242,56242,0,100.00,"",""
"benchmarks/xblock_wat/ctgbarbeting_47511785_289272024185.wat","SUPPORTED",55053,55053,0,100.00,"",""
"benchmarks/xblock_wat/ctgbarbeting_47514204_611f387c28ce.wat","SUPPORTED",58977,58977,0,100.00,"",""
"benchmarks/xblock_wat/ctgbarbeting_47515244_196ed2b4f72d.wat","SUPPORTED",58620,58620,0,100.00,"",""
"benchmarks/xblock_wat/ctgbarbeting_72454161_9a0a7e48883e.wat","SUPPORTED",43,43,0,100.00,"",""
"benchmarks/xblock_wat/ctgbarbeting_8600076_d6bc106e06a6.wat","SUPPORTED",17826,17826,0,100.00,"",""
"benchmarks/xblock_wat/ctgbarbeting_8613414_11e1e5490b01.wat","SUPPORTED",16855,16855,0,100.00,"",""
"benchmarks/xblock_wat/ctgbarbeting_8657859_d3ec8608a9e1.wat","SUPPORTED",16855,16855,0,100.00,"",""
"benchmarks/xblock_wat/ctgbarbeting_8840056_4cf798d53c70.wat","SUPPORTED",17639,17639,0,100.00,"",""
"benchmarks/xblock_wat/ctgbarbeting_9928970_87cd5cbf352e.wat","SUPPORTED",17806,17806,0,100.00,"",""
"benchmarks/xblock_wat/ctgbarbeting_9930006_e13eea7b2c80.wat","SUPPORTED",17651,17651,0,100.00,"",""
"benchmarks/xblock_wat/ctreasurelog_30338268_57eb00fa337d.wat","SUPPORTED",3185,3185,0,100.00,"",""
"benchmarks/xblock_wat/ctserver2111_38377404_d004c3ef9b90.wat","SUPPORTED",90320,90320,0,100.00,"",""
"benchmarks/xblock_wat/ctserver2111_38434445_6677364963a3.wat","SUPPORTED",90740,90740,0,100.00,"",""
"benchmarks/xblock_wat/ctserver2111_44903963_311dd8a0bdf8.wat","SUPPORTED",96067,96067,0,100.00,"",""
"benchmarks/xblock_wat/ctserver2111_47721954_c4cbd8e944ba.wat","SUPPORTED",98235,98235,0,100.00,"",""
"benchmarks/xblock_wat/ctserver2111_49595554_1fef3691f675.wat","SUPPORTED",108284,108284,0,100.00,"",""
"benchmarks/xblock_wat/ctserver5111_39449015_d222ffb8884e.wat","SUPPORTED",94109,94109,0,100.00,"",""
"benchmarks/xblock_wat/ctserver5111_49423553_e3d660a29058.wat","SUPPORTED",107962,107962,0,100.00,"",""
"benchmarks/xblock_wat/ctserver5112_40112717_b17ea85a1520.wat","SUPPORTED",98380,98380,0,100.00,"",""
"benchmarks/xblock_wat/cubecontract_21729749_873f53b17beb.wat","SUPPORTED",10468,10468,0,100.00,"",""
"benchmarks/xblock_wat/cubecontract_21823674_4463fd6d0837.wat","SUPPORTED",10475,10475,0,100.00,"",""
"benchmarks/xblock_wat/cubecontract_22016287_4438ca063906.wat","SUPPORTED",10484,10484,0,100.00,"",""
"benchmarks/xblock_wat/cubecontract_22043888_a6d6eef07042.wat","SUPPORTED",10490,10490,0,100.00,"",""
"benchmarks/xblock_wat/cubecontract_22044425_5759bc8d7e04.wat","SUPPORTED",10492,10492,0,100.00,"",""
"benchmarks/xblock_wat/cubecontract_22181678_23ae13e55f86.wat","SUPPORTED",10108,10108,0,100.00,"",""
"benchmarks/xblock_wat/cubecontract_22183962_46e9d0ad51e4.wat","SUPPORTED",10097,10097,0,100.00,"",""
"benchmarks/xblock_wat/cubecontract_22185268_4c726e7ea01d.wat","SUPPORTED",10097,10097,0,100.00,"",""
"benchmarks/xblock_wat/cubecontract_22188922_78e513882f0f.wat","SUPPORTED",10097,10097,0,100.00,"",""
"benchmarks/xblock_wat/cubecontract_22190674_a0adbcd5b65c.wat","SUPPORTED",10099,10099,0,100.00,"",""
"benchmarks/xblock_wat/cubecontract_22207808_178b3b76695a.wat","SUPPORTED",9893,9893,0,100.00,"",""
"benchmarks/xblock_wat/cubecontract_22241589_41d8f729d314.wat","SUPPORTED",9905,9905,0,100.00,"",""
"benchmarks/xblock_wat/cubecontract_22258267_b385d0fb3068.wat","SUPPORTED",9905,9905,0,100.00,"",""
"benchmarks/xblock_wat/cubecontract_22316091_d8cc90ab1ce4.wat","SUPPORTED",9977,9977,0,100.00,"",""
"benchmarks/xblock_wat/cubecontract_22391045_2bfcdcfdcaeb.wat","SUPPORTED",9988,9988,0,100.00,"",""
"benchmarks/xblock_wat/cubecontract_22395066_85ca399d2051.wat","SUPPORTED",9995,9995,0,100.00,"",""
"benchmarks/xblock_wat/cubecontract_22607066_678cab387cc6.wat","SUPPORTED",10018,10018,0,100.00,"",""
"benchmarks/xblock_wat/cubecontract_23108415_ef0aeb4331ae.wat","SUPPORTED",9954,9954,0,100.00,"",""
"benchmarks/xblock_wat/cubecontract_23110081_df5a6794c322.wat","SUPPORTED",9941,9941,0,100.00,"",""
"benchmarks/xblock_wat/cubecontract_23591394_09bb546c14f9.wat","SUPPORTED",11715,11715,0,100.00,"",""
"benchmarks/xblock_wat/cubecontract_23595322_21ab3882bfa9.wat","SUPPORTED",11711,11711,0,100.00,"",""
"benchmarks/xblock_wat/cubecontract_23598989_073c5874d11e.wat","SUPPORTED",12267,12267,0,100.00,"",""
"benchmarks/xblock_wat/cubecontract_23601505_bc1cbdac46aa.wat","SUPPORTED",12269,12269,0,100.00,"",""
"benchmarks/xblock_wat/cubecontract_23704434_a7aac7bdad0d.wat","SUPPORTED",12253,12253,0,100.00,"",""
"benchmarks/xblock_wat/cubecontract_23707477_6a009dd3951c.wat","SUPPORTED",12271,12271,0,100.00,"",""
"benchmarks/xblock_wat/cubecontract_23737173_355d7eac2d4d.wat","SUPPORTED",12291,12291,0,100.00,"",""
"benchmarks/xblock_wat/cubecontract_23737709_912a1b6b058a.wat","SUPPORTED",12291,12291,0,100.00,"",""
"benchmarks/xblock_wat/cubecontract_23755016_9296f63220fa.wat","SUPPORTED",12291,12291,0,100.00,"",""
"benchmarks/xblock_wat/cubecontract_24615280_261f3adf34f6.wat","SUPPORTED",16777,16777,0,100.00,"",""
"benchmarks/xblock_wat/cubecontract_24750645_320dfec144c4.wat","SUPPORTED",16764,16764,0,100.00,"",""
"benchmarks/xblock_wat/cubecontract_24751250_8d9640711c12.wat","SUPPORTED",16764,16764,0,100.00,"",""
"benchmarks/xblock_wat/cubecontract_26160137_3bdfd20532c2.wat","SUPPORTED",17594,17594,0,100.00,"",""
"benchmarks/xblock_wat/cubecontract_26160337_0be1f3d73a2d.wat","SUPPORTED",17594,17594,0,100.00,"",""
"benchmarks/xblock_wat/cubecontract_28548439_952217870608.wat","SUPPORTED",17594,17594,0,100.00,"",""
"benchmarks/xblock_wat/cubecontract_31453097_a0da15e367e2.wat","SUPPORTED",17633,17633,0,100.00,"",""
"benchmarks/xblock_wat/cubecontract_38806414_878583850930.wat","SUPPORTED",17633,17633,0,100.00,"",""
"benchmarks/xblock_wat/cubecontract_70962622_4ba70fb32570.wat","SUPPORTED",15779,15779,0,100.00,"",""
"benchmarks/xblock_wat/customtokens_5086421_910cc255aed7.wat","SUPPORTED",4290,4290,0,100.00,"",""
"benchmarks/xblock_wat/customtokens_5090743_794ec5bc37dd.wat","SUPPORTED",4293,4293,0,100.00,"",""
"benchmarks/xblock_wat/cvrepstorage_33074397_3c5d44c5b570.wat","SUPPORTED",4812,4812,0,100.00,"",""
"benchmarks/xblock_wat/cvvinproof11_33075259_663d2a95358a.wat","SUPPORTED",4715,4715,0,100.00,"",""
"benchmarks/xblock_wat/cvvinproof11_36166448_14441e39cef8.wat","SUPPORTED",4554,4554,0,100.00,"",""
"benchmarks/xblock_wat/cvvinproof11_71711490_dcfa2efe0550.wat","SUPPORTED",2363,2363,0,100.00,"",""
"benchmarks/xblock_wat/cvvinproof11_71712980_d0a8405dac62.wat","SUPPORTED",2402,2402,0,100.00,"",""
"benchmarks/xblock_wat/cvvinproof11_71713798_43d5882b815c.wat","SUPPORTED",2127,2127,0,100.00,"",""
"benchmarks/xblock_wat/cvvinproof11_71714048_886157984206.wat","SUPPORTED",2110,2110,0,100.00,"",""
"benchmarks/xblock_wat/cvvinproof11_71714373_73300f34aae3.wat","SUPPORTED",2401,2401,0,100.00,"",""
"benchmarks/xblock_wat/cvvinproof11_71714933_098ddac5808d.wat","SUPPORTED",2116,2116,0,100.00,"",""
"benchmarks/xblock_wat/cvvinproof11_71715045_44e28b3fe03d.wat","SUPPORTED",166,166,0,100.00,"",""
"benchmarks/xblock_wat/cvvinproof11_71715145_7c505444421a.wat","SUPPORTED",2340,2340,0,100.00,"",""
"benchmarks/xblock_wat/cvvinproof11_71715201_2dfbf5bcfdb3.wat","SUPPORTED",2366,2366,0,100.00,"",""
"benchmarks/xblock_wat/cybrotecheos_36827167_2b557e29d257.wat","SUPPORTED",3822,3822,0,100.00,"",""
"benchmarks/xblock_wat/cybrotecheos_58225739_1e651cce383b.wat","SUPPORTED",4020,4020,0,100.00,"",""
"benchmarks/xblock_wat/cydetesttokn_37557263_a0dab0f02f73.wat","SUPPORTED",42718,42718,0,100.00,"",""
"benchmarks/xblock_wat/cygnustoken1_61752657_c4aab538c1ac.wat","SUPPORTED",9997,9997,0,100.00,"",""
"benchmarks/xblock_wat/cyscyscys235_83784951_80ba23779174.wat","SUPPORTED",269,269,0,100.00,"",""
"benchmarks/xblock_wat/cyscyscys235_83785951_bf3cda72691e.wat","SUPPORTED",277,277,0,100.00,"",""
"benchmarks/xblock_wat/cyscyscys235_88600853_2c5d008668d6.wat","SUPPORTED",176,176,0,100.00,"",""
"benchmarks/xblock_wat/cyscyscys235_88602531_d0f925f10e42.wat","SUPPORTED",180,180,0,100.00,"",""
"benchmarks/xblock_wat/cyscyscys235_88602805_83890095fa59.wat","SUPPORTED",74,74,0,100.00,"",""
"benchmarks/xblock_wat/cyscyscys235_88603273_17a89257e2ec.wat","SUPPORTED",180,180,0,100.00,"",""
"benchmarks/xblock_wat/cyscyscys235_88603475_d5f35f89fe50.wat","SUPPORTED",180,180,0,100.00,"",""
"benchmarks/xblock_wat/cyscyscys235_88604130_117bb18df6ff.wat","SUPPORTED",194,194,0,100.00,"",""
"benchmarks/xblock_wat/cyscyscys235_88605120_28f0bb44c7ff.wat","SUPPORTED",196,196,0,100.00,"",""
"benchmarks/xblock_wat/cyscyscys235_88606478_56d69706d9cf.wat","SUPPORTED",200,200,0,100.00,"",""
"benchmarks/xblock_wat/d.mail_75105674_13c1f1eed9c1.wat","SUPPORTED",12201,12201,0,100.00,"",""
"benchmarks/xblock_wat/d.mail_75108039_80131e917d62.wat","SUPPORTED",12179,12179,0,100.00,"",""
"benchmarks/xblock_wat/d.mail_75113057_edd192ed7ea7.wat","SUPPORTED",12177,12177,0,100.00,"",""
"benchmarks/xblock_wat/d.mail_75118932_d4c80bb74300.wat","SUPPORTED",39657,39657,0,100.00,"",""
"benchmarks/xblock_wat/d.mail_75126538_9b4ed95ee839.wat","SUPPORTED",45275,45275,0,100.00,"",""
"benchmarks/xblock_wat/d.mail_75132362_e72784d32c81.wat","SUPPORTED",41827,41827,0,100.00,"",""
"benchmarks/xblock_wat/d.mail_75135285_1866a59e89bd.wat","SUPPORTED",41827,41827,0,100.00,"",""
"benchmarks/xblock_wat/d.mail_75136746_9298f63f2002.wat","SUPPORTED",46743,46743,0,100.00,"",""
"benchmarks/xblock_wat/d.mail_75145938_94d569999a7b.wat","SUPPORTED",46846,46846,0,100.00,"",""
"benchmarks/xblock_wat/d.mail_75154501_9641b14b4300.wat","SUPPORTED",46846,46846,0,100.00,"",""
"benchmarks/xblock_wat/d.mail_75160169_87a2c083cf8b.wat","SUPPORTED",46846,46846,0,100.00,"",""
"benchmarks/xblock_wat/d.mail_75646746_f53e62c1a4f2.wat","SUPPORTED",41357,41357,0,100.00,"",""
"benchmarks/xblock_wat/d.mail_75649180_638f9ce5b49e.wat","SUPPORTED",42082,42082,0,100.00,"",""
"benchmarks/xblock_wat/d.mail_76146727_e1bfcaea5f8a.wat","SUPPORTED",12904,12904,0,100.00,"",""
"benchmarks/xblock_wat/d.mail_76649826_2c31e6ac262f.wat","SUPPORTED",12901,12901,0,100.00,"",""
"benchmarks/xblock_wat/daccustodia1_56767353_551623d02c61.wat","SUPPORTED",41461,41461,0,100.00,"",""
"benchmarks/xblock_wat/daccustodia1_56783907_b9492d0f5f04.wat","SUPPORTED",41461,41461,0,100.00,"",""
"benchmarks/xblock_wat/daccustodia1_58020860_bb06722dd0c9.wat","SUPPORTED",41459,41459,0,100.00,"",""
"benchmarks/xblock_wat/daccustodia1_58022394_2284bc2d8208.wat","SUPPORTED",40249,40249,0,100.00,"",""
"benchmarks/xblock_wat/daccustodia1_58022554_418e95a7ce4f.wat","SUPPORTED",41461,41461,0,100.00,"",""
"benchmarks/xblock_wat/daccustodia1_58024399_3298ccfa354e.wat","SUPPORTED",41461,41461,0,100.00,"",""
"benchmarks/xblock_wat/daccustodia1_88996801_32367b7096f1.wat","SUPPORTED",42712,42712,0,100.00,"",""
"benchmarks/xblock_wat/daccustodian_20009513_3f6a585c7730.wat","SUPPORTED",35747,35747,0,100.00,"",""
"benchmarks/xblock_wat/daccustodian_20073837_abf8bf898b3b.wat","SUPPORTED",35714,35714,0,100.00,"",""
"benchmarks/xblock_wat/daccustodian_23704827_3f7a1d9c3996.wat","SUPPORTED",38160,38160,0,100.00,"",""
"benchmarks/xblock_wat/daccustodian_23704866_03fb9f941e77.wat","SUPPORTED",38333,38333,0,100.00,"",""
"benchmarks/xblock_wat/daccustodian_23704904_55f9d9ce2acc.wat","SUPPORTED",38290,38290,0,100.00,"",""
"benchmarks/xblock_wat/daccustodian_23704944_30aa89c7a9bd.wat","SUPPORTED",37653,37653,0,100.00,"",""
"benchmarks/xblock_wat/daccustodian_23704983_ccfb4d237e9d.wat","SUPPORTED",36089,36089,0,100.00,"",""
"benchmarks/xblock_wat/daccustodian_27635030_684959f82989.wat","SUPPORTED",34237,34237,0,100.00,"",""
"benchmarks/xblock_wat/daccustodian_32259438_467ad62866d2.wat","SUPPORTED",36717,36717,0,100.00,"",""
"benchmarks/xblock_wat/daccustodian_58277468_4d1f18f47133.wat","SUPPORTED",41381,41381,0,100.00,"",""
"benchmarks/xblock_wat/daccustodian_75066271_895db4a8afb5.wat","SUPPORTED",62732,62732,0,100.00,"",""
"benchmarks/xblock_wat/daccustodian_75512595_b21ad7ca13dd.wat","SUPPORTED",62737,62737,0,100.00,"",""
"benchmarks/xblock_wat/daccustodian_79727707_46038b734343.wat","SUPPORTED",55232,55232,0,100.00,"",""
"benchmarks/xblock_wat/dacdirectory_49322102_eb4b6831c7b3.wat","SUPPORTED",10497,10497,0,100.00,"",""
"benchmarks/xblock_wat/dacdirectory_49502900_7fe070ba84f3.wat","SUPPORTED",8929,8929,0,100.00,"",""
"benchmarks/xblock_wat/dacdirectory_61733624_7cb145eefc97.wat","SUPPORTED",15194,15194,0,100.00,"",""
"benchmarks/xblock_wat/dacdirectory_66727135_dc4ce8636a4d.wat","SUPPORTED",15065,15065,0,100.00,"",""
"benchmarks/xblock_wat/dacdirectory_71241843_7168ede9f4a5.wat","SUPPORTED",15340,15340,0,100.00,"",""
"benchmarks/xblock_wat/dacdirectory_73133721_92cf58c06da0.wat","SUPPORTED",16023,16023,0,100.00,"",""
"benchmarks/xblock_wat/dacdirectory_75062660_3fde6d63a34d.wat","SUPPORTED",16524,16524,0,100.00,"",""
"benchmarks/xblock_wat/dacdirectory_75063210_a99919f52770.wat","SUPPORTED",16525,16525,0,100.00,"",""
"benchmarks/xblock_wat/dacincubator_18273881_06a0c24b4bc6.wat","SUPPORTED",13639,13639,0,100.00,"",""
"benchmarks/xblock_wat/dacincubator_18274209_3f09410f5a33.wat","SUPPORTED",13978,13978,0,100.00,"",""
"benchmarks/xblock_wat/dacincubator_18276364_f002b28c447c.wat","SUPPORTED",13652,13652,0,100.00,"",""
"benchmarks/xblock_wat/dacincubator_18278229_96b129063e36.wat","SUPPORTED",13647,13647,0,100.00,"",""
"benchmarks/xblock_wat/dacincubator_18278417_07445982e9a4.wat","SUPPORTED",13639,13639,0,100.00,"",""
"benchmarks/xblock_wat/dacincubator_18470273_591506597671.wat","SUPPORTED",13720,13720,0,100.00,"",""
"benchmarks/xblock_wat/dacincubator_18834491_9ec3cfa068f7.wat","SUPPORTED",13976,13976,0,100.00,"",""
"benchmarks/xblock_wat/dacincubator_18918717_8221323d7694.wat","SUPPORTED",14160,14160,0,100.00,"",""
"benchmarks/xblock_wat/dacincubator_18920342_c16688236b6e.wat","SUPPORTED",14160,14160,0,100.00,"",""
"benchmarks/xblock_wat/dacincubator_18961059_bc1ce477bf9f.wat","SUPPORTED",14072,14072,0,100.00,"",""
"benchmarks/xblock_wat/dacincubator_19005200_c36b32c7c7f8.wat","SUPPORTED",13629,13629,0,100.00,"",""
"benchmarks/xblock_wat/dacincubator_19005434_c42b4df69774.wat","SUPPORTED",13788,13788,0,100.00,"",""
"benchmarks/xblock_wat/dacincubator_19458131_f7ead0ed1d67.wat","SUPPORTED",13149,13149,0,100.00,"",""
"benchmarks/xblock_wat/dacincubator_21808221_43541e756e11.wat","SUPPORTED",13309,13309,0,100.00,"",""
"benchmarks/xblock_wat/dacincubator_22686099_7bef25d7cf88.wat","SUPPORTED",13228,13228,0,100.00,"",""
"benchmarks/xblock_wat/dacincubator_22687295_6c752483f620.wat","SUPPORTED",13680,13680,0,100.00,"",""
"benchmarks/xblock_wat/dacincubator_22688968_55c4f596ee8a.wat","SUPPORTED",13680,13680,0,100.00,"",""
"benchmarks/xblock_wat/dacincubator_23723605_4ebe55126113.wat","SUPPORTED",13680,13680,0,100.00,"",""
"benchmarks/xblock_wat/dacincubator_24002241_1898b89079c7.wat","SUPPORTED",13682,13682,0,100.00,"",""
"benchmarks/xblock_wat/dacincubator_24242490_9cde03d1de1b.wat","SUPPORTED",13687,13687,0,100.00,"",""
"benchmarks/xblock_wat/dacincubator_24533860_c1c537dfb76e.wat","SUPPORTED",13687,13687,0,100.00,"",""
"benchmarks/xblock_wat/dacincubator_25867447_66a1315911ab.wat","SUPPORTED",14235,14235,0,100.00,"",""
"benchmarks/xblock_wat/dacincubator_26560718_ba6ff86483fc.wat","SUPPORTED",13724,13724,0,100.00,"",""
"benchmarks/xblock_wat/dacincubator_26586626_220e75b24db7.wat","SUPPORTED",12331,12331,0,100.00,"",""
"benchmarks/xblock_wat/dacincubator_27776774_1b68344527ab.wat","SUPPORTED",12231,12231,0,100.00,"",""
"benchmarks/xblock_wat/dacincubator_27783844_c56f87baec8e.wat","SUPPORTED",12231,12231,0,100.00,"",""
"benchmarks/xblock_wat/dacincubator_27785062_aa1d638ab1e5.wat","SUPPORTED",12228,12228,0,100.00,"",""
"benchmarks/xblock_wat/dacincubator_27801463_6c667d62bb8c.wat","SUPPORTED",12228,12228,0,100.00,"",""
"benchmarks/xblock_wat/dacincubator_27802038_420699e67c62.wat","SUPPORTED",12228,12228,0,100.00,"",""
"benchmarks/xblock_wat/dacincubator_28060968_cd96c69e00e2.wat","SUPPORTED",13301,13301,0,100.00,"",""
"benchmarks/xblock_wat/dacincubator_28061724_0a11136ab364.wat","SUPPORTED",13301,13301,0,100.00,"",""
"benchmarks/xblock_wat/dacincubator_28171605_97f5784f65e5.wat","SUPPORTED",13302,13302,0,100.00,"",""
"benchmarks/xblock_wat/dacincubator_28296339_c9ea6427a2da.wat","SUPPORTED",14122,14122,0,100.00,"",""
"benchmarks/xblock_wat/dacincubator_28297571_100db1281c01.wat","SUPPORTED",13896,13896,0,100.00,"",""
"benchmarks/xblock_wat/dacincubator_28297903_7a056c4bd197.wat","SUPPORTED",13889,13889,0,100.00,"",""
"benchmarks/xblock_wat/dacincubator_28979685_a3fff9dc52b8.wat","SUPPORTED",13991,13991,0,100.00,"",""
"benchmarks/xblock_wat/dacincubator_28980566_4b9548203c71.wat","SUPPORTED",13991,13991,0,100.00,"",""
"benchmarks/xblock_wat/dacmultisig1_56768124_57ff12998d98.wat","SUPPORTED",6715,6715,0,100.00,"",""
"benchmarks/xblock_wat/dacmultisigs_28991037_d6337efc0f19.wat","SUPPORTED",5911,5911,0,100.00,"",""
"benchmarks/xblock_wat/dacmultisigs_47424590_fb2caceb5dee.wat","SUPPORTED",6031,6031,0,100.00,"",""
"benchmarks/xblock_wat/dacmultisigs_75066522_524621b39fbd.wat","SUPPORTED",11248,11248,0,100.00,"",""
"benchmarks/xblock_wat/dacmultisigs_78974876_d1f1a281ccd6.wat","SUPPORTED",12333,12333,0,100.00,"",""
"benchmarks/xblock_wat/dacocoiogmbh_48971763_7b0c7d42488c.wat","SUPPORTED",6221,6221,0,100.00,"",""
"benchmarks/xblock_wat/dactoken1111_56791282_15c2a93adaca.wat","SUPPORTED",19869,19869,0,100.00,"",""
"benchmarks/xblock_wat/dactoken1111_64359286_8b5a31213b5a.wat","SUPPORTED",20655,20655,0,100.00,"",""
"benchmarks/xblock_wat/dactoken1111_66451212_e4ec1898461f.wat","SUPPORTED",20676,20676,0,100.00,"",""
"benchmarks/xblock_wat/dailypowdeos_50578395_d02c3a901664.wat","SUPPORTED",11245,11245,0,100.00,"",""
"benchmarks/xblock_wat/dailypowdeos_50578696_0f0060efa18c.wat","SUPPORTED",11245,11245,0,100.00,"",""
"benchmarks/xblock_wat/dailypowdeos_50590015_60545286834d.wat","SUPPORTED",11284,11284,0,100.00,"",""
"benchmarks/xblock_wat/danakilblock_13430949_b1eb4c108c4f.wat","SUPPORTED",4050,4050,0,100.00,"",""
"benchmarks/xblock_wat/danakilblock_13626912_5da3f6a3be51.wat","SUPPORTED",4434,4434,0,100.00,"",""
"benchmarks/xblock_wat/danakilblock_14367527_0eed5bba2953.wat","SUPPORTED",2173,2173,0,100.00,"",""
"benchmarks/xblock_wat/danakilblock_14888710_f0ac111c4b27.wat","SUPPORTED",4439,4439,0,100.00,"",""
"benchmarks/xblock_wat/danakilblock_14892347_f77f968b9172.wat","SUPPORTED",2175,2175,0,100.00,"",""
"benchmarks/xblock_wat/danakilblock_14904845_3bde58fbc14f.wat","SUPPORTED",2772,2772,0,100.00,"",""
"benchmarks/xblock_wat/danakilblock_14905291_a43edc919846.wat","SUPPORTED",2772,2772,0,100.00,"",""
"benchmarks/xblock_wat/danakilblock_14906072_2a8343d60eb4.wat","SUPPORTED",2772,2772,0,100.00,"",""
"benchmarks/xblock_wat/danakilblock_14906310_ae7e83b86dbc.wat","SUPPORTED",1163,1163,0,100.00,"",""
"benchmarks/xblock_wat/danakilblock_14908347_00a6cb2f4bf9.wat","SUPPORTED",3756,3756,0,100.00,"",""
"benchmarks/xblock_wat/danakilblock_14975009_3c7858c7bcda.wat","SUPPORTED",4137,4137,0,100.00,"",""
"benchmarks/xblock_wat/danakilblock_14985224_d76685f1a782.wat","SUPPORTED",4345,4345,0,100.00,"",""
"benchmarks/xblock_wat/daomuqiangsn_82045481_329fa836f4ef.wat","SUPPORTED",18291,18291,0,100.00,"",""
"benchmarks/xblock_wat/daopgenesis1_72927523_ce7e66b483a3.wat","SUPPORTED",26200,26200,0,100.00,"",""
"benchmarks/xblock_wat/daopgenesis1_72928464_3ccb7ec88f86.wat","SUPPORTED",22981,22981,0,100.00,"",""
"benchmarks/xblock_wat/daopgenesis1_72936455_723162decbba.wat","SUPPORTED",22984,22984,0,100.00,"",""
"benchmarks/xblock_wat/daopgenesis1_72968072_dad483660004.wat","SUPPORTED",22984,22984,0,100.00,"",""
"benchmarks/xblock_wat/daopgenesis1_73027360_9137bfbc6a2d.wat","SUPPORTED",22984,22984,0,100.00,"",""
"benchmarks/xblock_wat/daopgenesis1_73028023_0be3adc71df1.wat","SUPPORTED",22982,22982,0,100.00,"",""
"benchmarks/xblock_wat/daopgenesis1_73029621_dc7678f6bed9.wat","SUPPORTED",22989,22989,0,100.00,"",""
"benchmarks/xblock_wat/daopgenesis2_72927738_b49152562bf3.wat","SUPPORTED",7713,7713,0,100.00,"",""
"benchmarks/xblock_wat/daopgenesis3_72927773_953b2bab65da.wat","SUPPORTED",7713,7713,0,100.00,"",""
"benchmarks/xblock_wat/dappairhodl1_60853138_929c81837487.wat","SUPPORTED",14534,14534,0,100.00,"",""
"benchmarks/xblock_wat/dappbaccarat_40424027_8d9572439f30.wat","SUPPORTED",32142,32142,0,100.00,"",""
"benchmarks/xblock_wat/dappbaccarat_43746550_d4ff2a2c7e78.wat","SUPPORTED",36178,36178,0,100.00,"",""
"benchmarks/xblock_wat/dappbaccarat_43919930_86bd9b83400a.wat","SUPPORTED",36189,36189,0,100.00,"",""
"benchmarks/xblock_wat/dappbaccarat_44078203_0492e0e71eb2.wat","SUPPORTED",36201,36201,0,100.00,"",""
"benchmarks/xblock_wat/dappbaccarat_44958250_3000a3777ea5.wat","SUPPORTED",35207,35207,0,100.00,"",""
"benchmarks/xblock_wat/dappbaccarat_44967465_3d0d504774e9.wat","SUPPORTED",35300,35300,0,100.00,"",""
"benchmarks/xblock_wat/dappbaccarat_45090838_d4102ef76cc2.wat","SUPPORTED",35335,35335,0,100.00,"",""
"benchmarks/xblock_wat/dappbaccarat_45304873_6412b8bcb616.wat","SUPPORTED",35335,35335,0,100.00,"",""
"benchmarks/xblock_wat/dappbaccarat_54683998_cc24a7e70abc.wat","SUPPORTED",35346,35346,0,100.00,"",""
"benchmarks/xblock_wat/dappcode1111_23833535_a5bc65b1d1bd.wat","SUPPORTED",29555,29555,0,100.00,"",""
"benchmarks/xblock_wat/dappcode1111_23833899_862e07acc8ff.wat","SUPPORTED",29555,29555,0,100.00,"",""
"benchmarks/xblock_wat/dappcode1111_23836769_051f04b8c6cb.wat","SUPPORTED",29791,29791,0,100.00,"",""
"benchmarks/xblock_wat/dappcode1111_23837991_d095d5bfdd58.wat","SUPPORTED",29211,29211,0,100.00,"",""
"benchmarks/xblock_wat/dappcode1111_23841061_09ba909bc638.wat","SUPPORTED",29258,29258,0,100.00,"",""
"benchmarks/xblock_wat/dappcode1111_23900413_dff531867c0c.wat","SUPPORTED",29263,29263,0,100.00,"",""
"benchmarks/xblock_wat/dappcode1111_23901155_c71051f633d8.wat","SUPPORTED",29286,29286,0,100.00,"",""
"benchmarks/xblock_wat/dappcode1111_23921904_a69b86ab9ed0.wat","SUPPORTED",29294,29294,0,100.00,"",""
"benchmarks/xblock_wat/dappcode1111_26393388_30278c310d35.wat","SUPPORTED",30881,30881,0,100.00,"",""
"benchmarks/xblock_wat/dappdicedpos_24765541_62523e482e40.wat","SUPPORTED",24371,24371,0,100.00,"",""
"benchmarks/xblock_wat/dappdicedpos_25340140_4e2d78722458.wat","SUPPORTED",24478,24478,0,100.00,"",""
"benchmarks/xblock_wat/dappdicedpos_25340922_31adc8078175.wat","SUPPORTED",24639,24639,0,100.00,"",""
"benchmarks/xblock_wat/dappdicedpos_25343258_c45a4a8ddf77.wat","SUPPORTED",24682,24682,0,100.00,"",""
"benchmarks/xblock_wat/dappdicedpos_25343905_f2db9e4ce32b.wat","SUPPORTED",24647,24647,0,100.00,"",""
"benchmarks/xblock_wat/dappdicedpos_25344906_a4d0b4876c00.wat","SUPPORTED",24653,24653,0,100.00,"",""
"benchmarks/xblock_wat/dappdicedpos_25346074_63634bc224f4.wat","SUPPORTED",24623,24623,0,100.00,"",""
"benchmarks/xblock_wat/dappdicedpos_25695108_80dc92105403.wat","SUPPORTED",19035,19035,0,100.00,"",""
"benchmarks/xblock_wat/dappdicedpos_25697760_0afbbf1b1f82.wat","SUPPORTED",19043,19043,0,100.00,"",""
"benchmarks/xblock_wat/dappdicedpos_33738426_0fe7ed9e04c7.wat","SUPPORTED",2341,2341,0,100.00,"",""
"benchmarks/xblock_wat/dappdiceluck_24766178_2fb22492f152.wat","SUPPORTED",1714,1714,0,100.00,"",""
"benchmarks/xblock_wat/dappdiceluck_27219153_22bd7d45afa8.wat","SUPPORTED",13958,13958,0,100.00,"",""
"benchmarks/xblock_wat/dappfinder33_62706605_f7ea06ce8371.wat","SUPPORTED",6170,6170,0,100.00,"",""
"benchmarks/xblock_wat/dappgamettt1_39953243_acf41fcb5c18.wat","SUPPORTED",24142,24142,0,100.00,"",""
"benchmarks/xblock_wat/dappgamettt1_44658228_3fd93bf4853d.wat","SUPPORTED",9632,9632,0,100.00,"",""
"benchmarks/xblock_wat/dappgamettt2_44633505_2572388596d7.wat","SUPPORTED",8492,8492,0,100.00,"",""
"benchmarks/xblock_wat/dappgamettt2_44635384_5d44effde162.wat","SUPPORTED",9468,9468,0,100.00,"",""
"benchmarks/xblock_wat/dappgamettt2_44653048_84af12aa61c7.wat","SUPPORTED",9487,9487,0,100.00,"",""
"benchmarks/xblock_wat/dappgamettt2_44653565_a87adcffc960.wat","SUPPORTED",9476,9476,0,100.00,"",""
"benchmarks/xblock_wat/dappgamettt2_44655198_056e0c012311.wat","SUPPORTED",9479,9479,0,100.00,"",""
"benchmarks/xblock_wat/dappgamettt2_44655488_6a287025ab6e.wat","SUPPORTED",9479,9479,0,100.00,"",""
"benchmarks/xblock_wat/dappgamettt2_44655831_8daa18384c36.wat","SUPPORTED",9482,9482,0,100.00,"",""
"benchmarks/xblock_wat/dappgamettt2_44656513_5c9173464a7d.wat","SUPPORTED",9555,9555,0,100.00,"",""
"benchmarks/xblock_wat/dappgamettt2_44657299_6ca922500d46.wat","SUPPORTED",9555,9555,0,100.00,"",""
"benchmarks/xblock_wat/dappgamettt2_44741067_5f48cd3cd311.wat","SUPPORTED",9551,9551,0,100.00,"",""
"benchmarks/xblock_wat/dappgamettt2_44743140_4025e7fc15d4.wat","SUPPORTED",9482,9482,0,100.00,"",""
"benchmarks/xblock_wat/dappgamettt2_44743231_1544ad74fd0d.wat","SUPPORTED",8370,8370,0,100.00,"",""
"benchmarks/xblock_wat/dappgsbadmin_74989343_e7dbb31d8ff3.wat","SUPPORTED",15669,15669,0,100.00,"",""
"benchmarks/xblock_wat/dappgsbadmin_76382615_fe7965528a8f.wat","SUPPORTED",15671,15671,0,100.00,"",""
"benchmarks/xblock_wat/dappgsbadmin_88761086_889a5157fc9c.wat","SUPPORTED",20973,20973,0,100.00,"",""
"benchmarks/xblock_wat/dappmetadata_25911254_74dff8210bd1.wat","SUPPORTED",29441,29441,0,100.00,"",""
"benchmarks/xblock_wat/dappminebank_28110180_eddbb995a19a.wat","SUPPORTED",22882,22882,0,100.00,"",""
"benchmarks/xblock_wat/dappminebank_28128086_25b1717d1dd2.wat","SUPPORTED",22935,22935,0,100.00,"",""
"benchmarks/xblock_wat/dappminebank_28145969_d179ba3c4086.wat","SUPPORTED",27731,27731,0,100.00,"",""
"benchmarks/xblock_wat/dappminebank_28150208_15f60123047f.wat","SUPPORTED",27733,27733,0,100.00,"",""
"benchmarks/xblock_wat/dappminebank_28308416_540adf3830c6.wat","SUPPORTED",26888,26888,0,100.00,"",""
"benchmarks/xblock_wat/dappminebank_28309786_885a1aa3011a.wat","SUPPORTED",25654,25654,0,100.00,"",""
"benchmarks/xblock_wat/dappminebank_28420912_2cc7c9f5a2c4.wat","SUPPORTED",26010,26010,0,100.00,"",""
"benchmarks/xblock_wat/dappminebank_28595683_b0af9b53623e.wat","SUPPORTED",26437,26437,0,100.00,"",""
"benchmarks/xblock_wat/dappminebank_28596378_71e9936d2c2b.wat","SUPPORTED",27306,27306,0,100.00,"",""
"benchmarks/xblock_wat/dappminebank_28697407_746dceb945be.wat","SUPPORTED",31484,31484,0,100.00,"",""
"benchmarks/xblock_wat/dappminebank_28823102_7d7cb0657762.wat","SUPPORTED",31431,31431,0,100.00,"",""
"benchmarks/xblock_wat/dappminebank_28927109_bb26e1e548bb.wat","SUPPORTED",33733,33733,0,100.00,"",""
"benchmarks/xblock_wat/dappminebank_28929684_8b318a19a618.wat","SUPPORTED",31293,31293,0,100.00,"",""
"benchmarks/xblock_wat/dappminebank_28944575_f8118aa178bb.wat","SUPPORTED",31363,31363,0,100.00,"",""
"benchmarks/xblock_wat/dappminebank_28947554_3fc9a217bb56.wat","SUPPORTED",32302,32302,0,100.00,"",""
"benchmarks/xblock_wat/dappminebank_28963816_bb7f07567566.wat","SUPPORTED",31989,31989,0,100.00,"",""
"benchmarks/xblock_wat/dappminebank_28973593_14419541d5c9.wat","SUPPORTED",33447,33447,0,100.00,"",""
"benchmarks/xblock_wat/dappminebank_28980783_43455b38d1b2.wat","SUPPORTED",33446,33446,0,100.00,"",""
"benchmarks/xblock_wat/dappminebank_29101957_33884fd733a3.wat","SUPPORTED",39695,39695,0,100.00,"",""
"benchmarks/xblock_wat/dappminebank_29107451_b5ebf6a29484.wat","SUPPORTED",40056,40056,0,100.00,"",""
"benchmarks/xblock_wat/dappminebank_29108568_61d68c0a9420.wat","SUPPORTED",39975,39975,0,100.00,"",""
"benchmarks/xblock_wat/dappminebank_29111207_4b97cb2f59ac.wat","SUPPORTED",40097,40097,0,100.00,"",""
"benchmarks/xblock_wat/dappminebank_29112991_977460705e46.wat","SUPPORTED",40097,40097,0,100.00,"",""
"benchmarks/xblock_wat/dappminebank_29115991_6d66dff44e2d.wat","SUPPORTED",40097,40097,0,100.00,"",""
"benchmarks/xblock_wat/dappminebank_29116928_cdd8aad20ceb.wat","SUPPORTED",40418,40418,0,100.00,"",""
"benchmarks/xblock_wat/dappminebank_29125066_3e36b4c3f358.wat","SUPPORTED",29448,29448,0,100.00,"",""
"benchmarks/xblock_wat/dappminebank_29147253_7e9a1f4c0090.wat","SUPPORTED",28539,28539,0,100.00,"",""
"benchmarks/xblock_wat/dappminebank_29650738_e75d032b66af.wat","SUPPORTED",29093,29093,0,100.00,"",""
"benchmarks/xblock_wat/dappminebank_29657719_b5a7c66f2089.wat","SUPPORTED",23637,23637,0,100.00,"",""
"benchmarks/xblock_wat/dappminebank_29659416_8b40c2cd206b.wat","SUPPORTED",23705,23705,0,100.00,"",""
"benchmarks/xblock_wat/dappminebank_29663499_0eab0246d7b3.wat","SUPPORTED",21792,21792,0,100.00,"",""
"benchmarks/xblock_wat/dappminebank_29664879_4fd51a92500a.wat","SUPPORTED",22137,22137,0,100.00,"",""
"benchmarks/xblock_wat/dappminebank_29665925_c907c74de577.wat","SUPPORTED",22346,22346,0,100.00,"",""
"benchmarks/xblock_wat/dappminebank_29666265_76a4d7a14de8.wat","SUPPORTED",22354,22354,0,100.00,"",""
"benchmarks/xblock_wat/dappminebank_29690006_55cf9a5d1bd8.wat","SUPPORTED",22060,22060,0,100.00,"",""
"benchmarks/xblock_wat/dappminebank_29692143_8edd878f85f2.wat","SUPPORTED",25191,25191,0,100.00,"",""
"benchmarks/xblock_wat/dappminebank_29692462_f77831a74112.wat","SUPPORTED",25309,25309,0,100.00,"",""
"benchmarks/xblock_wat/dappminebank_29695946_a1929b500111.wat","SUPPORTED",24384,24384,0,100.00,"",""
"benchmarks/xblock_wat/dappminebank_29696298_a84c5b90c464.wat","SUPPORTED",25269,25269,0,100.00,"",""
"benchmarks/xblock_wat/dappminebank_29706421_7a0a6c6fa79a.wat","SUPPORTED",24364,24364,0,100.00,"",""
"benchmarks/xblock_wat/dappminebank_29788074_4015e08b4ea0.wat","SUPPORTED",24603,24603,0,100.00,"",""
"benchmarks/xblock_wat/dappnetwork1_17429594_4ae5c54c6798.wat","SUPPORTED",3633,3633,0,100.00,"",""
"benchmarks/xblock_wat/dapppub.bp_40108246_1b926887d7a3.wat","SUPPORTED",6549,6549,0,100.00,"",""
"benchmarks/xblock_wat/dapppub.bp_50005411_9b8af81227fa.wat","SUPPORTED",6575,6575,0,100.00,"",""
"benchmarks/xblock_wat/dapppub.bp_50009091_443a27434f27.wat","SUPPORTED",6585,6585,0,100.00,"",""
"benchmarks/xblock_wat/dappscanned1_50437227_bc612298ccbf.wat","SUPPORTED",5028,5028,0,100.00,"",""
"benchmarks/xblock_wat/dappscatalog_11656559_fa4fc555af48.wat","SUPPORTED",31536,31536,0,100.00,"",""
"benchmarks/xblock_wat/dappscatalog_23467398_e8958a1cb4c9.wat","SUPPORTED",33251,33251,0,100.00,"",""
"benchmarks/xblock_wat/dappscatalog_29545865_2ea3c509c559.wat","SUPPORTED",32721,32721,0,100.00,"",""
"benchmarks/xblock_wat/dappscatalog_54533443_2d5ecff7304f.wat","SUPPORTED",10842,10842,0,100.00,"",""
"benchmarks/xblock_wat/dappservices_44573130_e064d25ad212.wat","SUPPORTED",38799,38799,0,100.00,"",""
"benchmarks/xblock_wat/dappservices_44806922_6b377b2053b8.wat","SUPPORTED",39081,39081,0,100.00,"",""
"benchmarks/xblock_wat/dappservices_45421232_c490f1a55d37.wat","SUPPORTED",39067,39067,0,100.00,"",""
"benchmarks/xblock_wat/dappservices_46977737_fc923fc0de36.wat","SUPPORTED",40337,40337,0,100.00,"",""
"benchmarks/xblock_wat/dappservices_54817682_10f2e65a4ebf.wat","SUPPORTED",48913,48913,0,100.00,"",""
"benchmarks/xblock_wat/dappservices_60850317_185f374e3511.wat","SUPPORTED",55805,55805,0,100.00,"",""
"benchmarks/xblock_wat/dappservices_60851316_21c8e2392430.wat","SUPPORTED",55004,55004,0,100.00,"",""
"benchmarks/xblock_wat/dappservices_60852155_2c2f5533484c.wat","SUPPORTED",55961,55961,0,100.00,"",""
"benchmarks/xblock_wat/dappservices_60852854_eb4051e2c63b.wat","SUPPORTED",54937,54937,0,100.00,"",""
"benchmarks/xblock_wat/dappshieldci_42848606_3d7841827105.wat","SUPPORTED",2335,2335,0,100.00,"",""
"benchmarks/xblock_wat/dappshieldio_39096889_24696da9ec0a.wat","SUPPORTED",21415,21415,0,100.00,"",""
"benchmarks/xblock_wat/dappshieldio_42841176_49745605afd0.wat","SUPPORTED",19637,19637,0,100.00,"",""
"benchmarks/xblock_wat/dappshieldio_44638369_7acbda67d464.wat","SUPPORTED",123105,123105,0,100.00,"",""
"benchmarks/xblock_wat/dappshieldio_89470077_60f55dc0d537.wat","SUPPORTED",123104,123104,0,100.00,"",""
"benchmarks/xblock_wat/dappshieldt1_39098969_e4b1c8ada968.wat","SUPPORTED",113824,113824,0,100.00,"",""
"benchmarks/xblock_wat/dappshieldt1_44558610_de21949d0463.wat","SUPPORTED",114124,114124,0,100.00,"",""
"benchmarks/xblock_wat/dappshieldt1_53604395_d2d1de7f7486.wat","SUPPORTED",113989,113989,0,100.00,"",""
"benchmarks/xblock_wat/dappshieldt1_53607984_6a0e87544b9e.wat","SUPPORTED",113989,113989,0,100.00,"",""
"benchmarks/xblock_wat/dappshieldt2_44634567_e111a3976aaa.wat","SUPPORTED",114586,114586,0,100.00,"",""
"benchmarks/xblock_wat/dappsp.net_63132525_808eedab355d.wat","SUPPORTED",6437,6437,0,100.00,"",""
"benchmarks/xblock_wat/dappspinach2_68385119_2f4d42eceb80.wat","SUPPORTED",42757,42757,0,100.00,"",""
"benchmarks/xblock_wat/dappspinach2_69999296_9ae098e7a94b.wat","SUPPORTED",62269,62269,0,100.00,"",""
"benchmarks/xblock_wat/dappspinach2_69999692_76c5392eeaad.wat","SUPPORTED",43503,43503,0,100.00,"",""
"benchmarks/xblock_wat/dappspinach2_70345573_084dc5fb36cd.wat","SUPPORTED",32743,32743,0,100.00,"",""
"benchmarks/xblock_wat/dappspinach2_70360688_9be4536f47d4.wat","SUPPORTED",26722,26722,0,100.00,"",""
"benchmarks/xblock_wat/dappspinach3_68385213_7c6c9ba61beb.wat","SUPPORTED",47704,47704,0,100.00,"",""
"benchmarks/xblock_wat/dappspinach3_70175643_b30d44c9d179.wat","SUPPORTED",47730,47730,0,100.00,"",""
"benchmarks/xblock_wat/dappspinach4_68385380_ed13c6a2c444.wat","SUPPORTED",32584,32584,0,100.00,"",""
"benchmarks/xblock_wat/dappspinach4_68390930_a853bb6fd4c8.wat","SUPPORTED",26183,26183,0,100.00,"",""
"benchmarks/xblock_wat/dappspinach4_68422432_07750cbadab8.wat","SUPPORTED",34523,34523,0,100.00,"",""
"benchmarks/xblock_wat/dappspinach4_68738888_9d73c5db8ae1.wat","SUPPORTED",29610,29610,0,100.00,"",""
"benchmarks/xblock_wat/dappspinach4_69598305_521c685573ef.wat","SUPPORTED",26485,26485,0,100.00,"",""
"benchmarks/xblock_wat/dappspinach4_69634168_05641f066d68.wat","SUPPORTED",28660,28660,0,100.00,"",""
"benchmarks/xblock_wat/dappspinach4_69636745_97449c54f87a.wat","SUPPORTED",26458,26458,0,100.00,"",""
"benchmarks/xblock_wat/dappspinach4_69659673_5a940ddd3263.wat","SUPPORTED",26716,26716,0,100.00,"",""
"benchmarks/xblock_wat/dappspinach4_70000451_63113e63a3c9.wat","SUPPORTED",26717,26717,0,100.00,"",""
"benchmarks/xblock_wat/dappspinach4_70177612_35eaa2fb3fda.wat","SUPPORTED",27875,27875,0,100.00,"",""
"benchmarks/xblock_wat/dappspinach4_70180080_23ba3311a55c.wat","SUPPORTED",28756,28756,0,100.00,"",""
"benchmarks/xblock_wat/dappspinachb_66592559_cae71eee2567.wat","SUPPORTED",44833,44833,0,100.00,"",""
"benchmarks/xblock_wat/dappspinachb_66917292_6c3de4c90256.wat","SUPPORTED",50809,50809,0,100.00,"",""
"benchmarks/xblock_wat/dappspinachb_66931827_ed5b1061807f.wat","SUPPORTED",50809,50809,0,100.00,"",""
"benchmarks/xblock_wat/dappspinachb_67602283_39854a173c40.wat","SUPPORTED",51340,51340,0,100.00,"",""
"benchmarks/xblock_wat/dappspinachb_67604539_1817b14095c7.wat","SUPPORTED",51340,51340,0,100.00,"",""
"benchmarks/xblock_wat/dappspinachb_67605067_90e7c9214706.wat","SUPPORTED",51340,51340,0,100.00,"",""
"benchmarks/xblock_wat/dappspinachb_67607571_6c4fc8561f5e.wat","SUPPORTED",51340,51340,0,100.00,"",""
"benchmarks/xblock_wat/dappspinachb_67610001_474785b437a5.wat","SUPPORTED",47704,47704,0,100.00,"",""
"benchmarks/xblock_wat/dappspinaclh_66358108_b365991e0bb0.wat","SUPPORTED",39227,39227,0,100.00,"",""
"benchmarks/xblock_wat/dappspinaclh_66909166_042d4d99976d.wat","SUPPORTED",45694,45694,0,100.00,"",""
"benchmarks/xblock_wat/dappspinaclh_67602590_e477ccffceeb.wat","SUPPORTED",46668,46668,0,100.00,"",""
"benchmarks/xblock_wat/dappspinaclh_67604382_b6ed381e70c8.wat","SUPPORTED",46668,46668,0,100.00,"",""
"benchmarks/xblock_wat/dappspinaclh_67607707_6457115122af.wat","SUPPORTED",46668,46668,0,100.00,"",""
"benchmarks/xblock_wat/dappspinaclh_67608577_934bdd01f489.wat","SUPPORTED",42757,42757,0,100.00,"",""
"benchmarks/xblock_wat/dappzipcoins_43255642_6ac9f2ca47fa.wat","SUPPORTED",9997,9997,0,100.00,"",""
"benchmarks/xblock_wat/daricssource_49615066_c44c0d250122.wat","SUPPORTED",11330,11330,0,100.00,"",""
"benchmarks/xblock_wat/davidthedude_33776926_c3ab49d4eec5.wat","SUPPORTED",9257,9257,0,100.00,"",""
"benchmarks/xblock_wat/davidthedude_36023802_51ae61bd38b1.wat","SUPPORTED",3121,3121,0,100.00,"",""
"benchmarks/xblock_wat/dawithdrawgw_82535702_8eeec4dd6baa.wat","SUPPORTED",10293,10293,0,100.00,"",""
"benchmarks/xblock_wat/dawithdrawgw_82537581_919d66b11d99.wat","SUPPORTED",10293,10293,0,100.00,"",""
"benchmarks/xblock_wat/dawithdrawgw_82537930_4c4513ab9df9.wat","SUPPORTED",10293,10293,0,100.00,"",""
"benchmarks/xblock_wat/dawithdrawgw_82538041_3e24a148fa81.wat","SUPPORTED",10293,10293,0,100.00,"",""
"benchmarks/xblock_wat/dawithdrawgw_82538785_b8e321c89ad3.wat","SUPPORTED",10293,10293,0,100.00,"",""
"benchmarks/xblock_wat/dawithdrawgw_82540384_f8b14c5031eb.wat","SUPPORTED",10296,10296,0,100.00,"",""
"benchmarks/xblock_wat/dbetbaccarat_31684139_25c7a79d56e9.wat","SUPPORTED",23765,23765,0,100.00,"",""
"benchmarks/xblock_wat/dbetbaccarat_31689643_77f41f479971.wat","SUPPORTED",23735,23735,0,100.00,"",""
"benchmarks/xblock_wat/dbetbaccarat_32523992_c599c546a254.wat","SUPPORTED",25539,25539,0,100.00,"",""
"benchmarks/xblock_wat/dbetbaccarat_32549016_d16194b9daf0.wat","SUPPORTED",26141,26141,0,100.00,"",""
"benchmarks/xblock_wat/dbetbaccarat_34613465_c12f668b9c1d.wat","SUPPORTED",26147,26147,0,100.00,"",""
"benchmarks/xblock_wat/dbetbaccarat_38044272_fec07ac6e0bb.wat","SUPPORTED",27367,27367,0,100.00,"",""
"benchmarks/xblock_wat/dbetdividend_27730374_56ea2059e9e2.wat","SUPPORTED",10718,10718,0,100.00,"",""
"benchmarks/xblock_wat/dbetdividend_28934220_ecf1a69b60aa.wat","SUPPORTED",15402,15402,0,100.00,"",""
"benchmarks/xblock_wat/dbetminepool_26360302_03c3565b2102.wat","SUPPORTED",19742,19742,0,100.00,"",""
"benchmarks/xblock_wat/dbetminepool_26655141_436394b41115.wat","SUPPORTED",23237,23237,0,100.00,"",""
"benchmarks/xblock_wat/dbetminepool_26830731_1d4a9be0d631.wat","SUPPORTED",23237,23237,0,100.00,"",""
"benchmarks/xblock_wat/dbetminepool_27169857_73640c8f001a.wat","SUPPORTED",24060,24060,0,100.00,"",""
"benchmarks/xblock_wat/dbetminepool_27446783_6060596c0264.wat","SUPPORTED",24630,24630,0,100.00,"",""
"benchmarks/xblock_wat/dbetminepool_27452306_0e31150354c0.wat","SUPPORTED",24634,24634,0,100.00,"",""
"benchmarks/xblock_wat/dbetminepool_27723494_11f704eefd82.wat","SUPPORTED",26172,26172,0,100.00,"",""
"benchmarks/xblock_wat/dbetminepool_27753849_94804becece8.wat","SUPPORTED",26172,26172,0,100.00,"",""
"benchmarks/xblock_wat/dbetminepool_28073437_7a78b8507f47.wat","SUPPORTED",26666,26666,0,100.00,"",""
"benchmarks/xblock_wat/dbetminepool_28088946_d31ce78be842.wat","SUPPORTED",27458,27458,0,100.00,"",""
"benchmarks/xblock_wat/dbetminepool_28934733_7ed9ab4720ea.wat","SUPPORTED",28189,28189,0,100.00,"",""
"benchmarks/xblock_wat/dbetminepool_28953744_fa2d297a6219.wat","SUPPORTED",28360,28360,0,100.00,"",""
"benchmarks/xblock_wat/dbetonedice1_29626959_bcc88fccdd65.wat","SUPPORTED",25944,25944,0,100.00,"",""
"benchmarks/xblock_wat/dbetonedice1_29642339_5fb393d4d600.wat","SUPPORTED",26410,26410,0,100.00,"",""
"benchmarks/xblock_wat/dbetonedice1_31683385_aec09f8525ff.wat","SUPPORTED",26503,26503,0,100.00,"",""
"benchmarks/xblock_wat/dbetonedice1_32508652_3d91ae012959.wat","SUPPORTED",28233,28233,0,100.00,"",""
"benchmarks/xblock_wat/dbetonedice1_32517500_e9e6bb3e0866.wat","SUPPORTED",28232,28232,0,100.00,"",""
"benchmarks/xblock_wat/dbetonedice1_36336987_942ddf038660.wat","SUPPORTED",31845,31845,0,100.00,"",""
"benchmarks/xblock_wat/dbetonedice1_36666092_eb0f9cc08a27.wat","SUPPORTED",32538,32538,0,100.00,"",""
"benchmarks/xblock_wat/dbetonedice1_36679189_1c7f7563e885.wat","SUPPORTED",33080,33080,0,100.00,"",""
"benchmarks/xblock_wat/dbetonedice1_36681101_829405cae9b6.wat","SUPPORTED",33080,33080,0,100.00,"",""
"benchmarks/xblock_wat/dbetonedice1_36688277_a261d0ec820f.wat","SUPPORTED",31481,31481,0,100.00,"",""
"benchmarks/xblock_wat/dbetonedice1_37713426_c7608974abf5.wat","SUPPORTED",31841,31841,0,100.00,"",""
"benchmarks/xblock_wat/dbetonedice1_37731241_6872a4dd4851.wat","SUPPORTED",32491,32491,0,100.00,"",""
"benchmarks/xblock_wat/dbetonedice1_38043870_15ad08547465.wat","SUPPORTED",32651,32651,0,100.00,"",""
"benchmarks/xblock_wat/dbetonedice1_38047435_353a8b4c094d.wat","SUPPORTED",32636,32636,0,100.00,"",""
"benchmarks/xblock_wat/dbetonedice1_39080290_763d2684ec7e.wat","SUPPORTED",32636,32636,0,100.00,"",""
"benchmarks/xblock_wat/dbetonedice1_48758495_646afebe6123.wat","SUPPORTED",32639,32639,0,100.00,"",""
"benchmarks/xblock_wat/dbetonesicbo_25007113_404f4bdb3fd0.wat","SUPPORTED",15124,15124,0,100.00,"",""
"benchmarks/xblock_wat/dbetonesicbo_25273241_9f9b0250a31e.wat","SUPPORTED",15142,15142,0,100.00,"",""
"benchmarks/xblock_wat/dbetonesicbo_25622101_3d78bdcde7d0.wat","SUPPORTED",17337,17337,0,100.00,"",""
"benchmarks/xblock_wat/dbetonesicbo_25799646_89b48b52b647.wat","SUPPORTED",18964,18964,0,100.00,"",""
"benchmarks/xblock_wat/dbetonesicbo_26360751_4d08ad62405c.wat","SUPPORTED",30594,30594,0,100.00,"",""
"benchmarks/xblock_wat/dbetonesicbo_26830763_9fd956e9a690.wat","SUPPORTED",30656,30656,0,100.00,"",""
"benchmarks/xblock_wat/dbetonesicbo_26848968_bdaf7c125539.wat","SUPPORTED",30662,30662,0,100.00,"",""
"benchmarks/xblock_wat/dbetonesicbo_26882698_06daa4476fed.wat","SUPPORTED",31087,31087,0,100.00,"",""
"benchmarks/xblock_wat/dbetonesicbo_27067899_a9365cdd7077.wat","SUPPORTED",32534,32534,0,100.00,"",""
"benchmarks/xblock_wat/dbetonesicbo_27206107_dfd2dee776a6.wat","SUPPORTED",33008,33008,0,100.00,"",""
"benchmarks/xblock_wat/dbetonesicbo_27338747_a958084667b9.wat","SUPPORTED",29500,29500,0,100.00,"",""
"benchmarks/xblock_wat/dbetonesicbo_27385639_7d6cd674b5dd.wat","SUPPORTED",33513,33513,0,100.00,"",""
"benchmarks/xblock_wat/dbetonesicbo_27389368_210d5d58719d.wat","SUPPORTED",30317,30317,0,100.00,"",""
"benchmarks/xblock_wat/dbetonesicbo_27446879_3f82d810fdca.wat","SUPPORTED",31513,31513,0,100.00,"",""
"benchmarks/xblock_wat/dbetonesicbo_27451762_e74ee7a86ca8.wat","SUPPORTED",31012,31012,0,100.00,"",""
"benchmarks/xblock_wat/dbetonesicbo_27702066_a5743f6446e9.wat","SUPPORTED",35021,35021,0,100.00,"",""
"benchmarks/xblock_wat/dbetonesicbo_28069102_abf98b46db28.wat","SUPPORTED",48775,48775,0,100.00,"",""
"benchmarks/xblock_wat/dbetonesicbo_28253385_47851822de27.wat","SUPPORTED",52811,52811,0,100.00,"",""
"benchmarks/xblock_wat/dbetonesicbo_28935631_1f1a9c0e3267.wat","SUPPORTED",54012,54012,0,100.00,"",""
"benchmarks/xblock_wat/dbetonesicbo_29095656_d4c7fb04ee58.wat","SUPPORTED",54105,54105,0,100.00,"",""
"benchmarks/xblock_wat/dbetonesicbo_29399600_4656956a29ee.wat","SUPPORTED",55885,55885,0,100.00,"",""
"benchmarks/xblock_wat/dbetonesicbo_29624627_5d0a774853d3.wat","SUPPORTED",56378,56378,0,100.00,"",""
"benchmarks/xblock_wat/dbetonesicbo_29635966_3dd318845e15.wat","SUPPORTED",56734,56734,0,100.00,"",""
"benchmarks/xblock_wat/dbetonesicbo_29795996_3b96d05019f2.wat","SUPPORTED",56741,56741,0,100.00,"",""
"benchmarks/xblock_wat/dbetonesicbo_31683559_cd692b504e0c.wat","SUPPORTED",56603,56603,0,100.00,"",""
"benchmarks/xblock_wat/dbetonesicbo_32524646_24c45498ffae.wat","SUPPORTED",60095,60095,0,100.00,"",""
"benchmarks/xblock_wat/dbetonesicbo_35285025_eec623a82bdc.wat","SUPPORTED",60122,60122,0,100.00,"",""
"benchmarks/xblock_wat/dbetonesicbo_36667747_299c270d4971.wat","SUPPORTED",61325,61325,0,100.00,"",""
"benchmarks/xblock_wat/dbetonesicbo_48759371_02961cbf53b3.wat","SUPPORTED",61331,61331,0,100.00,"",""
"benchmarks/xblock_wat/dcartoneos11_71515840_bae3140131ec.wat","SUPPORTED",34756,34756,0,100.00,"",""
"benchmarks/xblock_wat/dcdpalertbot_84489851_3be64e16210b.wat","SUPPORTED",5974,5974,0,100.00,"",""
"benchmarks/xblock_wat/dcdpalertbot_84492519_94f37b328426.wat","SUPPORTED",5981,5981,0,100.00,"",""
"benchmarks/xblock_wat/dcdpalertbot_89627536_e8eaa81cdbe3.wat","SUPPORTED",3098,3098,0,100.00,"",""
"benchmarks/xblock_wat/dcdpcontract_46351922_a4cfdc29da8c.wat","SUPPORTED",203568,203568,0,100.00,"",""
"benchmarks/xblock_wat/dcdpcontract_52255381_ecda1ae837b0.wat","SUPPORTED",186536,186536,0,100.00,"",""
"benchmarks/xblock_wat/dcdpcontract_54303501_e20ce96eee53.wat","SUPPORTED",187576,187576,0,100.00,"",""
"benchmarks/xblock_wat/dcdpcontract_60336493_040da4bbeaa4.wat","SUPPORTED",215282,215282,0,100.00,"",""
"benchmarks/xblock_wat/dcdpcontract_60683961_5fc76f91a3e0.wat","SUPPORTED",215295,215295,0,100.00,"",""
"benchmarks/xblock_wat/dcdpcontract_80522288_7515d3fc38e2.wat","SUPPORTED",236118,236118,0,100.00,"",""
"benchmarks/xblock_wat/dcdpcontract_80907712_8e082c3ca4fa.wat","SUPPORTED",237837,237837,0,100.00,"",""
"benchmarks/xblock_wat/dcdpcontract_81395516_014bbaf80f31.wat","SUPPORTED",240109,240109,0,100.00,"",""
"benchmarks/xblock_wat/dcdpcontract_82096600_b22c401d8b1d.wat","SUPPORTED",240217,240217,0,100.00,"",""
"benchmarks/xblock_wat/dcdpcontract_82240589_b2a5017f74b5.wat","SUPPORTED",240219,240219,0,100.00,"",""
"benchmarks/xblock_wat/dcdpcontract_82245153_248a912530ec.wat","SUPPORTED",240257,240257,0,100.00,"",""
"benchmarks/xblock_wat/dcdpcontract_83822911_dee1abc8f389.wat","SUPPORTED",240376,240376,0,100.00,"",""
"benchmarks/xblock_wat/dcdpcontract_83961967_0fd0182c7d39.wat","SUPPORTED",240380,240380,0,100.00,"",""
"benchmarks/xblock_wat/dcdpcontract_83977476_f93ad38d6ced.wat","SUPPORTED",240387,240387,0,100.00,"",""
"benchmarks/xblock_wat/dcdpcontract_84524398_007428852a92.wat","SUPPORTED",239725,239725,0,100.00,"",""
"benchmarks/xblock_wat/dcdpcontract_86228577_d6334c90e244.wat","SUPPORTED",237435,237435,0,100.00,"",""
"benchmarks/xblock_wat/dcdpcontract_86392227_962b926a7c41.wat","SUPPORTED",237419,237419,0,100.00,"",""
"benchmarks/xblock_wat/dcdpregister_73971534_96c7b3ea3bea.wat","SUPPORTED",24002,24002,0,100.00,"",""
"benchmarks/xblock_wat/dcdpregister_73971835_0574d19c4267.wat","SUPPORTED",24006,24006,0,100.00,"",""
"benchmarks/xblock_wat/dcdpregister_80897165_a7886eac4116.wat","SUPPORTED",23571,23571,0,100.00,"",""
"benchmarks/xblock_wat/dcdpregister_80913277_ac3b9e3d9636.wat","SUPPORTED",24006,24006,0,100.00,"",""
"benchmarks/xblock_wat/dconnectlive_56876141_ccff8c43b14a.wat","SUPPORTED",2192,2192,0,100.00,"",""
"benchmarks/xblock_wat/dconnectlive_56892771_7b6a07303819.wat","SUPPORTED",2327,2327,0,100.00,"",""
"benchmarks/xblock_wat/ddevactivity_25888271_c0a29fe4181a.wat","SUPPORTED",26148,26148,0,100.00,"",""
"benchmarks/xblock_wat/ddevactivity_25895668_f64a3b801c2a.wat","SUPPORTED",26148,26148,0,100.00,"",""
"benchmarks/xblock_wat/ddevactivity_26210750_896febf787d7.wat","SUPPORTED",27719,27719,0,100.00,"",""
"benchmarks/xblock_wat/ddevactivity_26211091_e0ca8b23a69d.wat","SUPPORTED",27742,27742,0,100.00,"",""
"benchmarks/xblock_wat/ddevactivity_26212620_c905a2e9cdf2.wat","SUPPORTED",27742,27742,0,100.00,"",""
"benchmarks/xblock_wat/ddevactivity_26214909_4a2713f57eb4.wat","SUPPORTED",27714,27714,0,100.00,"",""
"benchmarks/xblock_wat/ddevactivity_26215524_b0738e690a2a.wat","SUPPORTED",27718,27718,0,100.00,"",""
"benchmarks/xblock_wat/ddevactivity_26215683_d836e0d3fe34.wat","SUPPORTED",29955,29955,0,100.00,"",""
"benchmarks/xblock_wat/ddevactivity_26340775_0a7cb41f363f.wat","SUPPORTED",27460,27460,0,100.00,"",""
"benchmarks/xblock_wat/ddevactivity_26352963_d8af244ac5c9.wat","SUPPORTED",841,841,0,100.00,"",""
"benchmarks/xblock_wat/ddevactivity_26353084_46266818ea2f.wat","SUPPORTED",29990,29990,0,100.00,"",""
"benchmarks/xblock_wat/ddevactivity_26904609_09a901ec1d07.wat","SUPPORTED",33070,33070,0,100.00,"",""
"benchmarks/xblock_wat/ddevactivity_27065726_0224d32991d9.wat","SUPPORTED",32721,32721,0,100.00,"",""
"benchmarks/xblock_wat/ddevactivity_28900177_ee7b352a7f4e.wat","SUPPORTED",32668,32668,0,100.00,"",""
"benchmarks/xblock_wat/ddevactivity_29282959_071a5a3b899c.wat","SUPPORTED",34327,34327,0,100.00,"",""
"benchmarks/xblock_wat/ddevactivity_31541699_5bcb8f83572d.wat","SUPPORTED",35958,35958,0,100.00,"",""
"benchmarks/xblock_wat/ddevbaccarat_31547299_4e5aca5c7d9c.wat","SUPPORTED",26760,26760,0,100.00,"",""
"benchmarks/xblock_wat/ddevbaccarat_31634414_9abdfdfebf6c.wat","SUPPORTED",27222,27222,0,100.00,"",""
"benchmarks/xblock_wat/ddevbaccarat_31634795_d06a632de05f.wat","SUPPORTED",26247,26247,0,100.00,"",""
"benchmarks/xblock_wat/ddevbaccarat_31659511_1b6486011470.wat","SUPPORTED",23765,23765,0,100.00,"",""
"benchmarks/xblock_wat/ddevbaccarat_31700489_9bbc917376c4.wat","SUPPORTED",23735,23735,0,100.00,"",""
"benchmarks/xblock_wat/ddevbaccarat_32050089_84a4c9330c70.wat","SUPPORTED",25539,25539,0,100.00,"",""
"benchmarks/xblock_wat/ddevdividend_25886900_dd61a0f2a578.wat","SUPPORTED",3397,3397,0,100.00,"",""
"benchmarks/xblock_wat/ddevdividend_27415354_1d05b76f3004.wat","SUPPORTED",3413,3413,0,100.00,"",""
"benchmarks/xblock_wat/ddevdividend_27418416_13cfce02f016.wat","SUPPORTED",11092,11092,0,100.00,"",""
"benchmarks/xblock_wat/ddevdividend_27426380_8d10376eec9f.wat","SUPPORTED",11454,11454,0,100.00,"",""
"benchmarks/xblock_wat/ddevdividend_27426405_90d260c989c0.wat","SUPPORTED",11091,11091,0,100.00,"",""
"benchmarks/xblock_wat/ddevdividend_27725921_11f95bc3bed2.wat","SUPPORTED",10718,10718,0,100.00,"",""
"benchmarks/xblock_wat/ddevdividend_27728735_2b5e3d4703ef.wat","SUPPORTED",10718,10718,0,100.00,"",""
"benchmarks/xblock_wat/ddevdividend_28925147_f3bad40148fd.wat","SUPPORTED",15383,15383,0,100.00,"",""
"benchmarks/xblock_wat/ddevdividend_28931245_7031741606b0.wat","SUPPORTED",15393,15393,0,100.00,"",""
"benchmarks/xblock_wat/ddevdividend_28931952_f195f09bb3df.wat","SUPPORTED",15402,15402,0,100.00,"",""
"benchmarks/xblock_wat/ddevminepool_25886873_8011fd266c9f.wat","SUPPORTED",19076,19076,0,100.00,"",""
"benchmarks/xblock_wat/ddevminepool_26207989_0bf8d117ce8f.wat","SUPPORTED",19156,19156,0,100.00,"",""
"benchmarks/xblock_wat/ddevminepool_26352833_1793800ed7dc.wat","SUPPORTED",19742,19742,0,100.00,"",""
"benchmarks/xblock_wat/ddevminepool_26650448_506caf0c1163.wat","SUPPORTED",23237,23237,0,100.00,"",""
"benchmarks/xblock_wat/ddevminepool_26651605_6bd90be56ed1.wat","SUPPORTED",23237,23237,0,100.00,"",""
"benchmarks/xblock_wat/ddevminepool_26714571_6aaa319188f1.wat","SUPPORTED",24525,24525,0,100.00,"",""
"benchmarks/xblock_wat/ddevminepool_26716281_4a9128168de5.wat","SUPPORTED",24720,24720,0,100.00,"",""
"benchmarks/xblock_wat/ddevminepool_26716574_02c2c9d96dac.wat","SUPPORTED",24619,24619,0,100.00,"",""
"benchmarks/xblock_wat/ddevminepool_26716981_9f9c4ca55331.wat","SUPPORTED",24432,24432,0,100.00,"",""
"benchmarks/xblock_wat/ddevminepool_26717715_6c1e39a6ccee.wat","SUPPORTED",24473,24473,0,100.00,"",""
"benchmarks/xblock_wat/ddevminepool_26718617_60e880b9c61b.wat","SUPPORTED",24547,24547,0,100.00,"",""
"benchmarks/xblock_wat/ddevminepool_26722817_7bb8a7ee41e4.wat","SUPPORTED",24547,24547,0,100.00,"",""
"benchmarks/xblock_wat/ddevminepool_26732130_0c9bb9fe0d44.wat","SUPPORTED",24541,24541,0,100.00,"",""
"benchmarks/xblock_wat/ddevminepool_26735759_06c5fd4554c4.wat","SUPPORTED",24551,24551,0,100.00,"",""
"benchmarks/xblock_wat/ddevminepool_26737347_213af2904f15.wat","SUPPORTED",24552,24552,0,100.00,"",""
"benchmarks/xblock_wat/ddevminepool_26739021_ed9acaaa8cee.wat","SUPPORTED",24547,24547,0,100.00,"",""
"benchmarks/xblock_wat/ddevminepool_26739294_29eddd50d7e0.wat","SUPPORTED",24558,24558,0,100.00,"",""
"benchmarks/xblock_wat/ddevminepool_26741024_019f3fcc2e85.wat","SUPPORTED",25057,25057,0,100.00,"",""
"benchmarks/xblock_wat/ddevminepool_26829851_5bc09eee08a0.wat","SUPPORTED",23237,23237,0,100.00,"",""
"benchmarks/xblock_wat/ddevminepool_26878110_8e968efb9941.wat","SUPPORTED",24060,24060,0,100.00,"",""
"benchmarks/xblock_wat/ddevminepool_27066100_218ee696684b.wat","SUPPORTED",24060,24060,0,100.00,"",""
"benchmarks/xblock_wat/ddevminepool_27444030_1cced3c17196.wat","SUPPORTED",24630,24630,0,100.00,"",""
"benchmarks/xblock_wat/ddevminepool_27448997_3d4171e769de.wat","SUPPORTED",24634,24634,0,100.00,"",""
"benchmarks/xblock_wat/ddevminepool_28035941_b7733c38174e.wat","SUPPORTED",26666,26666,0,100.00,"",""
"benchmarks/xblock_wat/ddevminepool_28080807_03e087f4f757.wat","SUPPORTED",27321,27321,0,100.00,"",""
"benchmarks/xblock_wat/ddevminepool_28081425_4b9f39bc3c9f.wat","SUPPORTED",27458,27458,0,100.00,"",""
"benchmarks/xblock_wat/ddevminepool_28925720_bdff6c84bb43.wat","SUPPORTED",28189,28189,0,100.00,"",""
"benchmarks/xblock_wat/ddevonedice1_29469210_e46b851aa94b.wat","SUPPORTED",23925,23925,0,100.00,"",""
"benchmarks/xblock_wat/ddevonedice1_29475495_ad7fa488b42d.wat","SUPPORTED",22152,22152,0,100.00,"",""
"benchmarks/xblock_wat/ddevonedice1_29476668_18066f69c6da.wat","SUPPORTED",21451,21451,0,100.00,"",""
"benchmarks/xblock_wat/ddevonedice1_29477420_2afbbc3e715f.wat","SUPPORTED",21864,21864,0,100.00,"",""
"benchmarks/xblock_wat/ddevonedice1_29477640_560b67021265.wat","SUPPORTED",22152,22152,0,100.00,"",""
"benchmarks/xblock_wat/ddevonedice1_29603294_2c125addf68b.wat","SUPPORTED",25943,25943,0,100.00,"",""
"benchmarks/xblock_wat/ddevonedice1_29610750_ab6307ff3040.wat","SUPPORTED",25944,25944,0,100.00,"",""
"benchmarks/xblock_wat/ddevonedice1_29639080_5d7318c6e958.wat","SUPPORTED",26410,26410,0,100.00,"",""
"benchmarks/xblock_wat/ddevonedice1_30849091_f76b4e01e4aa.wat","SUPPORTED",26444,26444,0,100.00,"",""
"benchmarks/xblock_wat/ddevonedice1_31542176_4fbb3a2b26b9.wat","SUPPORTED",26503,26503,0,100.00,"",""
"benchmarks/xblock_wat/ddevonedice1_32490078_5e1f7beb9894.wat","SUPPORTED",28326,28326,0,100.00,"",""
"benchmarks/xblock_wat/ddevonedice1_32496023_7d9739ddab78.wat","SUPPORTED",28326,28326,0,100.00,"",""
"benchmarks/xblock_wat/ddevonedice1_32538829_c4f567d5efbe.wat","SUPPORTED",28232,28232,0,100.00,"",""
"benchmarks/xblock_wat/ddevonedice1_36684215_d505adc8466d.wat","SUPPORTED",33080,33080,0,100.00,"",""
"benchmarks/xblock_wat/ddevonesicbo_25886886_0a4708a07c1c.wat","SUPPORTED",20821,20821,0,100.00,"",""
"benchmarks/xblock_wat/ddevonesicbo_25967225_3f3f1226dfcf.wat","SUPPORTED",20827,20827,0,100.00,"",""
"benchmarks/xblock_wat/ddevonesicbo_26208609_e5155e2908e3.wat","SUPPORTED",27206,27206,0,100.00,"",""
"benchmarks/xblock_wat/ddevonesicbo_26222658_aa4897505b54.wat","SUPPORTED",27253,27253,0,100.00,"",""
"benchmarks/xblock_wat/ddevonesicbo_26339791_4f66fd0835fe.wat","SUPPORTED",29545,29545,0,100.00,"",""
"benchmarks/xblock_wat/ddevonesicbo_26352977_80be8db9b337.wat","SUPPORTED",30594,30594,0,100.00,"",""
"benchmarks/xblock_wat/ddevonesicbo_26829863_3f68d11455af.wat","SUPPORTED",30656,30656,0,100.00,"",""
"benchmarks/xblock_wat/ddevonesicbo_26878125_ac24b92d3ad9.wat","SUPPORTED",30662,30662,0,100.00,"",""
"benchmarks/xblock_wat/ddevonesicbo_27065535_5dc532e657ee.wat","SUPPORTED",32534,32534,0,100.00,"",""
"benchmarks/xblock_wat/ddevonesicbo_27415126_92c3a6ae2e72.wat","SUPPORTED",31012,31012,0,100.00,"",""
"benchmarks/xblock_wat/ddevonesicbo_27444184_154cf723a77d.wat","SUPPORTED",31513,31513,0,100.00,"",""
"benchmarks/xblock_wat/ddevonesicbo_28034843_e059f3e7802d.wat","SUPPORTED",57862,57862,0,100.00,"",""
"benchmarks/xblock_wat/ddevonesicbo_28059487_cc5dd76648b8.wat","SUPPORTED",48779,48779,0,100.00,"",""
"benchmarks/xblock_wat/ddevonesicbo_28251234_9db8a26865e5.wat","SUPPORTED",52801,52801,0,100.00,"",""
"benchmarks/xblock_wat/ddevonesicbo_28252655_35d28bceac7e.wat","SUPPORTED",52811,52811,0,100.00,"",""
"benchmarks/xblock_wat/ddevonesicbo_28926381_6e428f11a4d5.wat","SUPPORTED",54012,54012,0,100.00,"",""
"benchmarks/xblock_wat/ddevonesicbo_29476716_9c264ad66fc8.wat","SUPPORTED",55976,55976,0,100.00,"",""
"benchmarks/xblock_wat/ddevonesicbo_29608784_62af5fb9766f.wat","SUPPORTED",56378,56378,0,100.00,"",""
"benchmarks/xblock_wat/ddevonesicbo_29624474_4036f95f14cc.wat","SUPPORTED",57354,57354,0,100.00,"",""
"benchmarks/xblock_wat/ddevonesicbo_31540528_660545453fe1.wat","SUPPORTED",56603,56603,0,100.00,"",""
"benchmarks/xblock_wat/ddevonesicbo_32498615_5afc47fd4ef5.wat","SUPPORTED",60095,60095,0,100.00,"",""
"benchmarks/xblock_wat/deadbeefduck_24798274_53d497975bd3.wat","SUPPORTED",5225,5225,0,100.00,"",""
"benchmarks/xblock_wat/deadbeefduck_29817326_0115b4f8cfb0.wat","SUPPORTED",4232,4232,0,100.00,"",""
"benchmarks/xblock_wat/deadlock2eos_8019210_6dead39dab77.wat","SUPPORTED",11323,11323,0,100.00,"",""
"benchmarks/xblock_wat/deadlock2eos_8020317_e1d515bbddc7.wat","SUPPORTED",11323,11323,0,100.00,"",""
"benchmarks/xblock_wat/deadlock2eos_8021756_ce2da52881e9.wat","SUPPORTED",11323,11323,0,100.00,"",""
"benchmarks/xblock_wat/deadlock2eos_8021916_862bf61253c0.wat","SUPPORTED",11323,11323,0,100.00,"",""
"benchmarks/xblock_wat/deadlock2eos_8022553_cff41e6468bd.wat","SUPPORTED",11323,11323,0,100.00,"",""
"benchmarks/xblock_wat/deadlock2eos_8022665_b6f0b2edd986.wat","SUPPORTED",11323,11323,0,100.00,"",""
"benchmarks/xblock_wat/deadlock2eos_8022946_2f2b78ecf512.wat","SUPPORTED",11323,11323,0,100.00,"",""
"benchmarks/xblock_wat/deasosososos_60486172_fa565a81deb0.wat","SUPPORTED",6255,6255,0,100.00,"",""
"benchmarks/xblock_wat/deasosososos_60650185_8920465d2b16.wat","SUPPORTED",6807,6807,0,100.00,"",""
"benchmarks/xblock_wat/deasosososos_60654934_a6978cad77fc.wat","SUPPORTED",6975,6975,0,100.00,"",""
"benchmarks/xblock_wat/deasosososos_60655288_fdb6456f5b3c.wat","SUPPORTED",7084,7084,0,100.00,"",""
"benchmarks/xblock_wat/deasosososos_60655710_fbbc3a254338.wat","SUPPORTED",6898,6898,0,100.00,"",""
"benchmarks/xblock_wat/deasosososos_60657238_f67826637dce.wat","SUPPORTED",5778,5778,0,100.00,"",""
"benchmarks/xblock_wat/deasosososos_60657831_fddd082393fb.wat","SUPPORTED",6898,6898,0,100.00,"",""
"benchmarks/xblock_wat/deasosososos_86921946_4899613432d7.wat","SUPPORTED",2005,2005,0,100.00,"",""
"benchmarks/xblock_wat/deasosososos_87176447_580b249f131b.wat","SUPPORTED",7084,7084,0,100.00,"",""
"benchmarks/xblock_wat/deasosososos_87182242_a665e03f92f3.wat","SUPPORTED",2397,2397,0,100.00,"",""
"benchmarks/xblock_wat/deathcallauc_55486137_58135579a66d.wat","SUPPORTED",17847,17847,0,100.00,"",""
"benchmarks/xblock_wat/deathcallauc_55635136_2fdad92c72d7.wat","SUPPORTED",17854,17854,0,100.00,"",""
"benchmarks/xblock_wat/deathcallauc_55639404_5aaf6aa54ab0.wat","SUPPORTED",17850,17850,0,100.00,"",""
"benchmarks/xblock_wat/deathcallauc_56867967_b40523a12daf.wat","SUPPORTED",17850,17850,0,100.00,"",""
"benchmarks/xblock_wat/deathcallauc_57442641_779920cf9e67.wat","SUPPORTED",17856,17856,0,100.00,"",""
"benchmarks/xblock_wat/deathcallauc_57531275_d34617dc1f01.wat","SUPPORTED",17862,17862,0,100.00,"",""
"benchmarks/xblock_wat/deathcallauc_57532229_0c3fe8fbc618.wat","SUPPORTED",17859,17859,0,100.00,"",""
"benchmarks/xblock_wat/deathcallauc_57532317_61334633defe.wat","SUPPORTED",17867,17867,0,100.00,"",""
"benchmarks/xblock_wat/deathcallauc_57540036_82a4b65a5fed.wat","SUPPORTED",17865,17865,0,100.00,"",""
"benchmarks/xblock_wat/deathcallauc_58106380_3f255c20d921.wat","SUPPORTED",18875,18875,0,100.00,"",""
"benchmarks/xblock_wat/deathcallcod_52165000_b61c352b2343.wat","SUPPORTED",33773,33773,0,100.00,"",""
"benchmarks/xblock_wat/deathcallcod_52207988_a0ae9f10144a.wat","SUPPORTED",33772,33772,0,100.00,"",""
"benchmarks/xblock_wat/deathcallcod_52373740_78867efe311f.wat","SUPPORTED",33772,33772,0,100.00,"",""
"benchmarks/xblock_wat/deathcallcod_52556229_951a266f6694.wat","SUPPORTED",34327,34327,0,100.00,"",""
"benchmarks/xblock_wat/deathcallcod_53424707_7c24b708c2a2.wat","SUPPORTED",35242,35242,0,100.00,"",""
"benchmarks/xblock_wat/deathcallcod_53568222_275cc3002f3c.wat","SUPPORTED",35232,35232,0,100.00,"",""
"benchmarks/xblock_wat/deathcallcod_55308423_705f1a106699.wat","SUPPORTED",35293,35293,0,100.00,"",""
"benchmarks/xblock_wat/deathcallcod_55309406_28fd32a8a29d.wat","SUPPORTED",36615,36615,0,100.00,"",""
"benchmarks/xblock_wat/deathcallcod_57897192_1cc464ec3780.wat","SUPPORTED",36608,36608,0,100.00,"",""
"benchmarks/xblock_wat/deathcallcod_58237300_c6001cb8efb5.wat","SUPPORTED",36618,36618,0,100.00,"",""
"benchmarks/xblock_wat/deathcallcod_58248835_8a014115ca1e.wat","SUPPORTED",37190,37190,0,100.00,"",""
"benchmarks/xblock_wat/deathcallcod_58249636_9f9b809e911c.wat","SUPPORTED",37187,37187,0,100.00,"",""
"benchmarks/xblock_wat/deathcallcod_58249732_60f2f419bff1.wat","SUPPORTED",37190,37190,0,100.00,"",""
"benchmarks/xblock_wat/deathcallcod_58252231_68044b80900a.wat","SUPPORTED",37188,37188,0,100.00,"",""
"benchmarks/xblock_wat/deathcallcod_58253986_b887fbbbcb96.wat","SUPPORTED",37195,37195,0,100.00,"",""
"benchmarks/xblock_wat/deathcallcod_58376747_59ba44ba9dd0.wat","SUPPORTED",37198,37198,0,100.00,"",""
"benchmarks/xblock_wat/deathcallcod_58379989_37a838ae2025.wat","SUPPORTED",37133,37133,0,100.00,"",""
"benchmarks/xblock_wat/deathcallcod_58380670_0321d87813c5.wat","SUPPORTED",37218,37218,0,100.00,"",""
"benchmarks/xblock_wat/deathcallcod_58387895_f3637482cafd.wat","SUPPORTED",37194,37194,0,100.00,"",""
"benchmarks/xblock_wat/deathcallcod_58977284_a5fcef4201e6.wat","SUPPORTED",38271,38271,0,100.00,"",""
"benchmarks/xblock_wat/deathcallcod_58978033_f0a262e478a6.wat","SUPPORTED",38271,38271,0,100.00,"",""
"benchmarks/xblock_wat/deathcalroom_52161609_241276a1518b.wat","SUPPORTED",18925,18925,0,100.00,"",""
"benchmarks/xblock_wat/deathcalroom_53427355_de415dcfb34d.wat","SUPPORTED",18921,18921,0,100.00,"",""
"benchmarks/xblock_wat/deathcalroom_53739008_ebda3ed19007.wat","SUPPORTED",18965,18965,0,100.00,"",""
"benchmarks/xblock_wat/debug.x_25828444_5d992426d852.wat","SUPPORTED",32550,32550,0,100.00,"",""
"benchmarks/xblock_wat/debug.x_27735539_2b52753f3ab4.wat","SUPPORTED",39135,39135,0,100.00,"",""
"benchmarks/xblock_wat/debug.x_27737126_cc2c18f2498f.wat","SUPPORTED",39092,39092,0,100.00,"",""
"benchmarks/xblock_wat/debug.x_27739991_19e09c7ff00c.wat","SUPPORTED",39092,39092,0,100.00,"",""
"benchmarks/xblock_wat/debug.x_27742227_fa97fc5fc5ef.wat","SUPPORTED",39096,39096,0,100.00,"",""
"benchmarks/xblock_wat/debug.x_27745003_631bd2036c76.wat","SUPPORTED",39101,39101,0,100.00,"",""
"benchmarks/xblock_wat/debug.x_27748084_048ab777b63d.wat","SUPPORTED",39121,39121,0,100.00,"",""
"benchmarks/xblock_wat/debug.x_27762290_143da37d8d3d.wat","SUPPORTED",39368,39368,0,100.00,"",""
"benchmarks/xblock_wat/debug.x_27770713_4e9095228250.wat","SUPPORTED",39381,39381,0,100.00,"",""
"benchmarks/xblock_wat/debug.x_27775226_c17c0dd78044.wat","SUPPORTED",39409,39409,0,100.00,"",""
"benchmarks/xblock_wat/debug.x_27782502_4aa27b7e9a07.wat","SUPPORTED",39570,39570,0,100.00,"",""
"benchmarks/xblock_wat/debugger4eos_60199343_2ecd111d909c.wat","SUPPORTED",2058,2058,0,100.00,"",""
"benchmarks/xblock_wat/debugger4eos_60593995_7adc51b1bee0.wat","SUPPORTED",3506,3506,0,100.00,"",""
"benchmarks/xblock_wat/debugger4eos_60594940_4a6f01d75f96.wat","SUPPORTED",3527,3527,0,100.00,"",""
"benchmarks/xblock_wat/decentiumorg_59905436_b150486fe534.wat","SUPPORTED",64703,64703,0,100.00,"",""
"benchmarks/xblock_wat/decentiumorg_60958905_b40998cf7428.wat","SUPPORTED",64703,64703,0,100.00,"",""
"benchmarks/xblock_wat/decentwitter_1395028_bfdc64f2a556.wat","SUPPORTED",2381,2381,0,100.00,"",""
"benchmarks/xblock_wat/decentwitter_1396276_93f4be53b671.wat","SUPPORTED",2381,2381,0,100.00,"",""
"benchmarks/xblock_wat/decentwitter_882168_c9ebe3bd8177.wat","SUPPORTED",2068,2068,0,100.00,"",""
"benchmarks/xblock_wat/defindadv112_89265500_e1a76bc7f075.wat","SUPPORTED",4165,4165,0,100.00,"",""
"benchmarks/xblock_wat/defindadv112_89268547_038dab5045ea.wat","SUPPORTED",3482,3482,0,100.00,"",""
"benchmarks/xblock_wat/defindadv112_89269189_3f51e0891be2.wat","SUPPORTED",2259,2259,0,100.00,"",""
"benchmarks/xblock_wat/defindadv112_89269670_2131b3c29393.wat","SUPPORTED",3487,3487,0,100.00,"",""
"benchmarks/xblock_wat/defindadv112_89271479_eacd32c0048b.wat","SUPPORTED",3486,3486,0,100.00,"",""
"benchmarks/xblock_wat/defindadv112_89279842_e559baae80f1.wat","SUPPORTED",3787,3787,0,100.00,"",""
"benchmarks/xblock_wat/defindadv112_89327116_ebef8ebf54dd.wat","SUPPORTED",3787,3787,0,100.00,"",""
"benchmarks/xblock_wat/defindadv112_89360169_8de13473c04d.wat","SUPPORTED",4250,4250,0,100.00,"",""
"benchmarks/xblock_wat/defindadv112_89361608_8b172495f48d.wat","SUPPORTED",4696,4696,0,100.00,"",""
"benchmarks/xblock_wat/defindadv112_89363016_9ed024dd8977.wat","SUPPORTED",4339,4339,0,100.00,"",""
"benchmarks/xblock_wat/defindadv112_89363566_6a5a45c7858b.wat","SUPPORTED",4339,4339,0,100.00,"",""
"benchmarks/xblock_wat/defindadv112_89367617_c1451c964536.wat","SUPPORTED",4294,4294,0,100.00,"",""
"benchmarks/xblock_wat/defindadv112_89368069_47c73607b896.wat","SUPPORTED",4294,4294,0,100.00,"",""
"benchmarks/xblock_wat/defindadv112_89368425_c421490da94c.wat","SUPPORTED",4294,4294,0,100.00,"",""
"benchmarks/xblock_wat/defindadv112_89369271_157713b9d685.wat","SUPPORTED",4492,4492,0,100.00,"",""
"benchmarks/xblock_wat/defindadv112_89369733_c869622d2fc6.wat","SUPPORTED",4851,4851,0,100.00,"",""
"benchmarks/xblock_wat/defindadv112_89370855_507db6c1550a.wat","SUPPORTED",4845,4845,0,100.00,"",""
"benchmarks/xblock_wat/defindadv112_89371191_6f44f3f78c55.wat","SUPPORTED",4488,4488,0,100.00,"",""
"benchmarks/xblock_wat/defindadv112_89371536_d1944d2cb35a.wat","SUPPORTED",4813,4813,0,100.00,"",""
"benchmarks/xblock_wat/defindadv112_89426235_7ef861cc3003.wat","SUPPORTED",4754,4754,0,100.00,"",""
"benchmarks/xblock_wat/defindadv112_89428320_da84acccf9e0.wat","SUPPORTED",4991,4991,0,100.00,"",""
"benchmarks/xblock_wat/defindadv112_89428674_381fb54254f4.wat","SUPPORTED",4957,4957,0,100.00,"",""
"benchmarks/xblock_wat/defindadv112_89440033_b66ee9356ded.wat","SUPPORTED",5060,5060,0,100.00,"",""
"benchmarks/xblock_wat/defindadv112_89441111_cf854384e59b.wat","SUPPORTED",5060,5060,0,100.00,"",""
"benchmarks/xblock_wat/defindadv112_89445923_c01a23eabdcf.wat","SUPPORTED",5060,5060,0,100.00,"",""
"benchmarks/xblock_wat/defindadv112_89466833_a9910d440542.wat","SUPPORTED",5378,5378,0,100.00,"",""
"benchmarks/xblock_wat/defindadv114_89335195_65c39fbe1bbe.wat","SUPPORTED",3787,3787,0,100.00,"",""
"benchmarks/xblock_wat/defindadv114_89336658_19ea8ae43e34.wat","SUPPORTED",3787,3787,0,100.00,"",""
"benchmarks/xblock_wat/defindinside_70185381_408674f5e624.wat","SUPPORTED",18351,18351,0,100.00,"",""
"benchmarks/xblock_wat/defindinside_70315649_343398d6ce5f.wat","SUPPORTED",18351,18351,0,100.00,"",""
"benchmarks/xblock_wat/defindinside_70473170_98e168475426.wat","SUPPORTED",18845,18845,0,100.00,"",""
"benchmarks/xblock_wat/defindinside_70497152_3123b30dba76.wat","SUPPORTED",22032,22032,0,100.00,"",""
"benchmarks/xblock_wat/defindinside_70691459_050fd7ad08ee.wat","SUPPORTED",23232,23232,0,100.00,"",""
"benchmarks/xblock_wat/defindinside_72390001_b6399f9317a4.wat","SUPPORTED",16279,16279,0,100.00,"",""
"benchmarks/xblock_wat/defindinside_72394285_be757eb2347b.wat","SUPPORTED",24131,24131,0,100.00,"",""
"benchmarks/xblock_wat/defindinside_72400160_c3fd33bc27ff.wat","SUPPORTED",24131,24131,0,100.00,"",""
"benchmarks/xblock_wat/defindinside_72412981_9bc30e21a22c.wat","SUPPORTED",25725,25725,0,100.00,"",""
"benchmarks/xblock_wat/defindinside_75529424_c33d9ead4f43.wat","SUPPORTED",32989,32989,0,100.00,"",""
"benchmarks/xblock_wat/defindinside_75549749_83863f9e5a27.wat","SUPPORTED",34507,34507,0,100.00,"",""
"benchmarks/xblock_wat/defindinside_76064189_895dfe68d6f4.wat","SUPPORTED",32638,32638,0,100.00,"",""
"benchmarks/xblock_wat/defindinside_77566484_003ce288c369.wat","SUPPORTED",32640,32640,0,100.00,"",""
"benchmarks/xblock_wat/defindinside_83671868_0dd7bcf0e35b.wat","SUPPORTED",32561,32561,0,100.00,"",""
"benchmarks/xblock_wat/defindinside_83730224_9313da58f346.wat","SUPPORTED",30709,30709,0,100.00,"",""
"benchmarks/xblock_wat/defindinside_83739202_53d326e47719.wat","SUPPORTED",30714,30714,0,100.00,"",""
"benchmarks/xblock_wat/defindinside_83741754_0089d38dbfd6.wat","SUPPORTED",30716,30716,0,100.00,"",""
"benchmarks/xblock_wat/defindinside_83749465_129afdeb2050.wat","SUPPORTED",30893,30893,0,100.00,"",""
"benchmarks/xblock_wat/defindinside_83753922_408491f30f1d.wat","SUPPORTED",31082,31082,0,100.00,"",""
"benchmarks/xblock_wat/defindinside_83766358_8762b8103852.wat","SUPPORTED",31223,31223,0,100.00,"",""
"benchmarks/xblock_wat/defindinside_83770677_1288872d377e.wat","SUPPORTED",32824,32824,0,100.00,"",""
"benchmarks/xblock_wat/defindinside_83946547_067bc219edd8.wat","SUPPORTED",33123,33123,0,100.00,"",""
"benchmarks/xblock_wat/defindinside_84123260_576b0152d6d9.wat","SUPPORTED",33119,33119,0,100.00,"",""
"benchmarks/xblock_wat/defindinside_84529136_72fbf75228a3.wat","SUPPORTED",33260,33260,0,100.00,"",""
"benchmarks/xblock_wat/defindinside_84536213_912b8f9dc574.wat","SUPPORTED",33555,33555,0,100.00,"",""
"benchmarks/xblock_wat/defindinside_84826297_2a176ad6adc6.wat","SUPPORTED",33925,33925,0,100.00,"",""
"benchmarks/xblock_wat/defindinside_85151244_a3383e021cd1.wat","SUPPORTED",36571,36571,0,100.00,"",""
"benchmarks/xblock_wat/defindinside_85157457_6892d89553b5.wat","SUPPORTED",37636,37636,0,100.00,"",""
"benchmarks/xblock_wat/defindinside_85169353_f9704fd96c4c.wat","SUPPORTED",37806,37806,0,100.00,"",""
"benchmarks/xblock_wat/defindinside_85542435_add2178d9052.wat","SUPPORTED",36733,36733,0,100.00,"",""
"benchmarks/xblock_wat/defindinside_85639024_3f7b46df58a0.wat","SUPPORTED",36954,36954,0,100.00,"",""
"benchmarks/xblock_wat/defindinside_86003311_91bad0a7f084.wat","SUPPORTED",37481,37481,0,100.00,"",""
"benchmarks/xblock_wat/defindinside_86352215_cf7223148fbe.wat","SUPPORTED",38083,38083,0,100.00,"",""
"benchmarks/xblock_wat/defindinside_86588024_5d777a705705.wat","SUPPORTED",39440,39440,0,100.00,"",""
"benchmarks/xblock_wat/defindinside_87788605_faa10dbdf2c9.wat","SUPPORTED",43721,43721,0,100.00,"",""
"benchmarks/xblock_wat/defindinvest_70183364_bcc70087e585.wat","SUPPORTED",8076,8076,0,100.00,"",""
"benchmarks/xblock_wat/delphibackup_88138952_038fe964b401.wat","SUPPORTED",10355,10355,0,100.00,"",""
"benchmarks/xblock_wat/delphibackup_88706368_2a8656295022.wat","SUPPORTED",13538,13538,0,100.00,"",""
"benchmarks/xblock_wat/delphibackup_88707108_f23eb1ff5aea.wat","SUPPORTED",13517,13517,0,100.00,"",""
"benchmarks/xblock_wat/delphioracle_23529205_d17c2cceb507.wat","SUPPORTED",7632,7632,0,100.00,"",""
"benchmarks/xblock_wat/delphioracle_23713664_0a4711e38f72.wat","SUPPORTED",7632,7632,0,100.00,"",""
"benchmarks/xblock_wat/delphioracle_65008107_ff3090dc2197.wat","SUPPORTED",17217,17217,0,100.00,"",""
"benchmarks/xblock_wat/delphioracle_65008262_de468553813f.wat","SUPPORTED",7644,7644,0,100.00,"",""
"benchmarks/xblock_wat/delphioracle_65009454_56e24148650a.wat","SUPPORTED",17217,17217,0,100.00,"",""
"benchmarks/xblock_wat/delphioracle_65095163_bd236d40d811.wat","SUPPORTED",17220,17220,0,100.00,"",""
"benchmarks/xblock_wat/delphioracle_65096464_8faf38dd3435.wat","SUPPORTED",17917,17917,0,100.00,"",""
"benchmarks/xblock_wat/delphioracle_65097343_3b659253dd95.wat","SUPPORTED",17917,17917,0,100.00,"",""
"benchmarks/xblock_wat/delphioracle_65706314_fcd36beb8c80.wat","SUPPORTED",20166,20166,0,100.00,"",""
"benchmarks/xblock_wat/delphioracle_65707839_54ab04ab127b.wat","SUPPORTED",18375,18375,0,100.00,"",""
"benchmarks/xblock_wat/delphioracle_65866392_816cbfed8987.wat","SUPPORTED",19633,19633,0,100.00,"",""
"benchmarks/xblock_wat/delphioracle_65926957_8476fd2cfba2.wat","SUPPORTED",19950,19950,0,100.00,"",""
"benchmarks/xblock_wat/delphioracle_65929159_4243de7b37f2.wat","SUPPORTED",20199,20199,0,100.00,"",""
"benchmarks/xblock_wat/delphioracle_65930066_f0a21dbee084.wat","SUPPORTED",20199,20199,0,100.00,"",""
"benchmarks/xblock_wat/delphioracle_88708404_fa1f5a68fd22.wat","SUPPORTED",55676,55676,0,100.00,"",""
"benchmarks/xblock_wat/delphywallet_13685803_177fc7bd915f.wat","SUPPORTED",8159,8159,0,100.00,"",""
"benchmarks/xblock_wat/delphywallet_13686977_ffbb21b043fc.wat","SUPPORTED",4127,4127,0,100.00,"",""
"benchmarks/xblock_wat/delphywallet_8412018_21faedf7c292.wat","SUPPORTED",7504,7504,0,100.00,"",""
"benchmarks/xblock_wat/delphywallet_8463471_249a4205884a.wat","SUPPORTED",8562,8562,0,100.00,"",""
"benchmarks/xblock_wat/delphywallet_8565100_f10d43314fd4.wat","SUPPORTED",8990,8990,0,100.00,"",""
"benchmarks/xblock_wat/delphywallet_8565460_bbaf3ef0580f.wat","SUPPORTED",8912,8912,0,100.00,"",""
"benchmarks/xblock_wat/delphywallet_8887366_de1bf8e576ea.wat","SUPPORTED",7535,7535,0,100.00,"",""
"benchmarks/xblock_wat/deltadexcode_13650565_3ce976720861.wat","SUPPORTED",43698,43698,0,100.00,"",""
"benchmarks/xblock_wat/deltadexcode_14149081_b6fe2461ec55.wat","SUPPORTED",45159,45159,0,100.00,"",""
"benchmarks/xblock_wat/deosvidpoker_32102371_dc9fe6361d2d.wat","SUPPORTED",22039,22039,0,100.00,"",""
"benchmarks/xblock_wat/deosvidpoker_32647203_dd32c4c7e728.wat","SUPPORTED",22039,22039,0,100.00,"",""
"benchmarks/xblock_wat/deosvidpoker_32731695_3cc34ab8351e.wat","SUPPORTED",22120,22120,0,100.00,"",""
"benchmarks/xblock_wat/deosvidpoker_33838024_7ef3855c35df.wat","SUPPORTED",18542,18542,0,100.00,"",""
"benchmarks/xblock_wat/deosvidpoker_36889071_5d27ae4777be.wat","SUPPORTED",18547,18547,0,100.00,"",""
"benchmarks/xblock_wat/deposadmin11_40123476_30f8960558ef.wat","SUPPORTED",12617,12617,0,100.00,"",""
"benchmarks/xblock_wat/deposadmin11_40131683_ec6e13287d1a.wat","SUPPORTED",12617,12617,0,100.00,"",""
"benchmarks/xblock_wat/deposcustody_54499453_f4acf1ee5397.wat","SUPPORTED",21310,21310,0,100.00,"",""
"benchmarks/xblock_wat/deposcustody_54829436_dc59cd794193.wat","SUPPORTED",21360,21360,0,100.00,"",""
"benchmarks/xblock_wat/deposcustody_54831452_1a21b8bc0f6c.wat","SUPPORTED",21366,21366,0,100.00,"",""
"benchmarks/xblock_wat/deposcustody_54832388_3878c0bb65af.wat","SUPPORTED",21360,21360,0,100.00,"",""
"benchmarks/xblock_wat/deposcustody_82816816_fea2080d4872.wat","SUPPORTED",33600,33600,0,100.00,"",""
"benchmarks/xblock_wat/depositdemos_46156149_26113130fa2f.wat","SUPPORTED",8616,8616,0,100.00,"",""
"benchmarks/xblock_wat/depositdemos_52354073_fb416a700edd.wat","SUPPORTED",8326,8326,0,100.00,"",""
"benchmarks/xblock_wat/depositoreos_46314644_73501854fcaa.wat","SUPPORTED",2093,2093,0,100.00,"",""
"benchmarks/xblock_wat/depostoken11_40123332_02bf7cc244d0.wat","SUPPORTED",16912,16912,0,100.00,"",""
"benchmarks/xblock_wat/depostoken11_40131703_1ee49a75ae6c.wat","SUPPORTED",16896,16896,0,100.00,"",""
"benchmarks/xblock_wat/depostoken11_47061518_cfdf4944cb89.wat","SUPPORTED",21483,21483,0,100.00,"",""
"benchmarks/xblock_wat/depostoken11_47066190_b3eb3db092dd.wat","SUPPORTED",19033,19033,0,100.00,"",""
"benchmarks/xblock_wat/depostoken11_47581193_6e11da9c1604.wat","SUPPORTED",21274,21274,0,100.00,"",""
"benchmarks/xblock_wat/depostoken11_47585816_04fcf483a495.wat","SUPPORTED",23019,23019,0,100.00,"",""
"benchmarks/xblock_wat/depostoken11_47600882_9e9c02a4b473.wat","SUPPORTED",22953,22953,0,100.00,"",""
"benchmarks/xblock_wat/depostoken11_47602038_19bb7a0c5161.wat","SUPPORTED",23033,23033,0,100.00,"",""
"benchmarks/xblock_wat/depostoken11_47604852_e49dc6d01cc6.wat","SUPPORTED",23037,23037,0,100.00,"",""
"benchmarks/xblock_wat/depostoken11_47717897_2f50253482cd.wat","SUPPORTED",21292,21292,0,100.00,"",""
"benchmarks/xblock_wat/depostoken11_47724848_e277fa74bc6b.wat","SUPPORTED",21295,21295,0,100.00,"",""
"benchmarks/xblock_wat/depostoken11_47725380_d4dc6f495272.wat","SUPPORTED",21289,21289,0,100.00,"",""
"benchmarks/xblock_wat/depostoken11_47725810_8c60ecbe0cb9.wat","SUPPORTED",21207,21207,0,100.00,"",""
"benchmarks/xblock_wat/depostoken11_47726810_f5419ada4e84.wat","SUPPORTED",21207,21207,0,100.00,"",""
"benchmarks/xblock_wat/depostoken11_47726940_12bd55ae20e1.wat","SUPPORTED",21214,21214,0,100.00,"",""
"benchmarks/xblock_wat/depostoken11_47727104_915b60b28752.wat","SUPPORTED",21207,21207,0,100.00,"",""
"benchmarks/xblock_wat/depostoken11_47727391_8fb5a200abe0.wat","SUPPORTED",21209,21209,0,100.00,"",""
"benchmarks/xblock_wat/depostoken11_47727680_19250c64b4a5.wat","SUPPORTED",21210,21210,0,100.00,"",""
"benchmarks/xblock_wat/depostoken11_47727747_dd86f890f199.wat","SUPPORTED",21210,21210,0,100.00,"",""
"benchmarks/xblock_wat/depostoken11_47727832_38160a54f140.wat","SUPPORTED",21208,21208,0,100.00,"",""
"benchmarks/xblock_wat/depostoken11_47727985_186f52c53270.wat","SUPPORTED",21210,21210,0,100.00,"",""
"benchmarks/xblock_wat/depostoken11_47728053_7664c2f0d0c8.wat","SUPPORTED",21210,21210,0,100.00,"",""
"benchmarks/xblock_wat/depostoken11_47736649_3868031d0f15.wat","SUPPORTED",22161,22161,0,100.00,"",""
"benchmarks/xblock_wat/depostoken11_47739556_03801eb161ac.wat","SUPPORTED",21305,21305,0,100.00,"",""
"benchmarks/xblock_wat/depostoken11_47741040_846db4d3ca3c.wat","SUPPORTED",22155,22155,0,100.00,"",""
"benchmarks/xblock_wat/depostoken11_47743944_53d21924aea0.wat","SUPPORTED",21698,21698,0,100.00,"",""
"benchmarks/xblock_wat/depostoken11_51378786_df3bd601b0e9.wat","SUPPORTED",31453,31453,0,100.00,"",""
"benchmarks/xblock_wat/depostoken11_82368871_8732a919d95b.wat","SUPPORTED",33435,33435,0,100.00,"",""
"benchmarks/xblock_wat/depostoken11_82370657_85dc1815e91f.wat","SUPPORTED",33520,33520,0,100.00,"",""
"benchmarks/xblock_wat/depostoken11_82371239_df159b10cd77.wat","SUPPORTED",33507,33507,0,100.00,"",""
"benchmarks/xblock_wat/depostoken11_82787376_e3bfc790b8f0.wat","SUPPORTED",33467,33467,0,100.00,"",""
"benchmarks/xblock_wat/depostoken11_82788315_d853b8699528.wat","SUPPORTED",33206,33206,0,100.00,"",""
"benchmarks/xblock_wat/depostoken11_82788710_bca0943bcaeb.wat","SUPPORTED",33209,33209,0,100.00,"",""
"benchmarks/xblock_wat/depostoken11_82789443_59d1ea5e17cc.wat","SUPPORTED",33218,33218,0,100.00,"",""
"benchmarks/xblock_wat/depostoken11_82790299_a8e83c634ae6.wat","SUPPORTED",33576,33576,0,100.00,"",""
"benchmarks/xblock_wat/deskdicecoin_28634754_878dc32efcbc.wat","SUPPORTED",12804,12804,0,100.00,"",""
"benchmarks/xblock_wat/deskdicecoin_28895586_4a2db8c2e52f.wat","SUPPORTED",12889,12889,0,100.00,"",""
"benchmarks/xblock_wat/deskdicecoin_33527927_2fb1d8eb73e0.wat","SUPPORTED",12798,12798,0,100.00,"",""
"benchmarks/xblock_wat/deskdicegame_28897684_c45163c46c46.wat","SUPPORTED",34306,34306,0,100.00,"",""
"benchmarks/xblock_wat/deskdicegame_28916729_164ded8abf8a.wat","SUPPORTED",34313,34313,0,100.00,"",""
"benchmarks/xblock_wat/deskdicegame_28991694_ac671ef01e8f.wat","SUPPORTED",37433,37433,0,100.00,"",""
"benchmarks/xblock_wat/deskdicegame_33650494_6d6c6bbf1e8d.wat","SUPPORTED",38400,38400,0,100.00,"",""
"benchmarks/xblock_wat/deskdicegame_34482730_bf7325f536a1.wat","SUPPORTED",38284,38284,0,100.00,"",""
"benchmarks/xblock_wat/destinybosss_23968093_32c2f9972c5e.wat","SUPPORTED",31176,31176,0,100.00,"",""
"benchmarks/xblock_wat/destinybosss_24121942_97b8f7276313.wat","SUPPORTED",36795,36795,0,100.00,"",""
"benchmarks/xblock_wat/destinybosss_24122389_722e95cb28b2.wat","SUPPORTED",36686,36686,0,100.00,"",""
"benchmarks/xblock_wat/destinybosss_24231198_e957d89d11d8.wat","SUPPORTED",36686,36686,0,100.00,"",""
"benchmarks/xblock_wat/destinybosss_24296004_cef28c0671d1.wat","SUPPORTED",36692,36692,0,100.00,"",""
"benchmarks/xblock_wat/destinybosss_24643022_f86793ccd59e.wat","SUPPORTED",37099,37099,0,100.00,"",""
"benchmarks/xblock_wat/destinybosss_24655338_7b5086d43a3e.wat","SUPPORTED",37215,37215,0,100.00,"",""
"benchmarks/xblock_wat/destinybosss_24656100_960755e2d575.wat","SUPPORTED",37215,37215,0,100.00,"",""
"benchmarks/xblock_wat/destinybosss_24748516_3852fd8e4d75.wat","SUPPORTED",37117,37117,0,100.00,"",""
"benchmarks/xblock_wat/destinybosss_24764074_830fb6d00556.wat","SUPPORTED",37049,37049,0,100.00,"",""
"benchmarks/xblock_wat/destinybosss_24791553_252e4def0b82.wat","SUPPORTED",37053,37053,0,100.00,"",""
"benchmarks/xblock_wat/destinybosss_26039573_dc500652a068.wat","SUPPORTED",37053,37053,0,100.00,"",""
"benchmarks/xblock_wat/destinybosss_26048529_e1d6eb70ba66.wat","SUPPORTED",37053,37053,0,100.00,"",""
"benchmarks/xblock_wat/destinybosss_26137192_269382490208.wat","SUPPORTED",36994,36994,0,100.00,"",""
"benchmarks/xblock_wat/destinybosss_26175295_1f5f1ed74dc6.wat","SUPPORTED",37053,37053,0,100.00,"",""
"benchmarks/xblock_wat/destinybosss_27209831_55b53ff9dd3f.wat","SUPPORTED",37065,37065,0,100.00,"",""
"benchmarks/xblock_wat/destinybosss_29579373_d39b868c494b.wat","SUPPORTED",37075,37075,0,100.00,"",""
"benchmarks/xblock_wat/destroyermk1_32871257_c55c0ade5bbb.wat","SUPPORTED",9947,9947,0,100.00,"",""
"benchmarks/xblock_wat/destroyermk1_32872043_78b64690aa46.wat","SUPPORTED",10035,10035,0,100.00,"",""
"benchmarks/xblock_wat/destroyermk1_32872170_6ad728fc81ea.wat","SUPPORTED",9834,9834,0,100.00,"",""
"benchmarks/xblock_wat/detective.x_40023142_469455ee3d1d.wat","SUPPORTED",4852,4852,0,100.00,"",""
"benchmarks/xblock_wat/devdeveoseos_48216169_6276bdd25008.wat","SUPPORTED",4880,4880,0,100.00,"",""
"benchmarks/xblock_wat/developer.x_26681441_0aa9064b30fd.wat","SUPPORTED",14090,14090,0,100.00,"",""
"benchmarks/xblock_wat/developer.x_26682387_70fc0ad4eeec.wat","SUPPORTED",1361,1361,0,100.00,"",""
"benchmarks/xblock_wat/devforeoskit_18211654_bac67dff4b11.wat","SUPPORTED",2139,2139,0,100.00,"",""
"benchmarks/xblock_wat/dex.io_39107263_965ff8fa142e.wat","SUPPORTED",2873,2873,0,100.00,"",""
"benchmarks/xblock_wat/dexaraniiznx_41028140_def98c099f52.wat","SUPPORTED",868,868,0,100.00,"",""
"benchmarks/xblock_wat/dexaraniiznx_41871890_c7ee3ac6f096.wat","SUPPORTED",876,876,0,100.00,"",""
"benchmarks/xblock_wat/dexaraniiznx_43298986_4e87435a9fb0.wat","SUPPORTED",5780,5780,0,100.00,"",""
"benchmarks/xblock_wat/dexaraniiznx_43302642_2fe8d192543c.wat","SUPPORTED",4598,4598,0,100.00,"",""
"benchmarks/xblock_wat/dexaraniiznx_43308823_b6f9fd69b068.wat","SUPPORTED",6365,6365,0,100.00,"",""
"benchmarks/xblock_wat/dexaraniiznx_43311486_381676aa5ae7.wat","SUPPORTED",5950,5950,0,100.00,"",""
"benchmarks/xblock_wat/dexaraniiznx_43311698_2466ebecfd09.wat","SUPPORTED",5988,5988,0,100.00,"",""
"benchmarks/xblock_wat/dexaraniiznx_43315879_bda08a296e52.wat","SUPPORTED",6190,6190,0,100.00,"",""
"benchmarks/xblock_wat/dexaraniiznx_43316707_e2fe93fe4569.wat","SUPPORTED",3634,3634,0,100.00,"",""
"benchmarks/xblock_wat/dexaraniiznx_43318418_c7704a55950d.wat","SUPPORTED",3634,3634,0,100.00,"",""
"benchmarks/xblock_wat/dexaraniiznx_43318673_8e5a25b042ee.wat","SUPPORTED",3634,3634,0,100.00,"",""
"benchmarks/xblock_wat/dexaraniiznx_43319256_7324b00b5b40.wat","SUPPORTED",3634,3634,0,100.00,"",""
"benchmarks/xblock_wat/dexaraniiznx_43906022_4c0805c722de.wat","SUPPORTED",3451,3451,0,100.00,"",""
"benchmarks/xblock_wat/dexaraniiznx_43906595_a29068e2f1d3.wat","SUPPORTED",3258,3258,0,100.00,"",""
"benchmarks/xblock_wat/dexaraniiznx_43907339_23af34588f7c.wat","SUPPORTED",3671,3671,0,100.00,"",""
"benchmarks/xblock_wat/dexaraniiznx_43909987_98797244cc20.wat","SUPPORTED",5396,5396,0,100.00,"",""
"benchmarks/xblock_wat/dexaraniiznx_43917985_f2acf55e5833.wat","SUPPORTED",5419,5419,0,100.00,"",""
"benchmarks/xblock_wat/dexaraniiznx_43919840_80f941183733.wat","SUPPORTED",5373,5373,0,100.00,"",""
"benchmarks/xblock_wat/dexaraniiznx_43922893_6ad82cca4abe.wat","SUPPORTED",5563,5563,0,100.00,"",""
"benchmarks/xblock_wat/dexaraniiznx_43935115_a09c801250dd.wat","SUPPORTED",4911,4911,0,100.00,"",""
"benchmarks/xblock_wat/dexaraniiznx_43939719_cc7633a806ad.wat","SUPPORTED",10861,10861,0,100.00,"",""
"benchmarks/xblock_wat/dexaraniiznx_43942173_9c9022a29836.wat","SUPPORTED",11519,11519,0,100.00,"",""
"benchmarks/xblock_wat/dexaraniiznx_43942506_a4b99df3a716.wat","SUPPORTED",11578,11578,0,100.00,"",""
"benchmarks/xblock_wat/dexaraniiznx_43942855_5d3fbd398341.wat","SUPPORTED",11580,11580,0,100.00,"",""
"benchmarks/xblock_wat/dexaraniiznx_43945944_3bdfe0e444a4.wat","SUPPORTED",12684,12684,0,100.00,"",""
"benchmarks/xblock_wat/dexaraniiznx_43946801_58ffa8429289.wat","SUPPORTED",12045,12045,0,100.00,"",""
"benchmarks/xblock_wat/dexaraniiznx_43947524_73fd5dd50807.wat","SUPPORTED",12414,12414,0,100.00,"",""
"benchmarks/xblock_wat/dexaraniiznx_43947669_981c13eeef95.wat","SUPPORTED",12415,12415,0,100.00,"",""
"benchmarks/xblock_wat/dexaraniiznx_43980968_896254503aac.wat","SUPPORTED",11399,11399,0,100.00,"",""
"benchmarks/xblock_wat/dexaraniiznx_43981510_60a252aff997.wat","SUPPORTED",11399,11399,0,100.00,"",""
"benchmarks/xblock_wat/dexaraniiznx_43981817_7f9e1487eeaa.wat","SUPPORTED",12088,12088,0,100.00,"",""
"benchmarks/xblock_wat/dexaraniiznx_43982137_081a2d9babe2.wat","SUPPORTED",13064,13064,0,100.00,"",""
"benchmarks/xblock_wat/dexaraniiznx_43982671_66b585614a38.wat","SUPPORTED",12317,12317,0,100.00,"",""
"benchmarks/xblock_wat/dexaraniiznx_43982897_92a33a95fe90.wat","SUPPORTED",12317,12317,0,100.00,"",""
"benchmarks/xblock_wat/dexaraniiznx_43983076_7f7da1ecfc4e.wat","SUPPORTED",11628,11628,0,100.00,"",""
"benchmarks/xblock_wat/dexaraniiznx_43983162_d0eeb3fc8b7c.wat","SUPPORTED",11850,11850,0,100.00,"",""
"benchmarks/xblock_wat/dexaraniiznx_43985846_94e8ec5f0773.wat","SUPPORTED",6216,6216,0,100.00,"",""
"benchmarks/xblock_wat/dexaraniiznx_43986344_22aa8b9f5491.wat","SUPPORTED",6407,6407,0,100.00,"",""
"benchmarks/xblock_wat/dexaraniiznx_43987169_63195e32d6f4.wat","SUPPORTED",6411,6411,0,100.00,"",""
"benchmarks/xblock_wat/dexaraniiznx_43987549_ccab227d54a7.wat","SUPPORTED",5967,5967,0,100.00,"",""
"benchmarks/xblock_wat/dexaraniiznx_43987863_aed38c9c827c.wat","SUPPORTED",6134,6134,0,100.00,"",""
"benchmarks/xblock_wat/dexaraniiznx_43988129_c8d098075616.wat","SUPPORTED",6124,6124,0,100.00,"",""
"benchmarks/xblock_wat/dexaraniiznx_43988646_ceb84de1e5ce.wat","SUPPORTED",6141,6141,0,100.00,"",""
"benchmarks/xblock_wat/dexaraniiznx_43989247_c3f5d095a661.wat","SUPPORTED",6142,6142,0,100.00,"",""
"benchmarks/xblock_wat/dexaraniiznx_43989484_bf0c2dae7ea8.wat","SUPPORTED",6143,6143,0,100.00,"",""
"benchmarks/xblock_wat/dexaraniiznx_43990273_a32e4f16fc1d.wat","SUPPORTED",8957,8957,0,100.00,"",""
"benchmarks/xblock_wat/dexaraniiznx_45921239_2acce838234d.wat","SUPPORTED",7411,7411,0,100.00,"",""
"benchmarks/xblock_wat/dexaraniiznx_45921963_a00b340cf2ba.wat","SUPPORTED",7659,7659,0,100.00,"",""
"benchmarks/xblock_wat/dexaraniiznx_45922695_1e7e15e2afd3.wat","SUPPORTED",7989,7989,0,100.00,"",""
"benchmarks/xblock_wat/dexaraniiznx_45929126_fca0bbf5015c.wat","SUPPORTED",4927,4927,0,100.00,"",""
"benchmarks/xblock_wat/dexaraniiznx_45929245_965d1f578b01.wat","SUPPORTED",4927,4927,0,100.00,"",""
"benchmarks/xblock_wat/dexaraniiznx_45930400_d666237ace9d.wat","SUPPORTED",4925,4925,0,100.00,"",""
"benchmarks/xblock_wat/dexaraniiznx_45934654_783549714132.wat","SUPPORTED",8785,8785,0,100.00,"",""
"benchmarks/xblock_wat/dexaraniiznx_45936444_78d6f98bf32c.wat","SUPPORTED",8891,8891,0,100.00,"",""
"benchmarks/xblock_wat/dexaraniiznx_45936513_30f30d9cf041.wat","SUPPORTED",8897,8897,0,100.00,"",""
"benchmarks/xblock_wat/dexaraniiznx_45938126_eda2ee1a69c4.wat","SUPPORTED",8784,8784,0,100.00,"",""
"benchmarks/xblock_wat/dexaraniiznx_52071908_e3a20721fc82.wat","SUPPORTED",1610,1610,0,100.00,"",""
"benchmarks/xblock_wat/dexaraniiznx_52072161_5740aee2d51f.wat","SUPPORTED",2763,2763,0,100.00,"",""
"benchmarks/xblock_wat/dexaraniiznx_52072673_b6b547ac2d48.wat","SUPPORTED",2784,2784,0,100.00,"",""
"benchmarks/xblock_wat/dexaraniiznx_52073192_0941a17ebc16.wat","SUPPORTED",2914,2914,0,100.00,"",""
"benchmarks/xblock_wat/dexaraniiznx_52073490_5348fa945836.wat","SUPPORTED",2898,2898,0,100.00,"",""
"benchmarks/xblock_wat/dexaraniiznx_52073649_757071fa65ce.wat","SUPPORTED",2895,2895,0,100.00,"",""
"benchmarks/xblock_wat/dexaraniiznx_52073784_3c1dde822ebb.wat","SUPPORTED",3032,3032,0,100.00,"",""
"benchmarks/xblock_wat/dexaraniiznx_52073900_4122f6c6c4d8.wat","SUPPORTED",3022,3022,0,100.00,"",""
"benchmarks/xblock_wat/dexaraniiznx_52074366_584b1bfbab3b.wat","SUPPORTED",3027,3027,0,100.00,"",""
"benchmarks/xblock_wat/dexaraniiznx_52074668_e3b9fa2e5361.wat","SUPPORTED",3550,3550,0,100.00,"",""
"benchmarks/xblock_wat/dexaraniiznx_52075271_c7543b8ac6c2.wat","SUPPORTED",2759,2759,0,100.00,"",""
"benchmarks/xblock_wat/dexaraniiznx_52075619_b2897d2287f2.wat","SUPPORTED",2780,2780,0,100.00,"",""
"benchmarks/xblock_wat/dexaraniiznx_52076139_ae4b2b0a116e.wat","SUPPORTED",2780,2780,0,100.00,"",""
"benchmarks/xblock_wat/dexaraniiznx_52076361_9355758df68d.wat","SUPPORTED",2946,2946,0,100.00,"",""
"benchmarks/xblock_wat/dexaraniiznx_52076536_00d7ce913350.wat","SUPPORTED",2946,2946,0,100.00,"",""
"benchmarks/xblock_wat/dexaraniiznx_52076720_736f440fb367.wat","SUPPORTED",2751,2751,0,100.00,"",""
"benchmarks/xblock_wat/dexaraniiznx_52077144_fec6a8d4ff83.wat","SUPPORTED",3293,3293,0,100.00,"",""
"benchmarks/xblock_wat/dexaraniiznx_52077268_8502ec2af8cf.wat","SUPPORTED",3299,3299,0,100.00,"",""
"benchmarks/xblock_wat/dexaraniiznx_52080561_d440f4a773ac.wat","SUPPORTED",3267,3267,0,100.00,"",""
"benchmarks/xblock_wat/dexaraniiznx_52096345_79f741c1b469.wat","SUPPORTED",6783,6783,0,100.00,"",""
"benchmarks/xblock_wat/dexaraniiznx_52097120_fc09440445b4.wat","SUPPORTED",3286,3286,0,100.00,"",""
"benchmarks/xblock_wat/dexaraniiznx_52107035_e8ef079931ac.wat","SUPPORTED",3702,3702,0,100.00,"",""
"benchmarks/xblock_wat/dexaraniiznx_52107510_ac54d9001b81.wat","SUPPORTED",3660,3660,0,100.00,"",""
"benchmarks/xblock_wat/dexaraniiznx_76623474_a5836e7be620.wat","SUPPORTED",2682,2682,0,100.00,"",""
"benchmarks/xblock_wat/dexaraniiznx_76624069_9265f67a46b0.wat","SUPPORTED",3007,3007,0,100.00,"",""
"benchmarks/xblock_wat/dexaraniiznx_76632903_ab949e071220.wat","SUPPORTED",3272,3272,0,100.00,"",""
"benchmarks/xblock_wat/dexaraniiznx_76633477_49465030a5cd.wat","SUPPORTED",3268,3268,0,100.00,"",""
"benchmarks/xblock_wat/dexaraniiznx_76635644_6c44bd6ad1e9.wat","SUPPORTED",3314,3314,0,100.00,"",""
"benchmarks/xblock_wat/dexaraniiznx_76638526_d34cb5e8aadf.wat","SUPPORTED",3314,3314,0,100.00,"",""
"benchmarks/xblock_wat/dexaraniiznx_76639032_e8db3881564a.wat","SUPPORTED",6707,6707,0,100.00,"",""
"benchmarks/xblock_wat/dexaraniiznx_76640263_74e63bed88bd.wat","SUPPORTED",7541,7541,0,100.00,"",""
"benchmarks/xblock_wat/dexaraniiznx_76640991_42810cad55c1.wat","SUPPORTED",7524,7524,0,100.00,"",""
"benchmarks/xblock_wat/dexaraniiznx_76641238_ac382dc77865.wat","SUPPORTED",7526,7526,0,100.00,"",""
"benchmarks/xblock_wat/dexaraniiznx_76721602_6e739a1abc94.wat","SUPPORTED",7319,7319,0,100.00,"",""
"benchmarks/xblock_wat/dexaraniiznx_76723992_9f6d3a2eda13.wat","SUPPORTED",7297,7297,0,100.00,"",""
"benchmarks/xblock_wat/dexaraniiznx_76724479_9281a4b4d666.wat","SUPPORTED",5319,5319,0,100.00,"",""
"benchmarks/xblock_wat/dexaraniiznx_76725013_8bea56d13890.wat","SUPPORTED",5339,5339,0,100.00,"",""
"benchmarks/xblock_wat/dexaraniiznx_76725231_cdf8269b186b.wat","SUPPORTED",7317,7317,0,100.00,"",""
"benchmarks/xblock_wat/dexaraniiznx_76726605_14c4f8a4b182.wat","SUPPORTED",7348,7348,0,100.00,"",""
"benchmarks/xblock_wat/dexaraniiznx_76730134_c90a144eb1f4.wat","SUPPORTED",7475,7475,0,100.00,"",""
"benchmarks/xblock_wat/dexaraniiznx_76732897_14f98cfe207f.wat","SUPPORTED",7846,7846,0,100.00,"",""
"benchmarks/xblock_wat/dexaraniiznx_76733585_5bedc2960e55.wat","SUPPORTED",7846,7846,0,100.00,"",""
"benchmarks/xblock_wat/dexaraniiznx_76734374_2a447550f6d9.wat","SUPPORTED",7856,7856,0,100.00,"",""
"benchmarks/xblock_wat/dexaraniiznx_76736202_89f6ac5716ed.wat","SUPPORTED",7727,7727,0,100.00,"",""
"benchmarks/xblock_wat/dexaraniiznx_76736528_9e85c2b147ca.wat","SUPPORTED",8122,8122,0,100.00,"",""
"benchmarks/xblock_wat/dexaraniiznx_77090859_c825bb3b2203.wat","SUPPORTED",37029,37029,0,100.00,"",""
"benchmarks/xblock_wat/dexaraniiznx_77091792_894293fd91b0.wat","SUPPORTED",36292,36292,0,100.00,"",""
"benchmarks/xblock_wat/dexaraniiznx_77092115_5b071d1c2aba.wat","SUPPORTED",36903,36903,0,100.00,"",""
"benchmarks/xblock_wat/dexaraniiznx_77096802_0332d4fd5311.wat","SUPPORTED",13315,13315,0,100.00,"",""
"benchmarks/xblock_wat/dexaraniiznx_77096962_d52751db9fd5.wat","SUPPORTED",37080,37080,0,100.00,"",""
"benchmarks/xblock_wat/dexaraniiznx_77120571_cb2916481a38.wat","SUPPORTED",37080,37080,0,100.00,"",""
"benchmarks/xblock_wat/dexaraniiznx_77127305_affd72d97f0b.wat","SUPPORTED",37359,37359,0,100.00,"",""
"benchmarks/xblock_wat/dexaraniiznx_77140623_20f800e6716f.wat","SUPPORTED",39499,39499,0,100.00,"",""
"benchmarks/xblock_wat/dexaraniiznx_77142861_5364c7e2c055.wat","SUPPORTED",39931,39931,0,100.00,"",""
"benchmarks/xblock_wat/dexaraniiznx_77144280_34481489fd3b.wat","SUPPORTED",39934,39934,0,100.00,"",""
"benchmarks/xblock_wat/dexaraniiznx_77144990_a566d3df7b83.wat","SUPPORTED",39979,39979,0,100.00,"",""
"benchmarks/xblock_wat/dexaraniiznx_77146527_0d98fa58c2e3.wat","SUPPORTED",40471,40471,0,100.00,"",""
"benchmarks/xblock_wat/dexaraniiznx_77168944_b3f579a31d7b.wat","SUPPORTED",43557,43557,0,100.00,"",""
"benchmarks/xblock_wat/dexaraniiznx_77241953_86db9fed51b6.wat","SUPPORTED",41382,41382,0,100.00,"",""
"benchmarks/xblock_wat/dexaraniiznx_77242055_034faa3e87bf.wat","SUPPORTED",41382,41382,0,100.00,"",""
"benchmarks/xblock_wat/dexaraniiznx_77242139_bb5789b5b9e4.wat","SUPPORTED",41382,41382,0,100.00,"",""
"benchmarks/xblock_wat/dexaraniiznx_77242723_cd45a57426dc.wat","SUPPORTED",40220,40220,0,100.00,"",""
"benchmarks/xblock_wat/dexaraniiznx_77242801_89e1610d3eeb.wat","SUPPORTED",37492,37492,0,100.00,"",""
"benchmarks/xblock_wat/dexaraniiznx_77243621_f90e26ef4939.wat","SUPPORTED",37492,37492,0,100.00,"",""
"benchmarks/xblock_wat/dexaraniiznx_77260257_fee32b0dc2ad.wat","SUPPORTED",37636,37636,0,100.00,"",""
"benchmarks/xblock_wat/dexaraniiznx_77260906_e4a0c3f5576f.wat","SUPPORTED",37655,37655,0,100.00,"",""
"benchmarks/xblock_wat/dexaraniiznx_77262337_5a5692ec7ee6.wat","SUPPORTED",38411,38411,0,100.00,"",""
"benchmarks/xblock_wat/dexaraniiznx_77263218_0ea92b834589.wat","SUPPORTED",38192,38192,0,100.00,"",""
"benchmarks/xblock_wat/dexaraniiznx_77264698_e9e58ba6112b.wat","SUPPORTED",38760,38760,0,100.00,"",""
"benchmarks/xblock_wat/dexaraniiznx_77265018_457fcc59ae65.wat","SUPPORTED",38862,38862,0,100.00,"",""
"benchmarks/xblock_wat/dexaraniiznx_77272478_8d1465d5386c.wat","SUPPORTED",38424,38424,0,100.00,"",""
"benchmarks/xblock_wat/dexaraniiznx_77289765_23efdea6f5f8.wat","SUPPORTED",38501,38501,0,100.00,"",""
"benchmarks/xblock_wat/dexaraniiznx_77301903_4a9308e180f7.wat","SUPPORTED",38711,38711,0,100.00,"",""
"benchmarks/xblock_wat/dexaraniiznx_77302553_17e5ef1dc884.wat","SUPPORTED",38738,38738,0,100.00,"",""
"benchmarks/xblock_wat/dexaraniiznx_77303184_c8ae15517f53.wat","SUPPORTED",38595,38595,0,100.00,"",""
"benchmarks/xblock_wat/dexaraniiznx_77303939_ddd6484454df.wat","SUPPORTED",38511,38511,0,100.00,"",""
"benchmarks/xblock_wat/dexaraniiznx_77304376_44b889d326c1.wat","SUPPORTED",38405,38405,0,100.00,"",""
"benchmarks/xblock_wat/dexaraniiznx_77305129_f210ecb2ae3c.wat","SUPPORTED",38310,38310,0,100.00,"",""
"benchmarks/xblock_wat/dexaraniiznx_77306746_fb45272fde7d.wat","SUPPORTED",38714,38714,0,100.00,"",""
"benchmarks/xblock_wat/dexaraniiznx_77307043_6fed8ccdd5d7.wat","SUPPORTED",38741,38741,0,100.00,"",""
"benchmarks/xblock_wat/dexaraniiznx_77318768_f54933ed24f6.wat","SUPPORTED",37436,37436,0,100.00,"",""
"benchmarks/xblock_wat/dexaraniiznx_77474444_9a89a4db6544.wat","SUPPORTED",34475,34475,0,100.00,"",""
"benchmarks/xblock_wat/dexaraniiznx_77474707_f80636bfa691.wat","SUPPORTED",33353,33353,0,100.00,"",""
"benchmarks/xblock_wat/dexaraniiznx_77487964_e92c0218906f.wat","SUPPORTED",33309,33309,0,100.00,"",""
"benchmarks/xblock_wat/dexaraniiznx_77490071_6bcc2c58517d.wat","SUPPORTED",33262,33262,0,100.00,"",""
"benchmarks/xblock_wat/dexaraniiznx_77490577_b299fa381f89.wat","SUPPORTED",40428,40428,0,100.00,"",""
"benchmarks/xblock_wat/dexaraniiznx_77490949_67402e299b00.wat","SUPPORTED",40443,40443,0,100.00,"",""
"benchmarks/xblock_wat/dexaraniiznx_77491107_a55a46aea4f0.wat","SUPPORTED",40490,40490,0,100.00,"",""
"benchmarks/xblock_wat/dexaraniiznx_77491625_968e9ef595b9.wat","SUPPORTED",40505,40505,0,100.00,"",""
"benchmarks/xblock_wat/dexaraniiznx_77491879_9150c1fdc2d4.wat","SUPPORTED",33283,33283,0,100.00,"",""
"benchmarks/xblock_wat/dexaraniiznx_77493563_6d554468a94b.wat","SUPPORTED",33162,33162,0,100.00,"",""
"benchmarks/xblock_wat/dexaraniiznx_77493908_d6c45812e27b.wat","SUPPORTED",33154,33154,0,100.00,"",""
"benchmarks/xblock_wat/dexaraniiznx_77609625_09d79c72aefe.wat","SUPPORTED",34713,34713,0,100.00,"",""
"benchmarks/xblock_wat/dexaraniiznx_77628116_aa1654283731.wat","SUPPORTED",34974,34974,0,100.00,"",""
"benchmarks/xblock_wat/dexaraniiznx_77628543_3cd774f1d60a.wat","SUPPORTED",35055,35055,0,100.00,"",""
"benchmarks/xblock_wat/dexaraniiznx_77742618_49114ce06b10.wat","SUPPORTED",35111,35111,0,100.00,"",""
"benchmarks/xblock_wat/dexaraniiznx_77935144_cecf7da0e89e.wat","SUPPORTED",48205,48205,0,100.00,"",""
"benchmarks/xblock_wat/dexaraniiznx_78688039_58308d281da2.wat","SUPPORTED",48200,48200,0,100.00,"",""
"benchmarks/xblock_wat/dexaraniiznx_78688213_eb05e76572d1.wat","SUPPORTED",48136,48136,0,100.00,"",""
"benchmarks/xblock_wat/dexaraniiznx_78694573_d3b0ffbf39e4.wat","SUPPORTED",48604,48604,0,100.00,"",""
"benchmarks/xblock_wat/dexaraniiznx_78698122_3e4e04019dad.wat","SUPPORTED",48636,48636,0,100.00,"",""
"benchmarks/xblock_wat/dexaraniiznx_78708372_c53a88569401.wat","SUPPORTED",48641,48641,0,100.00,"",""
"benchmarks/xblock_wat/dexaraniiznx_78709353_61f174487805.wat","SUPPORTED",48640,48640,0,100.00,"",""
"benchmarks/xblock_wat/dexaraniiznx_78900941_452a726f955a.wat","SUPPORTED",48637,48637,0,100.00,"",""
"benchmarks/xblock_wat/dexaraniiznx_81584291_28a27e8f18f0.wat","SUPPORTED",49817,49817,0,100.00,"",""
"benchmarks/xblock_wat/dexaraniiznx_81584686_7fcde30f2873.wat","SUPPORTED",49820,49820,0,100.00,"",""
"benchmarks/xblock_wat/dexaraniiznx_81584986_a2697bd8dc48.wat","SUPPORTED",49836,49836,0,100.00,"",""
"benchmarks/xblock_wat/dexaraniiznx_81595919_aef621a3a3c1.wat","SUPPORTED",49840,49840,0,100.00,"",""
"benchmarks/xblock_wat/dexaraniiznx_81599198_046393c74e56.wat","SUPPORTED",49900,49900,0,100.00,"",""
"benchmarks/xblock_wat/dexaraniiznx_81629457_84da330f1a70.wat","SUPPORTED",49689,49689,0,100.00,"",""
"benchmarks/xblock_wat/dexaraniiznx_81631196_fb9fde08431f.wat","SUPPORTED",49571,49571,0,100.00,"",""
"benchmarks/xblock_wat/dexaraniiznx_81631536_26165f051c92.wat","SUPPORTED",49580,49580,0,100.00,"",""
"benchmarks/xblock_wat/dexaraniiznx_81631983_e052896fb027.wat","SUPPORTED",50906,50906,0,100.00,"",""
"benchmarks/xblock_wat/dexaraniiznx_81634608_bed81b0bb3f3.wat","SUPPORTED",50929,50929,0,100.00,"",""
"benchmarks/xblock_wat/dexaraniiznx_81635533_426a94cffd96.wat","SUPPORTED",50933,50933,0,100.00,"",""
"benchmarks/xblock_wat/dexaraniiznx_81737171_99d1c3fa5856.wat","SUPPORTED",50943,50943,0,100.00,"",""
"benchmarks/xblock_wat/dexaraniiznx_81737421_253dcbdcd383.wat","SUPPORTED",51289,51289,0,100.00,"",""
"benchmarks/xblock_wat/dexaraniiznx_81737583_972b25ec5532.wat","SUPPORTED",51286,51286,0,100.00,"",""
"benchmarks/xblock_wat/dexaraniiznx_81737757_7014eedf8b11.wat","SUPPORTED",51286,51286,0,100.00,"",""
"benchmarks/xblock_wat/dexaraniiznx_81738114_eec31771519d.wat","SUPPORTED",50931,50931,0,100.00,"",""
"benchmarks/xblock_wat/dexaraniiznx_81740633_560309725b52.wat","SUPPORTED",51033,51033,0,100.00,"",""
"benchmarks/xblock_wat/dexaraniiznx_81741369_eceda56d74ae.wat","SUPPORTED",51033,51033,0,100.00,"",""
"benchmarks/xblock_wat/dexeostether_21530886_32f981cb7a5a.wat","SUPPORTED",9947,9947,0,100.00,"",""
"benchmarks/xblock_wat/dexeostether_21571222_77efc5d7c17d.wat","SUPPORTED",7807,7807,0,100.00,"",""
"benchmarks/xblock_wat/dexeoswallet_14475235_e26e6c0abc92.wat","SUPPORTED",8126,8126,0,100.00,"",""
"benchmarks/xblock_wat/dexeoswallet_14476213_75bb4003d40e.wat","SUPPORTED",8126,8126,0,100.00,"",""
"benchmarks/xblock_wat/dexeoswallet_14519188_377d67a6285c.wat","SUPPORTED",8211,8211,0,100.00,"",""
"benchmarks/xblock_wat/dexeoswallet_17177914_eca32f2bcb3c.wat","SUPPORTED",8366,8366,0,100.00,"",""
"benchmarks/xblock_wat/dexeoswallet_17178227_78b19cc769e5.wat","SUPPORTED",8368,8368,0,100.00,"",""
"benchmarks/xblock_wat/dexexchanges_31978099_27fda3ea3eda.wat","SUPPORTED",9633,9633,0,100.00,"",""
"benchmarks/xblock_wat/dextop2match_50311319_27df95995858.wat","SUPPORTED",35566,35566,0,100.00,"",""
"benchmarks/xblock_wat/dexuniversal_43261192_da9a9551b2c1.wat","SUPPORTED",15750,15750,0,100.00,"",""
"benchmarks/xblock_wat/dexuniversal_43271275_7cd0ac82082b.wat","SUPPORTED",15970,15970,0,100.00,"",""
"benchmarks/xblock_wat/dexuniversal_43297263_0484be791aca.wat","SUPPORTED",15982,15982,0,100.00,"",""
"benchmarks/xblock_wat/dexuniversal_43398286_82e278327030.wat","SUPPORTED",15768,15768,0,100.00,"",""
"benchmarks/xblock_wat/dexuniversal_43410976_912d955c0d91.wat","SUPPORTED",15762,15762,0,100.00,"",""
"benchmarks/xblock_wat/dexuniversal_43412032_47e26b4eb661.wat","SUPPORTED",15779,15779,0,100.00,"",""
"benchmarks/xblock_wat/dexuniversal_43412161_8cdc17080769.wat","SUPPORTED",15779,15779,0,100.00,"",""
"benchmarks/xblock_wat/dexuniversal_43414282_d21dcf5b1803.wat","SUPPORTED",15939,15939,0,100.00,"",""
"benchmarks/xblock_wat/dexuniversal_43444089_bef4cf88ad24.wat","SUPPORTED",15939,15939,0,100.00,"",""
"benchmarks/xblock_wat/dexuniversal_43484383_d0b1e551dfcb.wat","SUPPORTED",16165,16165,0,100.00,"",""
"benchmarks/xblock_wat/dfjsafsd1111_36334728_8423329c2e28.wat","SUPPORTED",2299,2299,0,100.00,"",""
"benchmarks/xblock_wat/dfjsafsd1111_36468214_cf84178462ac.wat","SUPPORTED",3156,3156,0,100.00,"",""
"benchmarks/xblock_wat/dfjsafsd1111_36481792_17344934ec4e.wat","SUPPORTED",4829,4829,0,100.00,"",""
"benchmarks/xblock_wat/dfjsafsd1111_38916019_373ced2adf1c.wat","SUPPORTED",3685,3685,0,100.00,"",""
"benchmarks/xblock_wat/dfjsafsd1111_39255749_f5fa47bd7cdf.wat","SUPPORTED",3510,3510,0,100.00,"",""
"benchmarks/xblock_wat/dfjsafsd1111_39257466_dbd0f2158c62.wat","SUPPORTED",2634,2634,0,100.00,"",""
"benchmarks/xblock_wat/dfjsafsd1111_39262291_c384033e0397.wat","SUPPORTED",3804,3804,0,100.00,"",""
"benchmarks/xblock_wat/dfjsafsd1111_39788155_b13facb167a0.wat","SUPPORTED",3804,3804,0,100.00,"",""
"benchmarks/xblock_wat/dfjsafsd1111_39790526_34d0db2de3ce.wat","SUPPORTED",4076,4076,0,100.00,"",""
"benchmarks/xblock_wat/dfjsafsd1111_39791177_7e6ec4dbc1fb.wat","SUPPORTED",4076,4076,0,100.00,"",""
"benchmarks/xblock_wat/dgame4eos211_20956549_271031ba4a99.wat","SUPPORTED",14167,14167,0,100.00,"",""
"benchmarks/xblock_wat/dgame5555555_45129951_378628425233.wat","SUPPORTED",20551,20551,0,100.00,"",""
"benchmarks/xblock_wat/dgame5555555_46115435_69a4b0a1ac22.wat","SUPPORTED",20551,20551,0,100.00,"",""
"benchmarks/xblock_wat/dgamesbanker_67560590_9ccd3eb853ec.wat","SUPPORTED",44234,44234,0,100.00,"",""
"benchmarks/xblock_wat/dgamesbanker_67774336_46012481952f.wat","SUPPORTED",44557,44557,0,100.00,"",""
"benchmarks/xblock_wat/dgamesbanker_69120386_3687791d0016.wat","SUPPORTED",44557,44557,0,100.00,"",""
"benchmarks/xblock_wat/dgamesbanker_73109438_0e918aab5ba5.wat","SUPPORTED",64350,64350,0,100.00,"",""
"benchmarks/xblock_wat/dgamesbanker_73774084_90fa9a672b33.wat","SUPPORTED",64495,64495,0,100.00,"",""
"benchmarks/xblock_wat/dgamesbanker_76217589_6c9aa8539cfc.wat","SUPPORTED",64628,64628,0,100.00,"",""
"benchmarks/xblock_wat/dgamesbanker_77571127_b7ca24accb1a.wat","SUPPORTED",66298,66298,0,100.00,"",""
"benchmarks/xblock_wat/dgamesbanker_77908993_7125764741bd.wat","SUPPORTED",66532,66532,0,100.00,"",""
"benchmarks/xblock_wat/dgamesbanker_77913403_8ca01fc01a15.wat","SUPPORTED",66554,66554,0,100.00,"",""
"benchmarks/xblock_wat/dgamesbanker_77913806_ed0b8a3af550.wat","SUPPORTED",68293,68293,0,100.00,"",""
"benchmarks/xblock_wat/dgamesbanker_81191211_c77113f96bc6.wat","SUPPORTED",72543,72543,0,100.00,"",""
"benchmarks/xblock_wat/dgamesbanker_83430544_f776e90b8bec.wat","SUPPORTED",75180,75180,0,100.00,"",""
"benchmarks/xblock_wat/dgamescslot1_67560980_a6ad08dc0e07.wat","SUPPORTED",50410,50410,0,100.00,"",""
"benchmarks/xblock_wat/dgamescslot1_67774687_214a95755e03.wat","SUPPORTED",50537,50537,0,100.00,"",""
"benchmarks/xblock_wat/dgamescslot1_68762069_3b50daf1e86f.wat","SUPPORTED",50469,50469,0,100.00,"",""
"benchmarks/xblock_wat/dgamescslot1_69120580_63f423bc002c.wat","SUPPORTED",50507,50507,0,100.00,"",""
"benchmarks/xblock_wat/dgamescslot1_73760833_96de28c58128.wat","SUPPORTED",51484,51484,0,100.00,"",""
"benchmarks/xblock_wat/dgamescslot1_73761437_03e9413ae039.wat","SUPPORTED",51484,51484,0,100.00,"",""
"benchmarks/xblock_wat/dgamescslot1_74998577_e87b1cdf1480.wat","SUPPORTED",51589,51589,0,100.00,"",""
"benchmarks/xblock_wat/dgamescslot2_69124083_39474283df97.wat","SUPPORTED",53786,53786,0,100.00,"",""
"benchmarks/xblock_wat/dgamescslot2_73761991_8f685181cf7c.wat","SUPPORTED",56484,56484,0,100.00,"",""
"benchmarks/xblock_wat/dgamescslot2_73763176_3a90f3dbfea9.wat","SUPPORTED",55130,55130,0,100.00,"",""
"benchmarks/xblock_wat/dgamescslot2_74998608_523008ae4b6a.wat","SUPPORTED",55235,55235,0,100.00,"",""
"benchmarks/xblock_wat/dgamesladder_73111197_2bfe12f09427.wat","SUPPORTED",39533,39533,0,100.00,"",""
"benchmarks/xblock_wat/dgamesladder_73149475_dbf5177304e3.wat","SUPPORTED",39533,39533,0,100.00,"",""
"benchmarks/xblock_wat/dgamesladder_73151035_8f5deaa43ccd.wat","SUPPORTED",39533,39533,0,100.00,"",""
"benchmarks/xblock_wat/dgamesladder_73764149_488847987666.wat","SUPPORTED",39657,39657,0,100.00,"",""
"benchmarks/xblock_wat/dgamesladder_73771222_9f3fa5f3c75e.wat","SUPPORTED",41176,41176,0,100.00,"",""
"benchmarks/xblock_wat/dgamesladder_74998662_8c5e5db51774.wat","SUPPORTED",41176,41176,0,100.00,"",""
"benchmarks/xblock_wat/dgamesmwheel_77572664_65ed3eba7ecc.wat","SUPPORTED",55219,55219,0,100.00,"",""
"benchmarks/xblock_wat/dgamesmwheel_77576052_a20ae099a003.wat","SUPPORTED",54478,54478,0,100.00,"",""
"benchmarks/xblock_wat/dgamesmwheel_77577034_829a2f67d72f.wat","SUPPORTED",51551,51551,0,100.00,"",""
"benchmarks/xblock_wat/dgamesmwheel_77908095_50c2a9a9618d.wat","SUPPORTED",51565,51565,0,100.00,"",""
"benchmarks/xblock_wat/dgamesmwheel_77934467_7dbbc12a213d.wat","SUPPORTED",51565,51565,0,100.00,"",""
"benchmarks/xblock_wat/dgamesmwheel_81192383_bc6b678e129e.wat","SUPPORTED",68815,68815,0,100.00,"",""
"benchmarks/xblock_wat/dgamesmwheel_81194699_b8e12ed84f09.wat","SUPPORTED",68822,68822,0,100.00,"",""
"benchmarks/xblock_wat/dgamesmwheel_81195491_315c8229e2c2.wat","SUPPORTED",68822,68822,0,100.00,"",""
"benchmarks/xblock_wat/dgamesmwheel_81196367_15806a827017.wat","SUPPORTED",68822,68822,0,100.00,"",""
"benchmarks/xblock_wat/dgamesmwheel_81198110_63c2a3c9311d.wat","SUPPORTED",68890,68890,0,100.00,"",""
"benchmarks/xblock_wat/dgamesmwheel_83430682_58ae550d9c10.wat","SUPPORTED",64350,64350,0,100.00,"",""
"benchmarks/xblock_wat/dgamesracing_76218369_2751b0ae7299.wat","SUPPORTED",41650,41650,0,100.00,"",""
"benchmarks/xblock_wat/dgatepokerco_53468213_ef25540bd283.wat","SUPPORTED",16630,16630,0,100.00,"",""
"benchmarks/xblock_wat/dgatepokergc_37514650_4db0084a8d46.wat","SUPPORTED",67676,67676,0,100.00,"",""
"benchmarks/xblock_wat/dgatepokergc_37523497_2eb08e161050.wat","SUPPORTED",67676,67676,0,100.00,"",""
"benchmarks/xblock_wat/dgatepokergc_37549752_e244be2e1807.wat","SUPPORTED",67570,67570,0,100.00,"",""
"benchmarks/xblock_wat/dgatepokergc_37710348_915d691329e2.wat","SUPPORTED",69104,69104,0,100.00,"",""
"benchmarks/xblock_wat/dgatepokergc_37842197_2b4148f9013e.wat","SUPPORTED",69085,69085,0,100.00,"",""
"benchmarks/xblock_wat/dgatepokergc_38058955_61060c1336e7.wat","SUPPORTED",70919,70919,0,100.00,"",""
"benchmarks/xblock_wat/dgatepokergc_40276688_09feb68773cf.wat","SUPPORTED",76924,76924,0,100.00,"",""
"benchmarks/xblock_wat/dgatepokergc_42530652_ea817d4bfee7.wat","SUPPORTED",80051,80051,0,100.00,"",""
"benchmarks/xblock_wat/dgatepokergc_48409374_57e498e39b2e.wat","SUPPORTED",133849,133849,0,100.00,"",""
"benchmarks/xblock_wat/dgatepokergc_48779404_c039f6fba863.wat","SUPPORTED",133928,133928,0,100.00,"",""
"benchmarks/xblock_wat/dgatepokergc_49099855_4509e1b0a358.wat","SUPPORTED",136583,136583,0,100.00,"",""
"benchmarks/xblock_wat/dgatepokergc_49100961_b4c373dbb62b.wat","SUPPORTED",136679,136679,0,100.00,"",""
"benchmarks/xblock_wat/dgatepokergc_49403870_b85ecafa27aa.wat","SUPPORTED",136813,136813,0,100.00,"",""
"benchmarks/xblock_wat/dgatepokergc_49490867_5eee4748d716.wat","SUPPORTED",136837,136837,0,100.00,"",""
"benchmarks/xblock_wat/dgatepokergc_49653731_1b5b4df03841.wat","SUPPORTED",137503,137503,0,100.00,"",""
"benchmarks/xblock_wat/dgatepokergc_49954316_0ffa40c4ed8c.wat","SUPPORTED",138188,138188,0,100.00,"",""
"benchmarks/xblock_wat/dgatepokergc_50094146_86c0e939dbd1.wat","SUPPORTED",138589,138589,0,100.00,"",""
"benchmarks/xblock_wat/dgatepokergc_50487903_e6d2d5fbe467.wat","SUPPORTED",138596,138596,0,100.00,"",""
"benchmarks/xblock_wat/dgatepokergc_50787564_6dcfb1b62cb8.wat","SUPPORTED",138596,138596,0,100.00,"",""
"benchmarks/xblock_wat/dgatepokergc_51201471_2b3b3960b994.wat","SUPPORTED",139674,139674,0,100.00,"",""
"benchmarks/xblock_wat/dgatepokergc_51203172_0344cd677505.wat","SUPPORTED",139671,139671,0,100.00,"",""
"benchmarks/xblock_wat/dgatepokergc_51204414_a39eb6e9b12b.wat","SUPPORTED",139739,139739,0,100.00,"",""
"benchmarks/xblock_wat/dgatepokergc_51989956_7df25865afa5.wat","SUPPORTED",140273,140273,0,100.00,"",""
"benchmarks/xblock_wat/dgatepokergc_51994777_88530f2494cc.wat","SUPPORTED",140292,140292,0,100.00,"",""
"benchmarks/xblock_wat/dgatepokergc_52043323_db59fea48210.wat","SUPPORTED",140601,140601,0,100.00,"",""
"benchmarks/xblock_wat/dgatepokergc_53107533_f4c960a3157e.wat","SUPPORTED",140601,140601,0,100.00,"",""
"benchmarks/xblock_wat/dgatepokergc_53119694_d43a024e8b1a.wat","SUPPORTED",140819,140819,0,100.00,"",""
"benchmarks/xblock_wat/dgatepokergc_53469941_6d6ed24413a3.wat","SUPPORTED",141278,141278,0,100.00,"",""
"benchmarks/xblock_wat/dgatepokergc_53638841_888356269a7c.wat","SUPPORTED",143379,143379,0,100.00,"",""
"benchmarks/xblock_wat/dgatepokerpr_40275337_ac398e62e9bb.wat","SUPPORTED",27008,27008,0,100.00,"",""
"benchmarks/xblock_wat/dgatepokerpr_40279472_8f8730405a5c.wat","SUPPORTED",27008,27008,0,100.00,"",""
"benchmarks/xblock_wat/dgatepokerpr_42683076_5b1022362ef5.wat","SUPPORTED",29326,29326,0,100.00,"",""
"benchmarks/xblock_wat/dgatepokerpr_49089763_108d37bbcaa8.wat","SUPPORTED",29447,29447,0,100.00,"",""
"benchmarks/xblock_wat/dgatepokerpr_49096113_1669279dd1a9.wat","SUPPORTED",29449,29449,0,100.00,"",""
"benchmarks/xblock_wat/dgatepokerpr_49629962_63709f1d3272.wat","SUPPORTED",29449,29449,0,100.00,"",""
"benchmarks/xblock_wat/dgatepokerpr_49659339_a63a9b9208e1.wat","SUPPORTED",29812,29812,0,100.00,"",""
"benchmarks/xblock_wat/dgatepokerpr_53467360_e5d9efdd306c.wat","SUPPORTED",31574,31574,0,100.00,"",""
"benchmarks/xblock_wat/dgatepokersp_53465470_d6b3a9268405.wat","SUPPORTED",30451,30451,0,100.00,"",""
"benchmarks/xblock_wat/dgpokereosio_47747516_08751b6c31c8.wat","SUPPORTED",31525,31525,0,100.00,"",""
"benchmarks/xblock_wat/dgpokereosio_47884232_ae0e45f1769c.wat","SUPPORTED",31525,31525,0,100.00,"",""
"benchmarks/xblock_wat/dgpokereosio_48033532_b3e2348d6802.wat","SUPPORTED",31717,31717,0,100.00,"",""
"benchmarks/xblock_wat/dgpokereosio_48036153_5454956e32ca.wat","SUPPORTED",31815,31815,0,100.00,"",""
"benchmarks/xblock_wat/dgpokereosio_53050242_2c0d74352911.wat","SUPPORTED",31870,31870,0,100.00,"",""
"benchmarks/xblock_wat/dhboneplay11_31717551_5d30bbe66e68.wat","SUPPORTED",28711,28711,0,100.00,"",""
"benchmarks/xblock_wat/dhboneplay11_32158659_74aa2fe1af42.wat","SUPPORTED",28749,28749,0,100.00,"",""
"benchmarks/xblock_wat/dhboneplay11_32530826_e42721a37bd0.wat","SUPPORTED",29369,29369,0,100.00,"",""
"benchmarks/xblock_wat/dhboneplay11_34976605_bc5c4ecd0abf.wat","SUPPORTED",38369,38369,0,100.00,"",""
"benchmarks/xblock_wat/dhboneplay11_35291048_0d1a12529813.wat","SUPPORTED",38369,38369,0,100.00,"",""
"benchmarks/xblock_wat/dhboneplay11_36190491_a0246979cc5f.wat","SUPPORTED",38434,38434,0,100.00,"",""
"benchmarks/xblock_wat/dhboneplay11_36659981_ca843215bfc7.wat","SUPPORTED",39096,39096,0,100.00,"",""
"benchmarks/xblock_wat/dhboneplay11_36829798_ff47cf3b1f55.wat","SUPPORTED",39810,39810,0,100.00,"",""
"benchmarks/xblock_wat/dhboneplay11_36838398_3a2131d6756a.wat","SUPPORTED",40209,40209,0,100.00,"",""
"benchmarks/xblock_wat/dhboneplay11_37308365_23bde82267d3.wat","SUPPORTED",40209,40209,0,100.00,"",""
"benchmarks/xblock_wat/dhboneplay11_37512068_ea323a2d8b9b.wat","SUPPORTED",40666,40666,0,100.00,"",""
"benchmarks/xblock_wat/dhboneplay11_39110156_b1aad6ea0f5a.wat","SUPPORTED",41172,41172,0,100.00,"",""
"benchmarks/xblock_wat/dhbonetokens_31715236_511fbbdfb141.wat","SUPPORTED",8126,8126,0,100.00,"",""
"benchmarks/xblock_wat/dice.bg_74815320_e48b16b58bdf.wat","SUPPORTED",63191,63191,0,100.00,"",""
"benchmarks/xblock_wat/dice.bg_74951771_943755570a0c.wat","SUPPORTED",56129,56129,0,100.00,"",""
"benchmarks/xblock_wat/dice.bg_76502092_aa716b57a6a3.wat","SUPPORTED",56129,56129,0,100.00,"",""
"benchmarks/xblock_wat/dice.bg_79860535_53eb7efcbf15.wat","SUPPORTED",56129,56129,0,100.00,"",""
"benchmarks/xblock_wat/dice.bg_84951153_4173ecc282f6.wat","SUPPORTED",56129,56129,0,100.00,"",""
"benchmarks/xblock_wat/dice.bg_87091550_04150deeba25.wat","SUPPORTED",57673,57673,0,100.00,"",""
"benchmarks/xblock_wat/dice.bg_87098751_1e5b74319659.wat","SUPPORTED",57744,57744,0,100.00,"",""
"benchmarks/xblock_wat/dice.bg_88281499_9c2ad714b605.wat","SUPPORTED",56372,56372,0,100.00,"",""
"benchmarks/xblock_wat/dice.bg_89949266_cca3250d8573.wat","SUPPORTED",56372,56372,0,100.00,"",""
"benchmarks/xblock_wat/dice3.e_37560016_fc4be842a098.wat","SUPPORTED",15498,15498,0,100.00,"",""
"benchmarks/xblock_wat/dicecenter11_31508993_16e68a5aea6e.wat","SUPPORTED",12363,12363,0,100.00,"",""
"benchmarks/xblock_wat/dicecenter11_31645645_66c15f910ced.wat","SUPPORTED",12372,12372,0,100.00,"",""
"benchmarks/xblock_wat/dicecenter11_32588784_b653aaffe6bb.wat","SUPPORTED",11724,11724,0,100.00,"",""
"benchmarks/xblock_wat/diceeostoken_21712469_d4b6215f7bbf.wat","SUPPORTED",10709,10709,0,100.00,"",""
"benchmarks/xblock_wat/diceeostoken_22894696_f7bf6a7a95a5.wat","SUPPORTED",10709,10709,0,100.00,"",""
"benchmarks/xblock_wat/dicegamefair_35653043_cb6a4a437fda.wat","SUPPORTED",19866,19866,0,100.00,"",""
"benchmarks/xblock_wat/dicegamesnet_74619065_f06adab2a29e.wat","SUPPORTED",1911,1911,0,100.00,"",""
"benchmarks/xblock_wat/diceitforfun_22564981_e48d76456a0e.wat","SUPPORTED",25797,25797,0,100.00,"",""
"benchmarks/xblock_wat/diceitforfun_32606908_19e8a9f06806.wat","SUPPORTED",1153,1153,0,100.00,"",""
"benchmarks/xblock_wat/dicekingcoin_29117648_f1caa80aebec.wat","SUPPORTED",16891,16891,0,100.00,"",""
"benchmarks/xblock_wat/dicekingcoin_29463758_cff0a84acf76.wat","SUPPORTED",18916,18916,0,100.00,"",""
"benchmarks/xblock_wat/dicekingcoin_29474405_c8827d9a6ee8.wat","SUPPORTED",17651,17651,0,100.00,"",""
"benchmarks/xblock_wat/dicekingcoin_30095250_cfcb883ad728.wat","SUPPORTED",19202,19202,0,100.00,"",""
"benchmarks/xblock_wat/dicekingcoin_30292892_2f8195877f42.wat","SUPPORTED",19322,19322,0,100.00,"",""
"benchmarks/xblock_wat/dicekingcoin_30293394_edd9f9a657ba.wat","SUPPORTED",19322,19322,0,100.00,"",""
"benchmarks/xblock_wat/dicekingcoin_30428927_9c0c123d673b.wat","SUPPORTED",19322,19322,0,100.00,"",""
"benchmarks/xblock_wat/dicekingcoin_30440925_31f2c4b9ee0e.wat","SUPPORTED",19310,19310,0,100.00,"",""
"benchmarks/xblock_wat/dicekingcoin_30445921_c0311d4a1283.wat","SUPPORTED",19564,19564,0,100.00,"",""
"benchmarks/xblock_wat/dicekingcoin_30448647_006b0a891af1.wat","SUPPORTED",19748,19748,0,100.00,"",""
"benchmarks/xblock_wat/dicekingcoin_30449530_b4f25962fd56.wat","SUPPORTED",19992,19992,0,100.00,"",""
"benchmarks/xblock_wat/dicekingcoin_31471443_6fe3575ac572.wat","SUPPORTED",15740,15740,0,100.00,"",""
"benchmarks/xblock_wat/dicekingcoin_31472082_e05a1ee85792.wat","SUPPORTED",16762,16762,0,100.00,"",""
"benchmarks/xblock_wat/dicekingcoin_31472438_3c49809188ef.wat","SUPPORTED",19359,19359,0,100.00,"",""
"benchmarks/xblock_wat/dicekingcoin_31473083_3e43177acad7.wat","SUPPORTED",19612,19612,0,100.00,"",""
"benchmarks/xblock_wat/dicekingcoin_31487003_fac20aa4f70d.wat","SUPPORTED",19714,19714,0,100.00,"",""
"benchmarks/xblock_wat/dicekingcoin_31488271_002403de9c5c.wat","SUPPORTED",19746,19746,0,100.00,"",""
"benchmarks/xblock_wat/dicekingcoin_31498994_d21f2561b6c5.wat","SUPPORTED",19746,19746,0,100.00,"",""
"benchmarks/xblock_wat/dicekingcoin_31690787_5bac82cadb8a.wat","SUPPORTED",20620,20620,0,100.00,"",""
"benchmarks/xblock_wat/dicekingcoin_31848051_24e5fd5d3ba0.wat","SUPPORTED",21018,21018,0,100.00,"",""
"benchmarks/xblock_wat/dicekingfomo_29119194_2cb0d3f95ee8.wat","SUPPORTED",25240,25240,0,100.00,"",""
"benchmarks/xblock_wat/dicekingfomo_29243977_19848a6cfd1e.wat","SUPPORTED",26013,26013,0,100.00,"",""
"benchmarks/xblock_wat/dicekingfomo_29247145_12f2ce3b7644.wat","SUPPORTED",26013,26013,0,100.00,"",""
"benchmarks/xblock_wat/dicekingfomo_29438618_30a6256a0053.wat","SUPPORTED",26129,26129,0,100.00,"",""
"benchmarks/xblock_wat/dicekingfomo_31850368_17bbef2f5d56.wat","SUPPORTED",25974,25974,0,100.00,"",""
"benchmarks/xblock_wat/dicekinggame_24815639_fbc9145e5093.wat","SUPPORTED",30727,30727,0,100.00,"",""
"benchmarks/xblock_wat/dicekingplay_29118191_468bd2e22aa6.wat","SUPPORTED",41141,41141,0,100.00,"",""
"benchmarks/xblock_wat/dicekingplay_29232441_16070e32dee9.wat","SUPPORTED",41164,41164,0,100.00,"",""
"benchmarks/xblock_wat/dicekingplay_29244100_758cc79aba56.wat","SUPPORTED",41164,41164,0,100.00,"",""
"benchmarks/xblock_wat/dicekingplay_29263754_169ad4a6f66a.wat","SUPPORTED",41999,41999,0,100.00,"",""
"benchmarks/xblock_wat/dicekingplay_29270560_1d80ef2da89b.wat","SUPPORTED",42080,42080,0,100.00,"",""
"benchmarks/xblock_wat/dicekingplay_29294476_04cfbe38e3d8.wat","SUPPORTED",42424,42424,0,100.00,"",""
"benchmarks/xblock_wat/dicekingplay_29410529_4afc54fdc84a.wat","SUPPORTED",42424,42424,0,100.00,"",""
"benchmarks/xblock_wat/dicekingplay_29425488_0ed0fc060433.wat","SUPPORTED",43402,43402,0,100.00,"",""
"benchmarks/xblock_wat/dicekingplay_29748889_5ad8996341e9.wat","SUPPORTED",44110,44110,0,100.00,"",""
"benchmarks/xblock_wat/dicekingplay_29753241_a2114cae6cd6.wat","SUPPORTED",44181,44181,0,100.00,"",""
"benchmarks/xblock_wat/dicekingplay_30090812_37cdee440356.wat","SUPPORTED",44261,44261,0,100.00,"",""
"benchmarks/xblock_wat/dicekingplay_30107006_e66f8449ecd4.wat","SUPPORTED",44261,44261,0,100.00,"",""
"benchmarks/xblock_wat/dicekingplay_30428267_63cffb636c9d.wat","SUPPORTED",49471,49471,0,100.00,"",""
"benchmarks/xblock_wat/dicekingplay_30521200_a5dc78d216a5.wat","SUPPORTED",49555,49555,0,100.00,"",""
"benchmarks/xblock_wat/dicekingplay_30595611_390f0814a9ef.wat","SUPPORTED",49588,49588,0,100.00,"",""
"benchmarks/xblock_wat/dicekingplay_30612190_e0ccc6bece23.wat","SUPPORTED",49887,49887,0,100.00,"",""
"benchmarks/xblock_wat/dicekingplay_30643074_b58668c87d68.wat","SUPPORTED",49548,49548,0,100.00,"",""
"benchmarks/xblock_wat/dicekingplay_30650371_d6c1ffe7ecfa.wat","SUPPORTED",49931,49931,0,100.00,"",""
"benchmarks/xblock_wat/dicekingplay_31676462_886bca992180.wat","SUPPORTED",50432,50432,0,100.00,"",""
"benchmarks/xblock_wat/dicekingplay_31677463_17d233b3ab4a.wat","SUPPORTED",50617,50617,0,100.00,"",""
"benchmarks/xblock_wat/dicekingplay_31678526_0531c0402746.wat","SUPPORTED",50771,50771,0,100.00,"",""
"benchmarks/xblock_wat/dicekingsapp_40331828_50d8963f7d2a.wat","SUPPORTED",49289,49289,0,100.00,"",""
"benchmarks/xblock_wat/dicekingsapp_40457906_793fa7092bc5.wat","SUPPORTED",49302,49302,0,100.00,"",""
"benchmarks/xblock_wat/dicekingsapp_40471687_417da0ab2e08.wat","SUPPORTED",49306,49306,0,100.00,"",""
"benchmarks/xblock_wat/dicekingsapp_40475380_883f47f41fe5.wat","SUPPORTED",49306,49306,0,100.00,"",""
"benchmarks/xblock_wat/dicekingsapp_40481922_61e89bdc5700.wat","SUPPORTED",49306,49306,0,100.00,"",""
"benchmarks/xblock_wat/dicekingsapp_40482801_9dc36c9f466f.wat","SUPPORTED",49306,49306,0,100.00,"",""
"benchmarks/xblock_wat/dicekingsapp_40486968_59d80c24cfb4.wat","SUPPORTED",49930,49930,0,100.00,"",""
"benchmarks/xblock_wat/dicekingsapp_40932261_d440642e1090.wat","SUPPORTED",48350,48350,0,100.00,"",""
"benchmarks/xblock_wat/dicekingsapp_40952281_e3afc2436dea.wat","SUPPORTED",48425,48425,0,100.00,"",""
"benchmarks/xblock_wat/dicekingsapp_42348371_608bdc7546d9.wat","SUPPORTED",48517,48517,0,100.00,"",""
"benchmarks/xblock_wat/dicekingsapp_42711938_b8706d64975d.wat","SUPPORTED",48517,48517,0,100.00,"",""
"benchmarks/xblock_wat/dicekingsapp_42881757_a0fe53482831.wat","SUPPORTED",48513,48513,0,100.00,"",""
"benchmarks/xblock_wat/dicekingsapp_42890191_8362fd0eccbd.wat","SUPPORTED",48517,48517,0,100.00,"",""
"benchmarks/xblock_wat/dicekingsapp_43098892_464b8c8eef08.wat","SUPPORTED",48513,48513,0,100.00,"",""
"benchmarks/xblock_wat/dicekingsapp_43344938_4f316b445245.wat","ERROR",0,0,0,0.00,"","COVERAGE_ERROR=wat2wasm failed: benchmarks/xblock_wat/dicekingsapp_43344938_4f316b445245.wat:25803:5: error: unexpected token i32.cons, expected ).
    i32.cons
    ^^^^^^^^"
